Ticket_ID,Date,Department,Issue_Type,Device_Type,Priority,Technician,Response_Time,Resolution_Time,Status,Reopened,Customer_Satisfaction,Number_of_Interactions
T0001,2025-01-01 00:00:00,Mechanical,Security,Laptop,High,Tech_D,94.0,306,Resolved,No,1.0,10
T0002,2025-01-01 08:00:00,Admin,Software,Server,High,Tech_D,33.0,200,Resolved,No,3.0,7
T0003,2025-01-01 16:00:00,ENTC,Printer,Printer,Medium,Tech_E,106.0,176,Resolved,No,4.0,4
T0004,2025-01-02 00:00:00,Admin,Login,Desktop,High,Tech_D,103.0,186,Resolved,No,1.0,1
T0005,2025-01-02 08:00:00,Admin,Login,Laptop,Low,Tech_A,105.0,115,Resolved,No,5.0,1
T0006,2025-01-02 16:00:00,IT,Printer,Printer,Low,Tech_E,114.0,125,Resolved,No,2.0,4
T0007,2025-01-03 00:00:00,ENTC,Printer,Printer,Low,Tech_A,48.0,123,Escalated,No,1.0,5
T0008,2025-01-03 08:00:00,ENTC,Printer,Printer,Low,Tech_D,113.0,177,Resolved,No,1.0,5
T0009,2025-01-03 16:00:00,ENTC,Hardware,Desktop,Medium,Tech_E,49.0,131,Resolved,No,4.0,1
T0010,2025-01-04 00:00:00,Admin,Login,Server,Medium,Tech_E,33.0,110,Pending,No,2.0,3
T0011,2025-01-04 08:00:00,Mechanical,Security,Server,High,Tech_E,117.0,274,Resolved,No,2.0,6
T0012,2025-01-04 16:00:00,ENTC,Login,Laptop,Low,Tech_D,92.0,194,Resolved,No,4.0,10
T0013,2025-01-05 00:00:00,Accounts,Hardware,Laptop,Low,Tech_D,63.0,187,Resolved,No,3.0,7
T0014,2025-01-05 08:00:00,Admin,Printer,Printer,Low,Tech_D,19.0,47,Escalated,No,1.0,1
T0015,2025-01-05 16:00:00,IT,Software,Desktop,Low,Tech_B,74.0,180,Resolved,No,4.0,8
T0016,2025-01-06 00:00:00,Mechanical,Printer,Printer,Low,Tech_B,100.0,140,Resolved,No,3.0,4
T0017,2025-01-06 08:00:00,Accounts,Printer,Printer,Low,Tech_C,48.0,128,Resolved,No,4.0,9
T0018,2025-01-06 16:00:00,Accounts,Hardware,Laptop,High,Tech_E,102.0,251,Pending,No,5.0,6
T0019,2025-01-07 00:00:00,IT,Login,Server,Medium,Tech_D,40.0,124,Resolved,No,3.0,1
T0020,2025-01-07 08:00:00,Mechanical,Printer,Printer,Low,Tech_E,88.0,136,Resolved,Yes,3.0,2
T0021,2025-01-07 16:00:00,Admin,Login,Desktop,Medium,Tech_A,61.0,135,Resolved,No,2.0,3
T0022,2025-01-08 00:00:00,CSE,Network,Server,High,Tech_A,68.0,184,Resolved,No,1.0,2
T0023,2025-01-08 08:00:00,Mechanical,Security,Desktop,High,Tech_D,80.0,292,Pending,No,4.0,10
T0024,2025-01-08 16:00:00,IT,Login,Server,High,Tech_B,103.0,259,Resolved,No,4.0,7
T0025,2025-01-09 00:00:00,Accounts,Software,Server,High,Tech_C,117.0,192,Resolved,No,1.0,1
T0026,2025-01-09 08:00:00,Admin,Security,Server,High,Tech_B,42.0,253,Pending,No,1.0,9
T0027,2025-01-09 16:00:00,Mechanical,Software,Laptop,Low,Tech_E,21.0,88,Escalated,No,2.0,2
T0028,2025-01-10 00:00:00,CSE,Printer,Printer,Low,Tech_B,31.0,86,Resolved,No,1.0,4
T0029,2025-01-10 08:00:00,CSE,Security,Laptop,Medium,Tech_D,21.0,194,Resolved,No,5.0,8
T0030,2025-01-10 16:00:00,ENTC,Login,Laptop,Low,Tech_B,67.0,129,Resolved,No,2.0,3
T0031,2025-01-11 00:00:00,ENTC,Security,Laptop,Medium,Tech_A,15.0,191,Escalated,No,3.0,9
T0032,2025-01-11 08:00:00,IT,Printer,Printer,Medium,Tech_D,68.0,172,Pending,No,1.0,7
T0033,2025-01-11 16:00:00,Mechanical,Hardware,Desktop,High,Tech_D,43.0,233,Resolved,No,3.0,10
T0034,2025-01-12 00:00:00,Mechanical,Software,Laptop,Medium,Tech_D,6.0,113,Escalated,No,2.0,3
T0035,2025-01-12 08:00:00,Accounts,Printer,Printer,Low,Tech_B,119.0,153,Pending,No,5.0,3
T0036,2025-01-12 16:00:00,Accounts,Hardware,Desktop,High,Tech_A,70.0,217,Escalated,No,5.0,5
T0037,2025-01-13 00:00:00,Accounts,Security,Server,High,Tech_B,58.0,250,Resolved,Yes,1.0,5
T0038,2025-01-13 08:00:00,ENTC,Security,Server,High,Tech_E,33.0,255,Pending,No,5.0,10
T0039,2025-01-13 16:00:00,Mechanical,Printer,Printer,Low,Tech_C,49.0,121,Pending,No,4.0,5
T0040,2025-01-14 00:00:00,Mechanical,Login,Laptop,Medium,Tech_C,92.0,207,Resolved,No,2.0,9
T0041,2025-01-14 08:00:00,CSE,Security,Server,High,Tech_C,92.0,283,Escalated,No,5.0,9
T0042,2025-01-14 16:00:00,ENTC,Login,Server,Medium,Tech_E,84.0,179,Resolved,No,2.0,6
T0043,2025-01-15 00:00:00,Admin,Login,Server,Medium,Tech_E,35.0,156,Resolved,No,2.0,7
T0044,2025-01-15 08:00:00,ENTC,Login,Desktop,Medium,Tech_E,53.0,214,Pending,No,4.0,10
T0045,2025-01-15 16:00:00,Admin,Network,Laptop,Medium,Tech_A,111.0,226,Resolved,No,1.0,8
T0046,2025-01-16 00:00:00,CSE,Hardware,Laptop,Low,Tech_D,13.0,136,Pending,No,2.0,9
T0047,2025-01-16 08:00:00,IT,Hardware,Desktop,Medium,Tech_E,31.0,184,Resolved,No,4.0,6
T0048,2025-01-16 16:00:00,Mechanical,Security,Server,Medium,Tech_C,60.0,236,Resolved,Yes,5.0,8
T0049,2025-01-17 00:00:00,CSE,Security,Laptop,High,Tech_C,109.0,257,Resolved,No,3.0,2
T0050,2025-01-17 08:00:00,Mechanical,Login,Server,Medium,Tech_B,82.0,231,Resolved,No,,10
T0051,2025-01-17 16:00:00,Accounts,Network,Router,Medium,Tech_D,49.0,195,Resolved,No,3.0,8
T0052,2025-01-18 00:00:00,IT,Login,Desktop,High,Tech_E,93.0,202,Resolved,No,4.0,2
T0053,2025-01-18 08:00:00,IT,Network,Server,High,Tech_D,47.0,200,Resolved,No,2.0,8
T0054,2025-01-18 16:00:00,CSE,Login,Desktop,High,Tech_E,112.0,186,Resolved,No,4.0,2
T0055,2025-01-19 00:00:00,IT,Software,Laptop,Medium,Tech_C,26.0,120,Pending,No,1.0,3
T0056,2025-01-19 08:00:00,Admin,Software,Desktop,Low,Tech_D,103.0,181,Resolved,No,1.0,7
T0057,2025-01-19 16:00:00,IT,Printer,Printer,Medium,Tech_D,37.0,159,Resolved,No,5.0,9
T0058,2025-01-20 00:00:00,Mechanical,Login,Desktop,High,Tech_E,31.0,160,Resolved,No,4.0,3
T0059,2025-01-20 08:00:00,Mechanical,Security,Server,High,Tech_E,44.0,246,Resolved,Yes,1.0,5
T0060,2025-01-20 16:00:00,Mechanical,Hardware,Laptop,Medium,Tech_D,30.0,231,Pending,Yes,4.0,9
T0061,2025-01-21 00:00:00,Mechanical,Printer,Printer,Low,Tech_E,87.0,159,Resolved,No,5.0,7
T0062,2025-01-21 08:00:00,Admin,Security,Laptop,Low,Tech_D,49.0,160,Resolved,Yes,5.0,2
T0063,2025-01-21 16:00:00,ENTC,Software,Laptop,Medium,Tech_B,107.0,214,Resolved,No,4.0,5
T0064,2025-01-22 00:00:00,Accounts,Login,Server,Low,Tech_D,49.0,131,Resolved,Yes,1.0,5
T0065,2025-01-22 08:00:00,CSE,Printer,Printer,Low,Tech_A,30.0,137,Resolved,No,2.0,9
T0066,2025-01-22 16:00:00,Mechanical,Login,Desktop,Medium,Tech_D,74.0,128,Pending,No,2.0,2
T0067,2025-01-23 00:00:00,IT,Software,Desktop,Medium,Tech_B,71.0,153,Resolved,No,5.0,1
T0068,2025-01-23 08:00:00,Mechanical,Printer,Printer,Low,Tech_B,10.0,107,Resolved,No,1.0,4
T0069,2025-01-23 16:00:00,IT,Software,Laptop,High,Tech_C,32.0,168,Resolved,No,5.0,4
T0070,2025-01-24 00:00:00,Accounts,Network,Router,High,Tech_C,71.0,183,Escalated,No,5.0,1
T0071,2025-01-24 08:00:00,Accounts,Software,Laptop,Medium,Tech_A,17.0,172,Escalated,No,5.0,10
T0072,2025-01-24 16:00:00,Accounts,Login,Server,Medium,Tech_E,67.0,202,Resolved,Yes,5.0,7
T0073,2025-01-25 00:00:00,IT,Hardware,Desktop,High,Tech_E,17.0,157,Resolved,No,4.0,2
T0074,2025-01-25 08:00:00,Mechanical,Software,Desktop,Low,Tech_B,81.0,171,Resolved,No,4.0,9
T0075,2025-01-25 16:00:00,Accounts,Security,Server,High,Tech_B,5.0,215,Resolved,No,1.0,7
T0076,2025-01-26 00:00:00,Admin,Hardware,Desktop,Low,Tech_C,44.0,149,Resolved,No,1.0,7
T0077,2025-01-26 08:00:00,IT,Network,Laptop,Medium,Tech_B,41.0,116,Pending,No,3.0,1
T0078,2025-01-26 16:00:00,IT,Printer,Printer,Low,Tech_D,35.0,143,Escalated,No,2.0,9
T0079,2025-01-27 00:00:00,Mechanical,Printer,Printer,Medium,Tech_D,120.0,231,Escalated,No,4.0,10
T0080,2025-01-27 08:00:00,IT,Hardware,Desktop,Low,Tech_A,21.0,194,Resolved,Yes,1.0,9
T0081,2025-01-27 16:00:00,IT,Printer,Printer,Low,Tech_D,13.0,57,Escalated,No,5.0,2
T0082,2025-01-28 00:00:00,Accounts,Software,Server,Medium,Tech_A,113.0,258,Resolved,No,4.0,10
T0083,2025-01-28 08:00:00,Mechanical,Hardware,Laptop,Medium,Tech_C,68.0,212,Resolved,No,2.0,9
T0084,2025-01-28 16:00:00,Accounts,Login,Server,Medium,Tech_D,61.0,127,Resolved,No,4.0,2
T0085,2025-01-29 00:00:00,Accounts,Software,Desktop,Medium,Tech_A,17.0,88,Resolved,No,2.0,2
T0086,2025-01-29 08:00:00,Mechanical,Software,Desktop,Medium,Tech_E,41.0,185,Escalated,No,3.0,8
T0087,2025-01-29 16:00:00,CSE,Software,Server,Low,Tech_A,18.0,82,Resolved,No,1.0,3
T0088,2025-01-30 00:00:00,Accounts,Login,Server,Low,Tech_D,79.0,120,Resolved,No,2.0,3
T0089,2025-01-30 08:00:00,Admin,Network,Laptop,Medium,Tech_A,29.0,162,Resolved,No,3.0,7
T0090,2025-01-30 16:00:00,Admin,Security,Server,High,Tech_C,99.0,303,Escalated,No,4.0,10
T0091,2025-01-31 00:00:00,IT,Printer,Printer,Low,Tech_B,82.0,155,Escalated,No,1.0,6
T0092,2025-01-31 08:00:00,Admin,Hardware,Laptop,Low,Tech_E,61.0,180,Resolved,No,2.0,7
T0093,2025-01-31 16:00:00,IT,Network,Server,Medium,Tech_C,75.0,188,Resolved,No,2.0,6
T0094,2025-02-01 00:00:00,CSE,Hardware,Laptop,Medium,Tech_E,92.0,265,Escalated,Yes,1.0,9
T0095,2025-02-01 08:00:00,Mechanical,Printer,Printer,Low,Tech_E,117.0,103,Resolved,No,4.0,2
T0096,2025-02-01 16:00:00,Mechanical,Login,Desktop,Medium,Tech_A,104.0,210,Escalated,No,4.0,8
T0097,2025-02-02 00:00:00,Mechanical,Software,Laptop,Low,Tech_B,46.0,151,Pending,No,5.0,6
T0098,2025-02-02 08:00:00,Admin,Software,Server,Low,Tech_A,46.0,121,Resolved,No,4.0,4
T0099,2025-02-02 16:00:00,CSE,Login,Server,High,Tech_A,51.0,179,Pending,No,1.0,6
T0100,2025-02-03 00:00:00,Admin,Network,Router,Medium,Tech_D,,219,Resolved,No,3.0,6
T0101,2025-02-03 08:00:00,Admin,Network,Laptop,Medium,Tech_A,48.0,224,Pending,Yes,1.0,10
T0102,2025-02-03 16:00:00,CSE,Hardware,Laptop,Medium,Tech_B,45.0,164,Resolved,No,2.0,3
T0103,2025-02-04 00:00:00,CSE,Login,Laptop,Medium,Tech_C,7.0,154,Escalated,No,5.0,8
T0104,2025-02-04 08:00:00,CSE,Network,Router,High,Tech_A,115.0,237,Escalated,No,5.0,5
T0105,2025-02-04 16:00:00,CSE,Login,Laptop,Medium,Tech_B,112.0,239,Resolved,No,3.0,10
T0106,2025-02-05 00:00:00,Mechanical,Printer,Printer,Low,Tech_A,94.0,153,Resolved,Yes,2.0,4
T0107,2025-02-05 08:00:00,ENTC,Software,Server,Medium,Tech_E,115.0,167,Resolved,No,4.0,2
T0108,2025-02-05 16:00:00,ENTC,Software,Server,Medium,Tech_A,94.0,223,Pending,No,4.0,10
T0109,2025-02-06 00:00:00,CSE,Software,Laptop,Medium,Tech_D,5.0,74,Pending,No,4.0,1
T0110,2025-02-06 08:00:00,ENTC,Login,Laptop,Medium,Tech_E,83.0,195,Escalated,No,1.0,7
T0111,2025-02-06 16:00:00,ENTC,Login,Server,High,Tech_B,15.0,217,Resolved,No,4.0,10
T0112,2025-02-07 00:00:00,CSE,Hardware,Laptop,Medium,Tech_A,105.0,195,Resolved,No,2.0,3
T0113,2025-02-07 08:00:00,ENTC,Software,Laptop,Low,Tech_E,11.0,68,Resolved,No,5.0,3
T0114,2025-02-07 16:00:00,Admin,Hardware,Laptop,Low,Tech_E,16.0,106,Resolved,No,1.0,3
T0115,2025-02-08 00:00:00,IT,Software,Server,Medium,Tech_C,120.0,253,Resolved,No,4.0,10
T0116,2025-02-08 08:00:00,IT,Hardware,Desktop,Low,Tech_E,42.0,121,Escalated,No,2.0,3
T0117,2025-02-08 16:00:00,CSE,Hardware,Laptop,Medium,Tech_B,58.0,174,Resolved,No,3.0,2
T0118,2025-02-09 00:00:00,Mechanical,Printer,Printer,Low,Tech_A,71.0,145,Pending,No,2.0,6
T0119,2025-02-09 08:00:00,CSE,Hardware,Desktop,Medium,Tech_E,110.0,269,Resolved,No,5.0,10
T0120,2025-02-09 16:00:00,Mechanical,Login,Server,High,Tech_B,57.0,143,Resolved,No,2.0,3
T0121,2025-02-10 00:00:00,IT,Hardware,Desktop,Medium,Tech_C,94.0,158,Resolved,No,2.0,1
T0122,2025-02-10 08:00:00,CSE,Software,Laptop,Medium,Tech_A,98.0,240,Resolved,No,1.0,10
T0123,2025-02-10 16:00:00,Accounts,Hardware,Laptop,Low,Tech_D,36.0,201,Escalated,Yes,5.0,9
T0124,2025-02-11 00:00:00,Admin,Network,Router,Medium,Tech_E,104.0,207,Resolved,No,4.0,6
T0125,2025-02-11 08:00:00,ENTC,Security,Desktop,Medium,Tech_E,49.0,201,Resolved,No,5.0,6
T0126,2025-02-11 16:00:00,Mechanical,Software,Desktop,Medium,Tech_C,55.0,212,Pending,No,3.0,10
T0127,2025-02-12 00:00:00,Accounts,Network,Router,Medium,Tech_B,41.0,186,Escalated,No,5.0,9
T0128,2025-02-12 08:00:00,ENTC,Software,Server,Medium,Tech_C,63.0,128,Resolved,No,1.0,2
T0129,2025-02-12 16:00:00,ENTC,Login,Desktop,High,Tech_B,58.0,230,Resolved,No,4.0,10
T0130,2025-02-13 00:00:00,CSE,Security,Laptop,Low,Tech_A,22.0,183,Resolved,No,5.0,9
T0131,2025-02-13 08:00:00,ENTC,Security,Server,High,Tech_E,5.0,164,Resolved,No,4.0,3
T0132,2025-02-13 16:00:00,Admin,Login,Server,Medium,Tech_D,25.0,121,Resolved,No,1.0,3
T0133,2025-02-14 00:00:00,Accounts,Security,Desktop,High,Tech_C,32.0,185,Escalated,No,2.0,3
T0134,2025-02-14 08:00:00,ENTC,Login,Desktop,Medium,Tech_D,116.0,154,Resolved,No,3.0,1
T0135,2025-02-14 16:00:00,CSE,Network,Server,Medium,Tech_D,20.0,238,Resolved,Yes,5.0,10
T0136,2025-02-15 00:00:00,Admin,Printer,Printer,Medium,Tech_E,52.0,147,Resolved,No,4.0,7
T0137,2025-02-15 08:00:00,IT,Software,Server,Medium,Tech_E,32.0,193,Pending,No,5.0,10
T0138,2025-02-15 16:00:00,Accounts,Login,Desktop,Medium,Tech_D,26.0,126,Resolved,No,1.0,7
T0139,2025-02-16 00:00:00,ENTC,Software,Server,Low,Tech_A,87.0,136,Resolved,No,2.0,2
T0140,2025-02-16 08:00:00,CSE,Network,Laptop,Medium,Tech_D,116.0,253,Resolved,No,1.0,6
T0141,2025-02-16 16:00:00,IT,Printer,Printer,Medium,Tech_B,5.0,112,Resolved,No,4.0,4
T0142,2025-02-17 00:00:00,IT,Network,Laptop,High,Tech_B,99.0,268,Resolved,No,5.0,7
T0143,2025-02-17 08:00:00,Mechanical,Security,Server,High,Tech_B,120.0,292,Resolved,No,4.0,7
T0144,2025-02-17 16:00:00,Admin,Software,Laptop,Medium,Tech_B,120.0,207,Resolved,No,1.0,4
T0145,2025-02-18 00:00:00,ENTC,Printer,Printer,Low,Tech_C,46.0,99,Resolved,No,5.0,3
T0146,2025-02-18 08:00:00,CSE,Security,Laptop,High,Tech_A,102.0,304,Resolved,No,4.0,7
T0147,2025-02-18 16:00:00,Mechanical,Printer,Printer,Low,Tech_C,114.0,188,Escalated,No,5.0,9
T0148,2025-02-19 00:00:00,Admin,Security,Desktop,High,Tech_C,108.0,271,Resolved,No,3.0,4
T0149,2025-02-19 08:00:00,Mechanical,Network,Router,Medium,Tech_B,74.0,195,Pending,No,1.0,6
T0150,2025-02-19 16:00:00,Accounts,Login,Server,Medium,Tech_A,96.0,189,Resolved,No,1.0,7
T0151,2025-02-20 00:00:00,Admin,Software,Laptop,Medium,Tech_A,7.0,187,Pending,Yes,3.0,10
T0152,2025-02-20 08:00:00,Admin,Hardware,Laptop,Medium,Tech_D,99.0,172,Resolved,No,2.0,3
T0153,2025-02-20 16:00:00,ENTC,Hardware,Desktop,Medium,Tech_C,84.0,159,Resolved,No,4.0,5
T0154,2025-02-21 00:00:00,Admin,Network,Router,Medium,Tech_A,85.0,138,Pending,No,2.0,1
T0155,2025-02-21 08:00:00,Mechanical,Software,Desktop,High,Tech_E,48.0,190,Pending,No,5.0,6
T0156,2025-02-21 16:00:00,Admin,Software,Desktop,Medium,Tech_C,31.0,164,Escalated,Yes,4.0,5
T0157,2025-02-22 00:00:00,ENTC,Network,Router,Medium,Tech_A,55.0,169,Pending,No,4.0,7
T0158,2025-02-22 08:00:00,ENTC,Software,Desktop,Medium,Tech_E,28.0,168,Resolved,No,4.0,9
T0159,2025-02-22 16:00:00,Accounts,Login,Laptop,Medium,Tech_E,24.0,122,Resolved,No,3.0,4
T0160,2025-02-23 00:00:00,Mechanical,Network,Laptop,Low,Tech_E,36.0,156,Resolved,No,1.0,9
T0161,2025-02-23 08:00:00,IT,Login,Server,Medium,Tech_B,103.0,183,Resolved,No,3.0,6
T0162,2025-02-23 16:00:00,IT,Software,Laptop,Medium,Tech_D,17.0,119,Pending,No,3.0,5
T0163,2025-02-24 00:00:00,Admin,Network,Laptop,Medium,Tech_D,116.0,201,Resolved,No,3.0,2
T0164,2025-02-24 08:00:00,Accounts,Software,Desktop,Medium,Tech_A,47.0,94,Escalated,No,2.0,1
T0165,2025-02-24 16:00:00,CSE,Network,Router,Low,Tech_A,24.0,159,Resolved,No,3.0,8
T0166,2025-02-25 00:00:00,Admin,Software,Desktop,Medium,Tech_D,116.0,227,Resolved,No,1.0,6
T0167,2025-02-25 08:00:00,Accounts,Login,Server,Low,Tech_E,120.0,189,Resolved,No,4.0,7
T0168,2025-02-25 16:00:00,Mechanical,Login,Laptop,Medium,Tech_A,6.0,154,Resolved,Yes,2.0,6
T0169,2025-02-26 00:00:00,Mechanical,Software,Server,Medium,Tech_B,72.0,205,Pending,No,3.0,10
T0170,2025-02-26 08:00:00,Mechanical,Network,Laptop,High,Tech_B,95.0,252,Escalated,No,3.0,7
T0171,2025-02-26 16:00:00,Mechanical,Hardware,Desktop,Medium,Tech_D,64.0,246,Resolved,No,4.0,9
T0172,2025-02-27 00:00:00,Mechanical,Login,Laptop,Medium,Tech_A,93.0,195,Pending,No,4.0,5
T0173,2025-02-27 08:00:00,Accounts,Login,Server,Medium,Tech_A,8.0,74,Resolved,No,2.0,1
T0174,2025-02-27 16:00:00,Accounts,Security,Desktop,High,Tech_E,100.0,208,Escalated,No,1.0,1
T0175,2025-02-28 00:00:00,ENTC,Hardware,Desktop,Low,Tech_A,21.0,158,Resolved,No,2.0,9
T0176,2025-02-28 08:00:00,IT,Software,Server,Medium,Tech_D,5.0,122,Resolved,No,4.0,5
T0177,2025-02-28 16:00:00,Mechanical,Network,Router,High,Tech_A,37.0,169,Resolved,No,1.0,2
T0178,2025-03-01 00:00:00,CSE,Security,Server,High,Tech_A,34.0,191,Resolved,No,3.0,3
T0179,2025-03-01 08:00:00,Accounts,Software,Desktop,Medium,Tech_B,9.0,132,Resolved,Yes,3.0,1
T0180,2025-03-01 16:00:00,CSE,Printer,Printer,Medium,Tech_D,16.0,151,Resolved,Yes,5.0,6
T0181,2025-03-02 00:00:00,CSE,Login,Laptop,Medium,Tech_C,,193,Resolved,No,4.0,6
T0182,2025-03-02 08:00:00,CSE,Printer,Printer,Medium,Tech_D,36.0,120,Resolved,No,5.0,3
T0183,2025-03-02 16:00:00,ENTC,Login,Desktop,Medium,Tech_D,42.0,132,Resolved,No,2.0,3
T0184,2025-03-03 00:00:00,Accounts,Login,Desktop,Medium,Tech_C,21.0,135,Resolved,No,2.0,7
T0185,2025-03-03 08:00:00,CSE,Printer,Printer,Low,Tech_C,62.0,79,Pending,No,1.0,1
T0186,2025-03-03 16:00:00,Mechanical,Printer,Printer,Medium,Tech_B,113.0,170,Resolved,No,4.0,5
T0187,2025-03-04 00:00:00,Admin,Software,Desktop,High,Tech_E,44.0,162,Resolved,No,1.0,3
T0188,2025-03-04 08:00:00,CSE,Security,Server,Medium,Tech_D,100.0,240,Resolved,No,1.0,5
T0189,2025-03-04 16:00:00,ENTC,Security,Desktop,High,Tech_D,28.0,205,Resolved,No,2.0,4
T0190,2025-03-05 00:00:00,Accounts,Printer,Printer,Low,Tech_D,16.0,114,Resolved,No,2.0,6
T0191,2025-03-05 08:00:00,ENTC,Software,Laptop,Low,Tech_D,115.0,204,Resolved,No,4.0,9
T0192,2025-03-05 16:00:00,CSE,Security,Server,High,Tech_B,99.0,255,Resolved,Yes,2.0,2
T0193,2025-03-06 00:00:00,Accounts,Software,Server,Medium,Tech_D,23.0,154,Resolved,No,4.0,10
T0194,2025-03-06 08:00:00,Admin,Software,Desktop,Medium,Tech_C,33.0,179,Resolved,No,5.0,8
T0195,2025-03-06 16:00:00,CSE,Login,Server,Medium,Tech_C,89.0,166,Escalated,No,3.0,2
T0196,2025-03-07 00:00:00,ENTC,Security,Server,High,Tech_A,94.0,259,Escalated,Yes,5.0,4
T0197,2025-03-07 08:00:00,IT,Security,Desktop,High,Tech_B,56.0,283,Resolved,No,2.0,9
T0198,2025-03-07 16:00:00,Mechanical,Login,Desktop,Medium,Tech_A,96.0,170,Resolved,No,3.0,4
T0199,2025-03-08 00:00:00,ENTC,Printer,Printer,Low,Tech_D,21.0,101,Escalated,No,3.0,7
T0200,2025-03-08 08:00:00,Accounts,Login,Laptop,High,Tech_B,77.0,199,Escalated,No,1.0,5
T0201,2025-03-08 16:00:00,CSE,Security,Laptop,High,Tech_B,25.0,184,Pending,No,3.0,2
T0202,2025-03-09 00:00:00,Mechanical,Security,Desktop,High,Tech_E,,300,Resolved,No,4.0,8
T0203,2025-03-09 08:00:00,CSE,Printer,Printer,Low,Tech_E,64.0,166,Resolved,No,2.0,10
T0204,2025-03-09 16:00:00,Accounts,Login,Laptop,Medium,Tech_A,102.0,239,Resolved,No,2.0,10
T0205,2025-03-10 00:00:00,CSE,Network,Router,High,Tech_A,79.0,200,Pending,No,1.0,2
T0206,2025-03-10 08:00:00,IT,Network,Server,Medium,Tech_C,24.0,148,Pending,Yes,1.0,3
T0207,2025-03-10 16:00:00,Mechanical,Printer,Printer,Medium,Tech_C,117.0,233,Resolved,No,2.0,10
T0208,2025-03-11 00:00:00,Mechanical,Login,Laptop,High,Tech_C,57.0,199,Resolved,No,1.0,7
T0209,2025-03-11 08:00:00,Accounts,Login,Server,High,Tech_B,118.0,239,Resolved,No,3.0,5
T0210,2025-03-11 16:00:00,IT,Software,Desktop,Medium,Tech_D,115.0,227,Pending,No,3.0,10
T0211,2025-03-12 00:00:00,ENTC,Security,Server,Medium,Tech_A,107.0,228,Resolved,Yes,4.0,3
T0212,2025-03-12 08:00:00,CSE,Hardware,Desktop,Medium,Tech_C,84.0,169,Resolved,No,1.0,2
T0213,2025-03-12 16:00:00,Admin,Printer,Printer,Medium,Tech_B,67.0,155,Resolved,No,2.0,6
T0214,2025-03-13 00:00:00,CSE,Hardware,Desktop,Medium,Tech_E,61.0,229,Resolved,No,5.0,10
T0215,2025-03-13 08:00:00,CSE,Hardware,Laptop,Medium,Tech_D,33.0,126,Resolved,No,2.0,1
T0216,2025-03-13 16:00:00,ENTC,Printer,Printer,Low,Tech_E,5.0,141,Pending,No,5.0,8
T0217,2025-03-14 00:00:00,CSE,Login,Laptop,Medium,Tech_E,86.0,165,Resolved,No,5.0,5
T0218,2025-03-14 08:00:00,IT,Printer,Printer,Low,Tech_D,63.0,127,Resolved,No,4.0,5
T0219,2025-03-14 16:00:00,IT,Hardware,Laptop,Medium,Tech_B,68.0,148,Resolved,No,5.0,2
T0220,2025-03-15 00:00:00,Mechanical,Security,Laptop,High,Tech_E,90.0,319,Resolved,Yes,3.0,7
T0221,2025-03-15 08:00:00,Accounts,Security,Server,Low,Tech_B,76.0,202,Resolved,No,3.0,5
T0222,2025-03-15 16:00:00,Admin,Security,Laptop,High,Tech_E,75.0,249,Resolved,No,4.0,8
T0223,2025-03-16 00:00:00,CSE,Login,Desktop,Medium,Tech_C,93.0,178,Pending,No,2.0,5
T0224,2025-03-16 08:00:00,CSE,Network,Router,Medium,Tech_D,98.0,260,Pending,Yes,2.0,9
T0225,2025-03-16 16:00:00,ENTC,Printer,Printer,Low,Tech_A,102.0,152,Resolved,No,2.0,5
T0226,2025-03-17 00:00:00,Accounts,Security,Server,High,Tech_D,48.0,197,Resolved,No,2.0,3
T0227,2025-03-17 08:00:00,IT,Printer,Printer,Low,Tech_E,52.0,101,Resolved,No,3.0,2
T0228,2025-03-17 16:00:00,Admin,Security,Desktop,High,Tech_E,109.0,288,Pending,No,3.0,5
T0229,2025-03-18 00:00:00,Mechanical,Login,Desktop,Medium,Tech_C,120.0,255,Pending,No,4.0,10
T0230,2025-03-18 08:00:00,IT,Network,Router,Medium,Tech_C,79.0,240,Resolved,No,4.0,10
T0231,2025-03-18 16:00:00,Accounts,Network,Laptop,Low,Tech_D,19.0,110,Resolved,No,4.0,5
T0232,2025-03-19 00:00:00,Mechanical,Security,Server,High,Tech_A,39.0,235,Resolved,No,2.0,6
T0233,2025-03-19 08:00:00,ENTC,Login,Laptop,Medium,Tech_D,27.0,115,Resolved,No,2.0,2
T0234,2025-03-19 16:00:00,ENTC,Software,Server,Medium,Tech_A,57.0,152,Resolved,No,3.0,5
T0235,2025-03-20 00:00:00,CSE,Printer,Printer,Low,Tech_B,49.0,78,Resolved,No,,1
T0236,2025-03-20 08:00:00,Accounts,Printer,Printer,High,Tech_E,89.0,170,Resolved,No,1.0,3
T0237,2025-03-20 16:00:00,Admin,Hardware,Laptop,Medium,Tech_B,96.0,173,Resolved,No,1.0,3
T0238,2025-03-21 00:00:00,Mechanical,Login,Desktop,Medium,Tech_D,17.0,100,Pending,No,2.0,3
T0239,2025-03-21 08:00:00,IT,Hardware,Desktop,Medium,Tech_A,38.0,133,Resolved,No,3.0,3
T0240,2025-03-21 16:00:00,Accounts,Security,Server,High,Tech_A,42.0,253,Escalated,No,2.0,8
T0241,2025-03-22 00:00:00,Accounts,Hardware,Laptop,Medium,Tech_B,74.0,153,Resolved,No,5.0,1
T0242,2025-03-22 08:00:00,ENTC,Network,Laptop,Medium,Tech_C,112.0,249,Resolved,Yes,1.0,6
T0243,2025-03-22 16:00:00,CSE,Printer,Printer,Low,Tech_C,72.0,128,Resolved,No,4.0,6
T0244,2025-03-23 00:00:00,CSE,Hardware,Laptop,Medium,Tech_B,9.0,121,Resolved,No,2.0,1
T0245,2025-03-23 08:00:00,Mechanical,Network,Router,Medium,Tech_C,44.0,153,Resolved,Yes,5.0,1
T0246,2025-03-23 16:00:00,ENTC,Login,Server,Medium,Tech_A,74.0,152,Resolved,No,4.0,3
T0247,2025-03-24 00:00:00,Accounts,Hardware,Desktop,Medium,Tech_D,25.0,192,Resolved,No,5.0,8
T0248,2025-03-24 08:00:00,Admin,Security,Server,High,Tech_C,32.0,222,Pending,No,3.0,6
T0249,2025-03-24 16:00:00,ENTC,Security,Desktop,High,Tech_A,7.0,169,Resolved,No,3.0,4
T0250,2025-03-25 00:00:00,Mechanical,Security,Server,High,Tech_D,27.0,213,Resolved,No,3.0,5
T0251,2025-03-25 08:00:00,Mechanical,Printer,Printer,Low,Tech_A,76.0,198,Escalated,Yes,4.0,10
T0252,2025-03-25 16:00:00,ENTC,Hardware,Desktop,Medium,Tech_E,23.0,137,Pending,No,4.0,3
T0253,2025-03-26 00:00:00,Mechanical,Login,Server,Medium,Tech_D,79.0,169,Resolved,No,3.0,6
T0254,2025-03-26 08:00:00,ENTC,Hardware,Desktop,Medium,Tech_E,54.0,204,Resolved,No,4.0,6
T0255,2025-03-26 16:00:00,IT,Printer,Printer,Low,Tech_C,78.0,156,Resolved,No,3.0,6
T0256,2025-03-27 00:00:00,ENTC,Network,Router,Medium,Tech_C,62.0,245,Resolved,Yes,,9
T0257,2025-03-27 08:00:00,ENTC,Printer,Printer,Low,Tech_A,96.0,188,Resolved,No,3.0,10
T0258,2025-03-27 16:00:00,Mechanical,Security,Server,High,Tech_B,24.0,234,Resolved,No,1.0,8
T0259,2025-03-28 00:00:00,Mechanical,Network,Server,Low,Tech_A,112.0,220,Pending,Yes,2.0,6
T0260,2025-03-28 08:00:00,CSE,Security,Desktop,High,Tech_E,120.0,249,Resolved,No,3.0,2
T0261,2025-03-28 16:00:00,CSE,Software,Desktop,Low,Tech_D,96.0,130,Resolved,No,1.0,4
T0262,2025-03-29 00:00:00,IT,Printer,Printer,Low,Tech_B,97.0,185,Resolved,No,3.0,6
T0263,2025-03-29 08:00:00,CSE,Printer,Printer,Low,Tech_A,76.0,173,Resolved,No,2.0,9
T0264,2025-03-29 16:00:00,ENTC,Login,Laptop,Medium,Tech_E,87.0,154,Resolved,No,3.0,2
T0265,2025-03-30 00:00:00,Mechanical,Hardware,Laptop,High,Tech_E,57.0,206,Resolved,No,4.0,6
T0266,2025-03-30 08:00:00,CSE,Network,Router,High,Tech_C,116.0,310,Resolved,No,3.0,10
T0267,2025-03-30 16:00:00,CSE,Network,Router,Low,Tech_A,89.0,228,Escalated,No,2.0,10
T0268,2025-03-31 00:00:00,IT,Login,Server,Medium,Tech_A,86.0,230,Resolved,No,5.0,10
T0269,2025-03-31 08:00:00,Accounts,Login,Desktop,Medium,Tech_E,13.0,141,Resolved,No,3.0,7
T0270,2025-03-31 16:00:00,IT,Hardware,Laptop,Medium,Tech_A,8.0,196,Escalated,No,4.0,8
T0271,2025-04-01 00:00:00,ENTC,Security,Laptop,High,Tech_C,45.0,267,Escalated,No,2.0,9
T0272,2025-04-01 08:00:00,Mechanical,Hardware,Laptop,Medium,Tech_B,29.0,140,Resolved,No,,5
T0273,2025-04-01 16:00:00,IT,Printer,Printer,Low,Tech_E,38.0,147,Escalated,No,5.0,9
T0274,2025-04-02 00:00:00,CSE,Security,Server,High,Tech_C,77.0,286,Resolved,No,3.0,9
T0275,2025-04-02 08:00:00,Mechanical,Software,Desktop,Low,Tech_C,13.0,144,Resolved,Yes,2.0,7
T0276,2025-04-02 16:00:00,Mechanical,Hardware,Laptop,Medium,Tech_D,86.0,179,Resolved,No,4.0,2
T0277,2025-04-03 00:00:00,CSE,Login,Server,Medium,Tech_B,79.0,239,Resolved,Yes,4.0,8
T0278,2025-04-03 08:00:00,IT,Security,Server,High,Tech_C,17.0,195,Resolved,No,2.0,5
T0279,2025-04-03 16:00:00,CSE,Hardware,Desktop,Medium,Tech_D,106.0,237,Resolved,No,4.0,8
T0280,2025-04-04 00:00:00,Accounts,Network,Router,Medium,Tech_D,13.0,95,Pending,No,5.0,2
T0281,2025-04-04 08:00:00,Mechanical,Software,Laptop,High,Tech_A,84.0,209,Resolved,No,1.0,7
T0282,2025-04-04 16:00:00,Admin,Printer,Printer,Low,Tech_C,8.0,82,Resolved,No,4.0,5
T0283,2025-04-05 00:00:00,Admin,Network,Server,Medium,Tech_E,38.0,161,Resolved,Yes,4.0,4
T0284,2025-04-05 08:00:00,ENTC,Network,Router,Medium,Tech_A,11.0,176,Escalated,No,1.0,10
T0285,2025-04-05 16:00:00,CSE,Software,Laptop,Medium,Tech_B,19.0,131,Pending,No,5.0,6
T0286,2025-04-06 00:00:00,CSE,Printer,Printer,Low,Tech_E,42.0,99,Resolved,No,5.0,5
T0287,2025-04-06 08:00:00,ENTC,Login,Server,Medium,Tech_E,79.0,197,Pending,Yes,5.0,6
T0288,2025-04-06 16:00:00,ENTC,Security,Server,High,Tech_D,100.0,302,Pending,No,4.0,9
T0289,2025-04-07 00:00:00,ENTC,Printer,Printer,Low,Tech_C,95.0,109,Escalated,No,4.0,1
T0290,2025-04-07 08:00:00,Mechanical,Hardware,Laptop,High,Tech_D,98.0,205,Resolved,No,5.0,1
T0291,2025-04-07 16:00:00,Accounts,Network,Router,Medium,Tech_D,56.0,201,Resolved,No,4.0,6
T0292,2025-04-08 00:00:00,CSE,Hardware,Desktop,Low,Tech_C,85.0,160,Resolved,No,3.0,2
T0293,2025-04-08 08:00:00,Mechanical,Login,Laptop,Low,Tech_C,104.0,193,Escalated,No,4.0,8
T0294,2025-04-08 16:00:00,ENTC,Hardware,Laptop,Low,Tech_C,87.0,196,Escalated,No,5.0,7
T0295,2025-04-09 00:00:00,CSE,Printer,Printer,Medium,Tech_D,11.0,114,Pending,No,2.0,6
T0296,2025-04-09 08:00:00,Mechanical,Hardware,Laptop,Medium,Tech_C,111.0,204,Resolved,No,5.0,4
T0297,2025-04-09 16:00:00,Accounts,Login,Laptop,High,Tech_C,49.0,214,Resolved,No,2.0,9
T0298,2025-04-10 00:00:00,Mechanical,Login,Desktop,Medium,Tech_E,63.0,177,Resolved,No,4.0,7
T0299,2025-04-10 08:00:00,Accounts,Login,Desktop,High,Tech_D,25.0,181,Resolved,No,4.0,7
T0300,2025-04-10 16:00:00,ENTC,Printer,Printer,Low,Tech_C,32.0,90,Resolved,No,2.0,5
T0301,2025-04-11 00:00:00,Accounts,Login,Server,High,Tech_D,7.0,121,Resolved,No,5.0,1
T0302,2025-04-11 08:00:00,CSE,Network,Laptop,Medium,Tech_B,18.0,105,Escalated,No,1.0,2
T0303,2025-04-11 16:00:00,ENTC,Login,Laptop,Medium,Tech_A,6.0,165,Resolved,No,1.0,8
T0304,2025-04-12 00:00:00,CSE,Hardware,Desktop,Medium,Tech_E,33.0,175,Escalated,No,5.0,5
T0305,2025-04-12 08:00:00,Admin,Security,Server,High,Tech_E,22.0,155,Resolved,No,4.0,2
T0306,2025-04-12 16:00:00,IT,Hardware,Laptop,Medium,Tech_D,41.0,188,Resolved,Yes,2.0,5
T0307,2025-04-13 00:00:00,Accounts,Security,Server,Medium,Tech_C,49.0,258,Resolved,Yes,,8
T0308,2025-04-13 08:00:00,IT,Hardware,Desktop,Low,Tech_D,49.0,146,Escalated,No,5.0,4
T0309,2025-04-13 16:00:00,IT,Printer,Printer,Low,Tech_A,28.0,84,Pending,No,5.0,3
T0310,2025-04-14 00:00:00,Accounts,Hardware,Laptop,Medium,Tech_E,50.0,145,Resolved,No,3.0,5
T0311,2025-04-14 08:00:00,ENTC,Printer,Printer,Low,Tech_E,16.0,132,Resolved,Yes,2.0,7
T0312,2025-04-14 16:00:00,Admin,Printer,Printer,Low,Tech_A,57.0,98,Resolved,No,3.0,2
T0313,2025-04-15 00:00:00,CSE,Login,Server,Medium,Tech_D,49.0,86,Resolved,No,4.0,1
T0314,2025-04-15 08:00:00,Mechanical,Network,Server,Medium,Tech_E,36.0,159,Resolved,No,2.0,5
T0315,2025-04-15 16:00:00,CSE,Security,Server,High,Tech_C,22.0,211,Resolved,No,5.0,7
T0316,2025-04-16 00:00:00,Mechanical,Login,Laptop,Low,Tech_D,17.0,128,Resolved,No,5.0,8
T0317,2025-04-16 08:00:00,CSE,Login,Desktop,Low,Tech_C,8.0,120,Resolved,No,4.0,8
T0318,2025-04-16 16:00:00,Accounts,Printer,Printer,Low,Tech_B,27.0,142,Escalated,No,1.0,10
T0319,2025-04-17 00:00:00,Admin,Printer,Printer,Medium,Tech_A,66.0,200,Resolved,No,3.0,9
T0320,2025-04-17 08:00:00,Mechanical,Security,Server,High,Tech_E,,196,Pending,No,5.0,1
T0321,2025-04-17 16:00:00,ENTC,Hardware,Laptop,Medium,Tech_A,78.0,244,Resolved,No,2.0,7
T0322,2025-04-18 00:00:00,CSE,Hardware,Desktop,Medium,Tech_A,59.0,246,Resolved,No,2.0,10
T0323,2025-04-18 08:00:00,CSE,Login,Laptop,High,Tech_C,73.0,215,Resolved,No,2.0,8
T0324,2025-04-18 16:00:00,Mechanical,Software,Laptop,Medium,Tech_E,118.0,227,Resolved,No,4.0,6
T0325,2025-04-19 00:00:00,ENTC,Software,Server,Low,Tech_B,44.0,184,Escalated,Yes,1.0,10
T0326,2025-04-19 08:00:00,ENTC,Hardware,Laptop,Low,Tech_A,18.0,100,Escalated,No,3.0,4
T0327,2025-04-19 16:00:00,Accounts,Software,Server,Medium,Tech_C,102.0,192,Pending,No,2.0,7
T0328,2025-04-20 00:00:00,Accounts,Hardware,Laptop,Medium,Tech_C,32.0,137,Resolved,No,2.0,3
T0329,2025-04-20 08:00:00,Accounts,Printer,Printer,Low,Tech_E,76.0,147,Pending,Yes,5.0,2
T0330,2025-04-20 16:00:00,Accounts,Login,Server,Medium,Tech_D,84.0,209,Resolved,Yes,1.0,6
T0331,2025-04-21 00:00:00,Accounts,Network,Server,High,Tech_D,99.0,213,Resolved,No,5.0,2
T0332,2025-04-21 08:00:00,Accounts,Login,Laptop,Medium,Tech_B,75.0,162,Resolved,Yes,4.0,6
T0333,2025-04-21 16:00:00,Admin,Hardware,Desktop,Low,Tech_C,71.0,231,Resolved,Yes,4.0,10
T0334,2025-04-22 00:00:00,ENTC,Hardware,Desktop,Low,Tech_D,33.0,104,Resolved,No,3.0,3
T0335,2025-04-22 08:00:00,Accounts,Login,Desktop,Low,Tech_A,104.0,142,Resolved,Yes,4.0,2
T0336,2025-04-22 16:00:00,ENTC,Security,Laptop,High,Tech_B,65.0,246,Resolved,No,3.0,8
T0337,2025-04-23 00:00:00,ENTC,Hardware,Laptop,High,Tech_A,107.0,242,Resolved,No,5.0,4
T0338,2025-04-23 08:00:00,IT,Software,Laptop,High,Tech_D,72.0,203,Resolved,No,2.0,4
T0339,2025-04-23 16:00:00,Admin,Software,Desktop,High,Tech_C,13.0,167,Resolved,No,2.0,7
T0340,2025-04-24 00:00:00,Accounts,Hardware,Desktop,Medium,Tech_D,21.0,185,Resolved,No,1.0,8
T0341,2025-04-24 08:00:00,CSE,Hardware,Desktop,Medium,Tech_B,53.0,221,Resolved,No,4.0,9
T0342,2025-04-24 16:00:00,Mechanical,Security,Server,High,Tech_B,67.0,284,Pending,No,1.0,10
T0343,2025-04-25 00:00:00,CSE,Software,Laptop,Medium,Tech_A,88.0,198,Resolved,No,1.0,8
T0344,2025-04-25 08:00:00,Admin,Hardware,Desktop,High,Tech_A,82.0,217,Resolved,No,2.0,4
T0345,2025-04-25 16:00:00,Mechanical,Hardware,Laptop,Medium,Tech_B,,149,Pending,No,4.0,2
T0346,2025-04-26 00:00:00,Admin,Security,Laptop,High,Tech_A,97.0,294,Resolved,No,2.0,10
T0347,2025-04-26 08:00:00,ENTC,Security,Server,High,Tech_E,17.0,206,Pending,No,1.0,5
T0348,2025-04-26 16:00:00,Mechanical,Login,Server,Low,Tech_B,104.0,168,Resolved,No,4.0,7
T0349,2025-04-27 00:00:00,ENTC,Security,Laptop,High,Tech_A,49.0,199,Resolved,No,2.0,2
T0350,2025-04-27 08:00:00,CSE,Network,Router,Medium,Tech_D,57.0,170,Resolved,No,3.0,4
T0351,2025-04-27 16:00:00,CSE,Software,Server,Medium,Tech_C,21.0,142,Resolved,No,3.0,6
T0352,2025-04-28 00:00:00,Mechanical,Login,Laptop,Medium,Tech_E,51.0,163,Resolved,No,5.0,8
T0353,2025-04-28 08:00:00,Mechanical,Network,Server,Medium,Tech_E,66.0,200,Resolved,No,5.0,10
T0354,2025-04-28 16:00:00,Accounts,Hardware,Laptop,Medium,Tech_C,54.0,171,Resolved,No,4.0,6
T0355,2025-04-29 00:00:00,Admin,Hardware,Laptop,Medium,Tech_C,47.0,185,Resolved,No,5.0,6
T0356,2025-04-29 08:00:00,Accounts,Login,Laptop,High,Tech_D,72.0,206,Pending,No,4.0,6
T0357,2025-04-29 16:00:00,Admin,Security,Laptop,High,Tech_C,88.0,235,Pending,No,1.0,4
T0358,2025-04-30 00:00:00,Accounts,Hardware,Desktop,Medium,Tech_E,79.0,181,Resolved,No,3.0,3
T0359,2025-04-30 08:00:00,ENTC,Printer,Printer,Low,Tech_D,110.0,103,Resolved,No,4.0,1
T0360,2025-04-30 16:00:00,Mechanical,Login,Desktop,High,Tech_C,90.0,182,Resolved,No,1.0,2
T0361,2025-05-01 00:00:00,CSE,Network,Router,Medium,Tech_D,113.0,169,Resolved,No,3.0,2
T0362,2025-05-01 08:00:00,Admin,Login,Laptop,Medium,Tech_D,76.0,221,Pending,Yes,2.0,10
T0363,2025-05-01 16:00:00,Admin,Software,Desktop,Low,Tech_A,32.0,126,Resolved,No,1.0,7
T0364,2025-05-02 00:00:00,CSE,Security,Laptop,High,Tech_C,49.0,260,Escalated,No,2.0,6
T0365,2025-05-02 08:00:00,Accounts,Security,Server,High,Tech_A,45.0,253,Pending,No,5.0,8
T0366,2025-05-02 16:00:00,Admin,Login,Laptop,Medium,Tech_E,98.0,206,Pending,No,4.0,9
T0367,2025-05-03 00:00:00,ENTC,Hardware,Laptop,Medium,Tech_D,101.0,225,Resolved,No,3.0,5
T0368,2025-05-03 08:00:00,Mechanical,Hardware,Desktop,High,Tech_E,101.0,212,Pending,No,5.0,3
T0369,2025-05-03 16:00:00,CSE,Printer,Printer,Low,Tech_D,115.0,175,Escalated,No,1.0,4
T0370,2025-05-04 00:00:00,Mechanical,Printer,Printer,Medium,Tech_C,40.0,151,Pending,No,5.0,8
T0371,2025-05-04 08:00:00,Admin,Security,Server,Medium,Tech_B,95.0,205,Resolved,No,2.0,3
T0372,2025-05-04 16:00:00,Admin,Printer,Printer,Medium,Tech_C,88.0,194,Resolved,Yes,2.0,2
T0373,2025-05-05 00:00:00,CSE,Network,Server,Medium,Tech_D,37.0,167,Resolved,No,4.0,7
T0374,2025-05-05 08:00:00,ENTC,Printer,Printer,High,Tech_B,29.0,175,Escalated,No,5.0,4
T0375,2025-05-05 16:00:00,IT,Network,Router,Medium,Tech_B,112.0,235,Escalated,No,3.0,8
T0376,2025-05-06 00:00:00,CSE,Printer,Printer,Low,Tech_C,111.0,151,Resolved,Yes,2.0,1
T0377,2025-05-06 08:00:00,IT,Security,Server,Medium,Tech_E,23.0,184,Pending,No,1.0,8
T0378,2025-05-06 16:00:00,Accounts,Security,Laptop,High,Tech_C,51.0,240,Escalated,No,5.0,5
T0379,2025-05-07 00:00:00,IT,Network,Laptop,Medium,Tech_D,89.0,159,Resolved,No,3.0,2
T0380,2025-05-07 08:00:00,ENTC,Login,Desktop,Medium,Tech_E,110.0,179,Resolved,No,3.0,1
T0381,2025-05-07 16:00:00,Accounts,Security,Server,High,Tech_D,37.0,214,Resolved,No,3.0,6
T0382,2025-05-08 00:00:00,IT,Login,Laptop,Medium,Tech_E,71.0,194,Pending,No,3.0,9
T0383,2025-05-08 08:00:00,Accounts,Hardware,Desktop,Low,Tech_A,18.0,172,Resolved,No,2.0,9
T0384,2025-05-08 16:00:00,IT,Network,Router,Medium,Tech_E,83.0,222,Resolved,No,4.0,9
T0385,2025-05-09 00:00:00,ENTC,Security,Server,Low,Tech_A,37.0,147,Resolved,No,5.0,4
T0386,2025-05-09 08:00:00,IT,Software,Server,Medium,Tech_D,46.0,143,Resolved,No,2.0,6
T0387,2025-05-09 16:00:00,IT,Hardware,Desktop,Medium,Tech_C,90.0,249,Resolved,No,4.0,10
T0388,2025-05-10 00:00:00,IT,Login,Laptop,Medium,Tech_D,69.0,175,Resolved,No,3.0,6
T0389,2025-05-10 08:00:00,CSE,Security,Server,High,Tech_C,99.0,280,Resolved,No,1.0,5
T0390,2025-05-10 16:00:00,CSE,Network,Router,Low,Tech_A,51.0,106,Resolved,No,3.0,2
T0391,2025-05-11 00:00:00,CSE,Printer,Printer,Low,Tech_C,39.0,131,Resolved,No,4.0,7
T0392,2025-05-11 08:00:00,ENTC,Software,Desktop,Medium,Tech_D,88.0,160,Resolved,No,4.0,1
T0393,2025-05-11 16:00:00,Accounts,Login,Server,Medium,Tech_D,36.0,147,Resolved,No,1.0,6
T0394,2025-05-12 00:00:00,Admin,Hardware,Desktop,Medium,Tech_D,59.0,192,Resolved,No,2.0,5
T0395,2025-05-12 08:00:00,IT,Network,Router,Medium,Tech_E,58.0,198,Resolved,No,1.0,5
T0396,2025-05-12 16:00:00,IT,Software,Server,Low,Tech_D,80.0,177,Resolved,No,3.0,8
T0397,2025-05-13 00:00:00,ENTC,Network,Server,High,Tech_E,55.0,253,Pending,No,5.0,9
T0398,2025-05-13 08:00:00,IT,Security,Server,High,Tech_B,84.0,272,Resolved,No,2.0,7
T0399,2025-05-13 16:00:00,CSE,Printer,Printer,Low,Tech_A,63.0,183,Resolved,No,5.0,10
T0400,2025-05-14 00:00:00,Admin,Hardware,Desktop,Medium,Tech_B,76.0,252,Escalated,Yes,5.0,8
T0401,2025-05-14 08:00:00,Mechanical,Network,Router,Low,Tech_B,18.0,99,Resolved,No,2.0,2
T0402,2025-05-14 16:00:00,IT,Login,Desktop,High,Tech_E,22.0,147,Resolved,No,3.0,2
T0403,2025-05-15 00:00:00,CSE,Security,Server,High,Tech_E,59.0,255,Resolved,No,,8
T0404,2025-05-15 08:00:00,Mechanical,Security,Server,Medium,Tech_A,98.0,251,Pending,Yes,3.0,6
T0405,2025-05-15 16:00:00,Admin,Hardware,Laptop,Low,Tech_A,101.0,218,Pending,No,4.0,8
T0406,2025-05-16 00:00:00,Mechanical,Security,Laptop,Low,Tech_A,102.0,220,Resolved,No,4.0,9
T0407,2025-05-16 08:00:00,CSE,Login,Desktop,Medium,Tech_D,60.0,198,Resolved,No,2.0,9
T0408,2025-05-16 16:00:00,Accounts,Network,Server,Medium,Tech_D,112.0,227,Resolved,No,2.0,6
T0409,2025-05-17 00:00:00,Accounts,Hardware,Laptop,Low,Tech_A,53.0,175,Resolved,No,1.0,8
T0410,2025-05-17 08:00:00,Mechanical,Security,Server,Medium,Tech_E,102.0,200,Escalated,No,5.0,2
T0411,2025-05-17 16:00:00,ENTC,Security,Server,High,Tech_B,64.0,271,Resolved,No,5.0,8
T0412,2025-05-18 00:00:00,Mechanical,Login,Laptop,Medium,Tech_A,117.0,189,Resolved,No,5.0,3
T0413,2025-05-18 08:00:00,IT,Printer,Printer,Low,Tech_A,57.0,98,Escalated,No,5.0,1
T0414,2025-05-18 16:00:00,IT,Printer,Printer,Low,Tech_B,75.0,164,Resolved,No,1.0,7
T0415,2025-05-19 00:00:00,Accounts,Security,Server,High,Tech_C,10.0,158,Resolved,No,4.0,1
T0416,2025-05-19 08:00:00,ENTC,Network,Router,High,Tech_A,74.0,179,Resolved,No,1.0,1
T0417,2025-05-19 16:00:00,CSE,Hardware,Desktop,High,Tech_A,90.0,207,Resolved,No,2.0,1
T0418,2025-05-20 00:00:00,IT,Security,Desktop,High,Tech_D,12.0,202,Pending,No,3.0,4
T0419,2025-05-20 08:00:00,Accounts,Software,Server,Medium,Tech_B,105.0,188,Resolved,No,4.0,4
T0420,2025-05-20 16:00:00,Admin,Hardware,Desktop,High,Tech_A,19.0,245,Resolved,No,4.0,10
T0421,2025-05-21 00:00:00,Accounts,Printer,Printer,Low,Tech_A,30.0,87,Resolved,No,1.0,6
T0422,2025-05-21 08:00:00,IT,Security,Server,Low,Tech_C,43.0,206,Resolved,No,2.0,10
T0423,2025-05-21 16:00:00,IT,Login,Desktop,Low,Tech_B,7.0,98,Resolved,Yes,2.0,3
T0424,2025-05-22 00:00:00,Accounts,Software,Desktop,Medium,Tech_A,61.0,186,Resolved,No,4.0,10
T0425,2025-05-22 08:00:00,CSE,Security,Server,High,Tech_C,14.0,186,Pending,No,1.0,6
T0426,2025-05-22 16:00:00,Mechanical,Network,Server,Medium,Tech_A,7.0,154,Escalated,No,5.0,7
T0427,2025-05-23 00:00:00,IT,Software,Desktop,Medium,Tech_E,98.0,154,Resolved,No,4.0,1
T0428,2025-05-23 08:00:00,Accounts,Security,Server,High,Tech_C,50.0,266,Resolved,Yes,5.0,6
T0429,2025-05-23 16:00:00,Accounts,Network,Server,Low,Tech_E,26.0,133,Resolved,No,3.0,10
T0430,2025-05-24 00:00:00,ENTC,Software,Laptop,Medium,Tech_A,71.0,145,Resolved,No,2.0,1
T0431,2025-05-24 08:00:00,Mechanical,Network,Server,Low,Tech_C,69.0,183,Pending,No,4.0,7
T0432,2025-05-24 16:00:00,Admin,Network,Laptop,Medium,Tech_B,101.0,229,Pending,No,3.0,10
T0433,2025-05-25 00:00:00,CSE,Software,Desktop,High,Tech_D,23.0,184,Escalated,No,5.0,5
T0434,2025-05-25 08:00:00,Admin,Software,Server,High,Tech_A,104.0,294,Pending,No,4.0,10
T0435,2025-05-25 16:00:00,Mechanical,Network,Laptop,High,Tech_C,66.0,209,Resolved,Yes,3.0,4
T0436,2025-05-26 00:00:00,Mechanical,Printer,Printer,Medium,Tech_E,102.0,147,Resolved,No,4.0,1
T0437,2025-05-26 08:00:00,Mechanical,Software,Desktop,Medium,Tech_C,61.0,224,Pending,Yes,3.0,9
T0438,2025-05-26 16:00:00,Admin,Security,Server,High,Tech_B,99.0,256,Pending,No,3.0,7
T0439,2025-05-27 00:00:00,Mechanical,Hardware,Desktop,Medium,Tech_C,111.0,187,Escalated,No,5.0,2
T0440,2025-05-27 08:00:00,Accounts,Login,Server,Medium,Tech_E,92.0,187,Resolved,No,2.0,4
T0441,2025-05-27 16:00:00,Admin,Network,Router,Medium,Tech_A,80.0,191,Resolved,Yes,1.0,4
T0442,2025-05-28 00:00:00,Mechanical,Network,Server,Medium,Tech_E,17.0,187,Resolved,No,3.0,8
T0443,2025-05-28 08:00:00,Accounts,Login,Desktop,Medium,Tech_E,20.0,127,Resolved,Yes,2.0,2
T0444,2025-05-28 16:00:00,ENTC,Printer,Printer,Low,Tech_E,20.0,86,Resolved,No,1.0,5
T0445,2025-05-29 00:00:00,Mechanical,Login,Server,Medium,Tech_D,119.0,245,Escalated,No,5.0,10
T0446,2025-05-29 08:00:00,Admin,Software,Laptop,Medium,Tech_A,56.0,166,Escalated,No,4.0,8
T0447,2025-05-29 16:00:00,IT,Login,Laptop,Medium,Tech_D,88.0,190,Pending,No,2.0,6
T0448,2025-05-30 00:00:00,Mechanical,Network,Router,High,Tech_C,45.0,182,Resolved,No,4.0,4
T0449,2025-05-30 08:00:00,IT,Login,Desktop,Medium,Tech_A,52.0,144,Resolved,No,4.0,5
T0450,2025-05-30 16:00:00,Accounts,Hardware,Desktop,Medium,Tech_A,95.0,162,Resolved,No,1.0,2
T0451,2025-05-31 00:00:00,ENTC,Security,Laptop,Medium,Tech_C,43.0,181,Resolved,No,2.0,5
T0452,2025-05-31 08:00:00,CSE,Software,Server,High,Tech_C,17.0,147,Resolved,No,3.0,3
T0453,2025-05-31 16:00:00,ENTC,Login,Server,Medium,Tech_E,8.0,82,Pending,No,1.0,3
T0454,2025-06-01 00:00:00,Mechanical,Network,Server,Medium,Tech_A,100.0,231,Resolved,No,2.0,7
T0455,2025-06-01 08:00:00,IT,Security,Desktop,High,Tech_B,113.0,255,Resolved,No,3.0,3
T0456,2025-06-01 16:00:00,IT,Software,Desktop,Medium,Tech_E,108.0,177,Resolved,No,4.0,4
T0457,2025-06-02 00:00:00,Admin,Network,Router,Medium,Tech_A,102.0,218,Escalated,No,5.0,7
T0458,2025-06-02 08:00:00,IT,Printer,Printer,Low,Tech_C,107.0,152,Pending,No,5.0,3
T0459,2025-06-02 16:00:00,Admin,Hardware,Desktop,Medium,Tech_C,47.0,232,Escalated,No,1.0,10
T0460,2025-06-03 00:00:00,Accounts,Printer,Printer,Low,Tech_B,85.0,208,Pending,No,3.0,10
T0461,2025-06-03 08:00:00,CSE,Hardware,Laptop,Medium,Tech_A,92.0,199,Resolved,No,3.0,2
T0462,2025-06-03 16:00:00,Mechanical,Login,Server,Low,Tech_D,97.0,187,Escalated,No,5.0,10
T0463,2025-06-04 00:00:00,Admin,Software,Server,Low,Tech_E,50.0,137,Resolved,No,3.0,7
T0464,2025-06-04 08:00:00,CSE,Login,Server,Medium,Tech_A,96.0,165,Resolved,No,2.0,5
T0465,2025-06-04 16:00:00,IT,Hardware,Laptop,Low,Tech_D,113.0,172,Resolved,No,2.0,1
T0466,2025-06-05 00:00:00,IT,Hardware,Laptop,Low,Tech_C,51.0,191,Pending,No,5.0,10
T0467,2025-06-05 08:00:00,CSE,Hardware,Laptop,Medium,Tech_C,90.0,245,Escalated,No,4.0,8
T0468,2025-06-05 16:00:00,IT,Security,Server,High,Tech_D,96.0,222,Resolved,No,4.0,3
T0469,2025-06-06 00:00:00,Accounts,Network,Router,Medium,Tech_D,57.0,177,Resolved,No,4.0,7
T0470,2025-06-06 08:00:00,Accounts,Software,Laptop,Medium,Tech_B,29.0,136,Pending,No,5.0,6
T0471,2025-06-06 16:00:00,CSE,Login,Desktop,Medium,Tech_A,45.0,204,Resolved,No,1.0,10
T0472,2025-06-07 00:00:00,Admin,Login,Laptop,Medium,Tech_C,7.0,133,Pending,No,3.0,6
T0473,2025-06-07 08:00:00,Admin,Printer,Printer,Medium,Tech_E,81.0,168,Resolved,No,2.0,8
T0474,2025-06-07 16:00:00,CSE,Hardware,Laptop,Low,Tech_C,99.0,170,Resolved,No,2.0,4
T0475,2025-06-08 00:00:00,Admin,Hardware,Desktop,Medium,Tech_A,17.0,150,Resolved,No,1.0,4
T0476,2025-06-08 08:00:00,Admin,Hardware,Laptop,Medium,Tech_D,109.0,212,Resolved,No,3.0,3
T0477,2025-06-08 16:00:00,Accounts,Login,Laptop,Low,Tech_B,22.0,70,Pending,No,4.0,1
T0478,2025-06-09 00:00:00,Admin,Printer,Printer,Medium,Tech_C,41.0,208,Escalated,Yes,2.0,10
T0479,2025-06-09 08:00:00,ENTC,Network,Laptop,Medium,Tech_B,47.0,131,Resolved,No,4.0,3
T0480,2025-06-09 16:00:00,Mechanical,Security,Server,High,Tech_D,38.0,190,Pending,No,4.0,1
T0481,2025-06-10 00:00:00,IT,Software,Desktop,Medium,Tech_A,85.0,173,Resolved,No,5.0,6
T0482,2025-06-10 08:00:00,ENTC,Network,Router,Medium,Tech_C,59.0,177,Resolved,No,5.0,8
T0483,2025-06-10 16:00:00,Admin,Login,Laptop,Medium,Tech_A,56.0,136,Resolved,No,3.0,3
T0484,2025-06-11 00:00:00,Accounts,Security,Desktop,High,Tech_E,89.0,262,Resolved,Yes,2.0,4
T0485,2025-06-11 08:00:00,CSE,Security,Server,High,Tech_A,40.0,224,Resolved,No,5.0,5
T0486,2025-06-11 16:00:00,Admin,Security,Laptop,High,Tech_D,58.0,252,Resolved,No,3.0,7
T0487,2025-06-12 00:00:00,Accounts,Hardware,Laptop,Low,Tech_D,63.0,187,Escalated,No,1.0,6
T0488,2025-06-12 08:00:00,Mechanical,Software,Server,Medium,Tech_E,118.0,181,Resolved,No,4.0,2
T0489,2025-06-12 16:00:00,Admin,Login,Laptop,High,Tech_A,56.0,218,Resolved,No,2.0,7
T0490,2025-06-13 00:00:00,CSE,Login,Desktop,Low,Tech_D,108.0,183,Resolved,No,2.0,8
T0491,2025-06-13 08:00:00,Accounts,Security,Laptop,High,Tech_D,23.0,200,Resolved,Yes,3.0,1
T0492,2025-06-13 16:00:00,Accounts,Login,Desktop,Medium,Tech_D,16.0,128,Resolved,No,5.0,6
T0493,2025-06-14 00:00:00,Accounts,Software,Server,Medium,Tech_D,96.0,242,Resolved,Yes,4.0,9
T0494,2025-06-14 08:00:00,Mechanical,Software,Laptop,Low,Tech_B,15.0,108,Resolved,No,4.0,7
T0495,2025-06-14 16:00:00,Admin,Printer,Printer,Low,Tech_C,52.0,138,Resolved,No,2.0,5
T0496,2025-06-15 00:00:00,Mechanical,Printer,Printer,Low,Tech_B,105.0,204,Resolved,No,2.0,10
T0497,2025-06-15 08:00:00,IT,Network,Router,High,Tech_D,96.0,268,Resolved,No,4.0,10
T0498,2025-06-15 16:00:00,IT,Software,Server,Low,Tech_A,103.0,236,Resolved,Yes,1.0,9
T0499,2025-06-16 00:00:00,Admin,Software,Desktop,High,Tech_B,112.0,227,Resolved,Yes,3.0,2
T0500,2025-06-16 08:00:00,Mechanical,Software,Laptop,Medium,Tech_E,83.0,186,Resolved,No,1.0,7
T0501,2025-06-16 16:00:00,CSE,Printer,Printer,Low,Tech_C,20.0,166,Resolved,No,5.0,9
T0502,2025-06-17 00:00:00,Accounts,Security,Desktop,High,Tech_A,113.0,228,Resolved,No,1.0,2
T0503,2025-06-17 08:00:00,Accounts,Security,Server,High,Tech_B,75.0,334,Resolved,Yes,1.0,10
T0504,2025-06-17 16:00:00,Admin,Login,Desktop,Medium,Tech_C,51.0,148,Resolved,No,5.0,6
T0505,2025-06-18 00:00:00,IT,Security,Server,High,Tech_B,71.0,282,Pending,No,3.0,9
T0506,2025-06-18 08:00:00,IT,Hardware,Laptop,High,Tech_E,35.0,177,Resolved,No,4.0,3
T0507,2025-06-18 16:00:00,Accounts,Printer,Printer,High,Tech_D,80.0,261,Resolved,Yes,1.0,8
T0508,2025-06-19 00:00:00,Admin,Software,Laptop,Medium,Tech_E,12.0,107,Resolved,No,3.0,5
T0509,2025-06-19 08:00:00,Mechanical,Security,Desktop,Medium,Tech_D,93.0,220,Escalated,No,5.0,7
T0510,2025-06-19 16:00:00,IT,Printer,Printer,Medium,Tech_C,65.0,145,Escalated,No,3.0,3
T0511,2025-06-20 00:00:00,Mechanical,Security,Server,High,Tech_B,48.0,227,Resolved,No,1.0,8
T0512,2025-06-20 08:00:00,IT,Network,Laptop,Medium,Tech_B,54.0,124,Resolved,No,4.0,2
T0513,2025-06-20 16:00:00,IT,Software,Laptop,High,Tech_E,39.0,205,Resolved,No,5.0,8
T0514,2025-06-21 00:00:00,ENTC,Network,Router,Low,Tech_A,80.0,117,Resolved,No,5.0,2
T0515,2025-06-21 08:00:00,IT,Software,Desktop,Medium,Tech_C,65.0,168,Resolved,No,1.0,7
T0516,2025-06-21 16:00:00,CSE,Printer,Printer,Low,Tech_D,89.0,115,Resolved,No,3.0,2
T0517,2025-06-22 00:00:00,Admin,Login,Server,Medium,Tech_C,94.0,197,Resolved,Yes,4.0,7
T0518,2025-06-22 08:00:00,Admin,Security,Server,Medium,Tech_E,59.0,141,Resolved,No,5.0,1
T0519,2025-06-22 16:00:00,Mechanical,Security,Laptop,High,Tech_B,70.0,288,Resolved,Yes,1.0,6
T0520,2025-06-23 00:00:00,IT,Hardware,Laptop,High,Tech_D,18.0,240,Escalated,No,1.0,10
T0521,2025-06-23 08:00:00,CSE,Network,Router,Medium,Tech_D,114.0,256,Resolved,No,2.0,7
T0522,2025-06-23 16:00:00,Mechanical,Security,Desktop,High,Tech_D,8.0,189,Resolved,No,2.0,4
T0523,2025-06-24 00:00:00,ENTC,Printer,Printer,Low,Tech_D,21.0,100,Resolved,Yes,3.0,1
T0524,2025-06-24 08:00:00,Mechanical,Login,Laptop,High,Tech_C,115.0,235,Resolved,No,1.0,6
T0525,2025-06-24 16:00:00,Mechanical,Printer,Printer,Medium,Tech_C,116.0,181,Pending,No,3.0,4
T0526,2025-06-25 00:00:00,IT,Network,Router,Medium,Tech_E,73.0,167,Resolved,No,3.0,3
T0527,2025-06-25 08:00:00,ENTC,Hardware,Laptop,Medium,Tech_B,28.0,124,Resolved,No,4.0,4
T0528,2025-06-25 16:00:00,Mechanical,Security,Laptop,High,Tech_B,53.0,240,Resolved,No,2.0,6
T0529,2025-06-26 00:00:00,CSE,Printer,Printer,Low,Tech_C,59.0,117,Resolved,No,3.0,5
T0530,2025-06-26 08:00:00,CSE,Software,Desktop,Medium,Tech_E,75.0,139,Resolved,No,4.0,2
T0531,2025-06-26 16:00:00,Admin,Login,Desktop,Medium,Tech_A,27.0,115,Resolved,No,4.0,2
T0532,2025-06-27 00:00:00,ENTC,Printer,Printer,Low,Tech_D,115.0,155,Resolved,Yes,2.0,3
T0533,2025-06-27 08:00:00,ENTC,Login,Laptop,High,Tech_B,85.0,218,Resolved,No,2.0,6
T0534,2025-06-27 16:00:00,Admin,Security,Laptop,High,Tech_D,16.0,166,Resolved,No,1.0,1
T0535,2025-06-28 00:00:00,Mechanical,Software,Desktop,Low,Tech_B,15.0,113,Resolved,No,3.0,7
T0536,2025-06-28 08:00:00,ENTC,Hardware,Laptop,Medium,Tech_A,119.0,252,Pending,No,4.0,8
T0537,2025-06-28 16:00:00,CSE,Hardware,Laptop,Medium,Tech_B,79.0,213,Resolved,No,1.0,7
T0538,2025-06-29 00:00:00,CSE,Software,Laptop,Medium,Tech_A,102.0,184,Resolved,No,3.0,3
T0539,2025-06-29 08:00:00,IT,Login,Server,Medium,Tech_B,115.0,203,Escalated,No,3.0,6
T0540,2025-06-29 16:00:00,ENTC,Security,Server,Medium,Tech_C,105.0,205,Resolved,No,1.0,4
T0541,2025-06-30 00:00:00,Mechanical,Printer,Printer,Low,Tech_D,118.0,162,Resolved,No,4.0,5
T0542,2025-06-30 08:00:00,Admin,Software,Server,High,Tech_E,33.0,153,Resolved,No,1.0,3
T0543,2025-06-30 16:00:00,Admin,Network,Server,High,Tech_E,66.0,200,Resolved,No,3.0,5
T0544,2025-07-01 00:00:00,Mechanical,Login,Desktop,High,Tech_B,57.0,199,Resolved,No,1.0,6
T0545,2025-07-01 08:00:00,Accounts,Hardware,Laptop,Medium,Tech_E,52.0,203,Resolved,No,1.0,8
T0546,2025-07-01 16:00:00,IT,Software,Desktop,Low,Tech_D,104.0,178,Resolved,No,3.0,6
T0547,2025-07-02 00:00:00,Admin,Hardware,Laptop,High,Tech_C,95.0,266,Resolved,No,2.0,9
T0548,2025-07-02 08:00:00,ENTC,Login,Server,Medium,Tech_C,110.0,264,Resolved,Yes,4.0,10
T0549,2025-07-02 16:00:00,IT,Hardware,Laptop,Medium,Tech_A,90.0,263,Resolved,No,3.0,10
T0550,2025-07-03 00:00:00,ENTC,Software,Server,Medium,Tech_E,70.0,216,Pending,No,2.0,10
T0551,2025-07-03 08:00:00,CSE,Login,Desktop,High,Tech_D,115.0,289,Resolved,No,1.0,10
T0552,2025-07-03 16:00:00,IT,Network,Router,Medium,Tech_E,104.0,220,Resolved,Yes,2.0,4
T0553,2025-07-04 00:00:00,Admin,Software,Server,Low,Tech_D,52.0,94,Resolved,No,3.0,2
T0554,2025-07-04 08:00:00,IT,Printer,Printer,Low,Tech_A,98.0,200,Resolved,No,3.0,9
T0555,2025-07-04 16:00:00,IT,Security,Server,Medium,Tech_E,63.0,162,Resolved,No,1.0,3
T0556,2025-07-05 00:00:00,IT,Software,Laptop,High,Tech_C,75.0,218,Pending,No,3.0,7
T0557,2025-07-05 08:00:00,Accounts,Login,Desktop,Medium,Tech_A,61.0,145,Resolved,No,5.0,4
T0558,2025-07-05 16:00:00,IT,Security,Laptop,High,Tech_E,80.0,217,Resolved,No,2.0,1
T0559,2025-07-06 00:00:00,ENTC,Software,Desktop,High,Tech_C,7.0,198,Resolved,No,5.0,8
T0560,2025-07-06 08:00:00,CSE,Network,Laptop,Medium,Tech_C,85.0,190,Resolved,No,5.0,4
T0561,2025-07-06 16:00:00,Mechanical,Network,Router,Medium,Tech_D,109.0,225,Resolved,No,2.0,6
T0562,2025-07-07 00:00:00,IT,Printer,Printer,Low,Tech_C,36.0,160,Resolved,Yes,3.0,7
T0563,2025-07-07 08:00:00,Admin,Hardware,Laptop,Medium,Tech_B,12.0,183,Resolved,No,2.0,8
T0564,2025-07-07 16:00:00,IT,Security,Server,High,Tech_E,91.0,285,Resolved,No,1.0,10
T0565,2025-07-08 00:00:00,Admin,Login,Server,Medium,Tech_E,106.0,214,Resolved,Yes,5.0,2
T0566,2025-07-08 08:00:00,ENTC,Login,Laptop,High,Tech_D,34.0,220,Resolved,No,5.0,9
T0567,2025-07-08 16:00:00,Admin,Hardware,Laptop,Low,Tech_C,19.0,167,Resolved,No,3.0,10
T0568,2025-07-09 00:00:00,Mechanical,Network,Laptop,Medium,Tech_D,78.0,170,Resolved,No,2.0,3
T0569,2025-07-09 08:00:00,CSE,Network,Server,Low,Tech_B,59.0,92,Resolved,No,4.0,1
T0570,2025-07-09 16:00:00,Admin,Software,Laptop,Medium,Tech_D,42.0,116,Resolved,No,3.0,2
T0571,2025-07-10 00:00:00,Admin,Printer,Printer,Low,Tech_E,19.0,117,Resolved,No,3.0,8
T0572,2025-07-10 08:00:00,CSE,Security,Server,Medium,Tech_D,34.0,215,Resolved,No,3.0,10
T0573,2025-07-10 16:00:00,Mechanical,Printer,Printer,Low,Tech_E,50.0,136,Resolved,No,2.0,6
T0574,2025-07-11 00:00:00,IT,Printer,Printer,Low,Tech_A,68.0,96,Resolved,No,3.0,1
T0575,2025-07-11 08:00:00,Admin,Software,Desktop,Medium,Tech_B,30.0,159,Resolved,No,1.0,9
T0576,2025-07-11 16:00:00,CSE,Printer,Printer,Low,Tech_B,119.0,173,Resolved,No,1.0,7
T0577,2025-07-12 00:00:00,ENTC,Hardware,Laptop,Medium,Tech_E,113.0,266,Resolved,Yes,5.0,10
T0578,2025-07-12 08:00:00,CSE,Software,Laptop,Medium,Tech_A,82.0,169,Resolved,No,5.0,3
T0579,2025-07-12 16:00:00,ENTC,Hardware,Desktop,High,Tech_C,71.0,239,Resolved,No,2.0,7
T0580,2025-07-13 00:00:00,Mechanical,Software,Server,Medium,Tech_D,40.0,163,Resolved,No,4.0,6
T0581,2025-07-13 08:00:00,IT,Printer,Printer,Low,Tech_C,94.0,170,Resolved,No,5.0,3
T0582,2025-07-13 16:00:00,CSE,Hardware,Laptop,Medium,Tech_A,82.0,213,Resolved,No,5.0,8
T0583,2025-07-14 00:00:00,Accounts,Hardware,Laptop,Low,Tech_B,35.0,104,Resolved,No,5.0,1
T0584,2025-07-14 08:00:00,Admin,Hardware,Desktop,High,Tech_C,82.0,249,Resolved,No,5.0,5
T0585,2025-07-14 16:00:00,Mechanical,Software,Laptop,Low,Tech_A,44.0,144,Resolved,No,3.0,8
T0586,2025-07-15 00:00:00,CSE,Login,Desktop,High,Tech_B,78.0,206,Resolved,Yes,5.0,3
T0587,2025-07-15 08:00:00,Admin,Printer,Printer,Low,Tech_C,77.0,189,Pending,No,2.0,10
T0588,2025-07-15 16:00:00,CSE,Hardware,Laptop,High,Tech_B,50.0,247,Resolved,No,3.0,6
T0589,2025-07-16 00:00:00,ENTC,Security,Desktop,High,Tech_E,108.0,319,Escalated,No,3.0,10
T0590,2025-07-16 08:00:00,CSE,Login,Desktop,Medium,Tech_B,111.0,156,Pending,No,2.0,2
T0591,2025-07-16 16:00:00,Accounts,Security,Server,High,Tech_B,46.0,247,Pending,No,4.0,9
T0592,2025-07-17 00:00:00,CSE,Printer,Printer,Low,Tech_A,22.0,89,Pending,Yes,5.0,2
T0593,2025-07-17 08:00:00,CSE,Printer,Printer,Low,Tech_A,104.0,136,Resolved,No,1.0,5
T0594,2025-07-17 16:00:00,Accounts,Hardware,Laptop,Medium,Tech_D,40.0,145,Resolved,No,4.0,3
T0595,2025-07-18 00:00:00,Mechanical,Hardware,Laptop,Medium,Tech_A,80.0,240,Resolved,No,5.0,10
T0596,2025-07-18 08:00:00,CSE,Software,Desktop,Medium,Tech_E,54.0,192,Resolved,No,1.0,9
T0597,2025-07-18 16:00:00,Accounts,Login,Server,Medium,Tech_E,65.0,177,Resolved,No,3.0,9
T0598,2025-07-19 00:00:00,Admin,Login,Laptop,High,Tech_B,44.0,200,Pending,No,3.0,7
T0599,2025-07-19 08:00:00,ENTC,Hardware,Laptop,Medium,Tech_A,7.0,173,Resolved,No,3.0,10
T0600,2025-07-19 16:00:00,ENTC,Printer,Printer,Low,Tech_D,86.0,142,Resolved,No,5.0,5
T0601,2025-07-20 00:00:00,CSE,Hardware,Desktop,High,Tech_A,11.0,205,Resolved,No,2.0,9
T0602,2025-07-20 08:00:00,Mechanical,Printer,Printer,Low,Tech_D,35.0,138,Resolved,No,3.0,7
T0603,2025-07-20 16:00:00,Mechanical,Printer,Printer,Low,Tech_B,69.0,97,Resolved,No,3.0,2
T0604,2025-07-21 00:00:00,Admin,Hardware,Desktop,Medium,Tech_E,99.0,270,Resolved,No,3.0,10
T0605,2025-07-21 08:00:00,CSE,Network,Server,High,Tech_A,68.0,177,Pending,No,5.0,1
T0606,2025-07-21 16:00:00,ENTC,Login,Desktop,Medium,Tech_A,81.0,221,Resolved,No,1.0,10
T0607,2025-07-22 00:00:00,Mechanical,Security,Server,High,Tech_E,97.0,304,Resolved,No,4.0,10
T0608,2025-07-22 08:00:00,CSE,Printer,Printer,Low,Tech_E,7.0,66,Resolved,No,3.0,4
T0609,2025-07-22 16:00:00,Mechanical,Printer,Printer,Low,Tech_C,97.0,203,Escalated,No,4.0,10
T0610,2025-07-23 00:00:00,Accounts,Network,Server,Medium,Tech_C,39.0,176,Resolved,No,2.0,8
T0611,2025-07-23 08:00:00,Mechanical,Security,Laptop,High,Tech_C,19.0,212,Resolved,No,2.0,6
T0612,2025-07-23 16:00:00,ENTC,Software,Laptop,Medium,Tech_E,25.0,114,Escalated,No,2.0,2
T0613,2025-07-24 00:00:00,IT,Network,Router,High,Tech_C,66.0,232,Resolved,No,3.0,5
T0614,2025-07-24 08:00:00,Admin,Security,Laptop,High,Tech_A,87.0,292,Resolved,No,4.0,9
T0615,2025-07-24 16:00:00,Admin,Network,Router,Medium,Tech_E,32.0,194,Resolved,Yes,1.0,6
T0616,2025-07-25 00:00:00,ENTC,Printer,Printer,Low,Tech_A,8.0,103,Resolved,No,5.0,6
T0617,2025-07-25 08:00:00,Mechanical,Login,Desktop,Medium,Tech_E,113.0,235,Pending,Yes,4.0,7
T0618,2025-07-25 16:00:00,CSE,Network,Router,Medium,Tech_B,17.0,146,Resolved,No,5.0,5
T0619,2025-07-26 00:00:00,Mechanical,Software,Server,Medium,Tech_A,83.0,158,Escalated,No,4.0,3
T0620,2025-07-26 08:00:00,ENTC,Hardware,Desktop,Low,Tech_E,55.0,128,Resolved,No,3.0,3
T0621,2025-07-26 16:00:00,Admin,Security,Server,High,Tech_D,52.0,211,Resolved,No,1.0,5
T0622,2025-07-27 00:00:00,Mechanical,Network,Server,High,Tech_E,43.0,191,Resolved,No,3.0,4
T0623,2025-07-27 08:00:00,Admin,Network,Router,Medium,Tech_B,100.0,218,Resolved,Yes,2.0,5
T0624,2025-07-27 16:00:00,CSE,Software,Laptop,Medium,Tech_E,71.0,212,Resolved,No,1.0,9
T0625,2025-07-28 00:00:00,Admin,Login,Laptop,Medium,Tech_B,98.0,184,Resolved,No,4.0,5
T0626,2025-07-28 08:00:00,Admin,Network,Router,Medium,Tech_C,62.0,159,Resolved,No,3.0,4
T0627,2025-07-28 16:00:00,IT,Network,Server,Medium,Tech_A,88.0,172,Escalated,No,5.0,4
T0628,2025-07-29 00:00:00,IT,Login,Laptop,High,Tech_B,6.0,129,Resolved,No,3.0,1
T0629,2025-07-29 08:00:00,Accounts,Software,Desktop,Medium,Tech_D,118.0,244,Resolved,No,3.0,10
T0630,2025-07-29 16:00:00,IT,Security,Server,High,Tech_A,29.0,217,Resolved,No,4.0,4
T0631,2025-07-30 00:00:00,Admin,Security,Server,Medium,Tech_E,15.0,142,Resolved,No,4.0,4
T0632,2025-07-30 08:00:00,ENTC,Network,Server,Medium,Tech_E,5.0,183,Resolved,No,2.0,9
T0633,2025-07-30 16:00:00,Admin,Login,Server,Low,Tech_B,52.0,116,Resolved,No,1.0,4
T0634,2025-07-31 00:00:00,ENTC,Network,Router,Medium,Tech_D,117.0,241,Escalated,No,3.0,7
T0635,2025-07-31 08:00:00,ENTC,Hardware,Desktop,Medium,Tech_B,52.0,122,Pending,No,5.0,1
T0636,2025-07-31 16:00:00,IT,Security,Server,High,Tech_D,14.0,198,Resolved,No,4.0,7
T0637,2025-08-01 00:00:00,Mechanical,Printer,Printer,Low,Tech_B,85.0,120,Escalated,No,4.0,2
T0638,2025-08-01 08:00:00,CSE,Hardware,Laptop,Low,Tech_C,34.0,150,Resolved,No,2.0,8
T0639,2025-08-01 16:00:00,IT,Network,Router,Medium,Tech_C,39.0,134,Pending,No,1.0,1
T0640,2025-08-02 00:00:00,IT,Software,Desktop,Medium,Tech_C,118.0,253,Resolved,No,2.0,10
T0641,2025-08-02 08:00:00,Mechanical,Security,Server,High,Tech_B,23.0,177,Resolved,No,4.0,3
T0642,2025-08-02 16:00:00,CSE,Printer,Printer,Low,Tech_A,114.0,181,Escalated,No,5.0,8
T0643,2025-08-03 00:00:00,Admin,Hardware,Desktop,High,Tech_E,57.0,254,Resolved,No,2.0,10
T0644,2025-08-03 08:00:00,Accounts,Security,Server,Low,Tech_A,38.0,174,Resolved,No,3.0,8
T0645,2025-08-03 16:00:00,Accounts,Login,Laptop,Low,Tech_E,36.0,118,Resolved,No,4.0,5
T0646,2025-08-04 00:00:00,Admin,Software,Desktop,Medium,Tech_D,80.0,174,Resolved,No,4.0,5
T0647,2025-08-04 08:00:00,IT,Hardware,Desktop,Low,Tech_C,111.0,234,Resolved,No,2.0,8
T0648,2025-08-04 16:00:00,CSE,Login,Laptop,Medium,Tech_C,85.0,226,Resolved,No,5.0,10
T0649,2025-08-05 00:00:00,IT,Network,Server,Medium,Tech_E,10.0,122,Escalated,No,2.0,5
T0650,2025-08-05 08:00:00,ENTC,Login,Server,High,Tech_C,119.0,265,Resolved,No,5.0,9
T0651,2025-08-05 16:00:00,IT,Hardware,Desktop,High,Tech_A,17.0,161,Pending,Yes,4.0,1
T0652,2025-08-06 00:00:00,IT,Hardware,Desktop,High,Tech_B,107.0,240,Resolved,No,2.0,5
T0653,2025-08-06 08:00:00,Admin,Network,Server,Medium,Tech_C,90.0,153,Resolved,No,1.0,3
T0654,2025-08-06 16:00:00,Admin,Login,Desktop,High,Tech_C,79.0,198,Resolved,No,2.0,3
T0655,2025-08-07 00:00:00,Admin,Login,Server,Low,Tech_D,68.0,125,Pending,No,2.0,2
T0656,2025-08-07 08:00:00,Accounts,Network,Laptop,Medium,Tech_B,11.0,103,Resolved,No,1.0,3
T0657,2025-08-07 16:00:00,ENTC,Login,Laptop,Medium,Tech_E,49.0,152,Resolved,No,1.0,7
T0658,2025-08-08 00:00:00,Admin,Security,Desktop,Medium,Tech_B,49.0,220,Resolved,No,3.0,8
T0659,2025-08-08 08:00:00,CSE,Network,Laptop,Medium,Tech_B,89.0,209,Escalated,No,1.0,8
T0660,2025-08-08 16:00:00,Accounts,Software,Laptop,Low,Tech_E,69.0,184,Resolved,No,5.0,8
T0661,2025-08-09 00:00:00,Mechanical,Hardware,Laptop,Medium,Tech_B,98.0,164,Resolved,No,3.0,1
T0662,2025-08-09 08:00:00,CSE,Software,Desktop,High,Tech_D,23.0,160,Pending,No,,7
T0663,2025-08-09 16:00:00,CSE,Security,Desktop,Medium,Tech_A,119.0,211,Resolved,No,3.0,2
T0664,2025-08-10 00:00:00,Admin,Security,Server,Medium,Tech_B,51.0,251,Escalated,Yes,3.0,10
T0665,2025-08-10 08:00:00,Mechanical,Printer,Printer,Low,Tech_A,50.0,110,Escalated,No,5.0,4
T0666,2025-08-10 16:00:00,Mechanical,Printer,Printer,Medium,Tech_D,33.0,126,Resolved,No,4.0,5
T0667,2025-08-11 00:00:00,Accounts,Printer,Printer,Low,Tech_D,103.0,128,Resolved,No,4.0,1
T0668,2025-08-11 08:00:00,Mechanical,Network,Router,Medium,Tech_B,88.0,187,Resolved,No,2.0,4
T0669,2025-08-11 16:00:00,ENTC,Login,Server,High,Tech_C,104.0,218,Escalated,No,4.0,4
T0670,2025-08-12 00:00:00,Admin,Security,Laptop,Medium,Tech_B,65.0,237,Resolved,No,2.0,9
T0671,2025-08-12 08:00:00,Mechanical,Software,Server,Medium,Tech_A,107.0,231,Pending,No,4.0,9
T0672,2025-08-12 16:00:00,Accounts,Software,Desktop,Medium,Tech_D,69.0,195,Resolved,No,2.0,10
T0673,2025-08-13 00:00:00,ENTC,Software,Server,Medium,Tech_A,27.0,104,Resolved,No,2.0,1
T0674,2025-08-13 08:00:00,IT,Software,Laptop,High,Tech_A,99.0,260,Resolved,No,1.0,8
T0675,2025-08-13 16:00:00,IT,Printer,Printer,Low,Tech_E,55.0,141,Resolved,Yes,2.0,4
T0676,2025-08-14 00:00:00,ENTC,Software,Desktop,High,Tech_D,67.0,189,Resolved,No,5.0,4
T0677,2025-08-14 08:00:00,Accounts,Login,Laptop,High,Tech_D,103.0,229,Resolved,No,5.0,5
T0678,2025-08-14 16:00:00,ENTC,Printer,Printer,Low,Tech_A,120.0,146,Resolved,No,2.0,2
T0679,2025-08-15 00:00:00,Admin,Software,Server,Low,Tech_D,115.0,149,Resolved,No,5.0,1
T0680,2025-08-15 08:00:00,Admin,Network,Server,High,Tech_B,113.0,244,Resolved,No,4.0,5
T0681,2025-08-15 16:00:00,IT,Hardware,Laptop,Medium,Tech_E,26.0,180,Resolved,Yes,5.0,7
T0682,2025-08-16 00:00:00,Mechanical,Hardware,Desktop,Medium,Tech_B,114.0,263,Resolved,No,1.0,10
T0683,2025-08-16 08:00:00,Accounts,Hardware,Desktop,Medium,Tech_C,75.0,216,Resolved,No,5.0,9
T0684,2025-08-16 16:00:00,IT,Printer,Printer,Medium,Tech_C,37.0,100,Pending,No,4.0,2
T0685,2025-08-17 00:00:00,Mechanical,Software,Server,High,Tech_A,113.0,288,Resolved,Yes,4.0,8
T0686,2025-08-17 08:00:00,Mechanical,Security,Server,Medium,Tech_C,104.0,283,Escalated,Yes,2.0,7
T0687,2025-08-17 16:00:00,Admin,Security,Server,Medium,Tech_B,48.0,167,Resolved,No,3.0,2
T0688,2025-08-18 00:00:00,CSE,Security,Server,High,Tech_C,11.0,196,Pending,No,4.0,5
T0689,2025-08-18 08:00:00,CSE,Printer,Printer,Medium,Tech_A,95.0,209,Resolved,No,2.0,7
T0690,2025-08-18 16:00:00,ENTC,Login,Server,Medium,Tech_D,6.0,122,Resolved,Yes,2.0,3
T0691,2025-08-19 00:00:00,Admin,Network,Router,High,Tech_E,21.0,151,Resolved,No,5.0,2
T0692,2025-08-19 08:00:00,Mechanical,Network,Router,Medium,Tech_A,69.0,181,Resolved,No,5.0,6
T0693,2025-08-19 16:00:00,Accounts,Hardware,Laptop,Medium,Tech_A,62.0,214,Resolved,No,2.0,10
T0694,2025-08-20 00:00:00,CSE,Hardware,Desktop,High,Tech_A,114.0,271,Resolved,No,1.0,6
T0695,2025-08-20 08:00:00,Mechanical,Security,Server,High,Tech_B,34.0,183,Resolved,No,2.0,4
T0696,2025-08-20 16:00:00,CSE,Security,Desktop,Low,Tech_D,90.0,145,Resolved,No,5.0,1
T0697,2025-08-21 00:00:00,CSE,Hardware,Laptop,Medium,Tech_A,96.0,209,Resolved,No,4.0,5
T0698,2025-08-21 08:00:00,CSE,Software,Laptop,Medium,Tech_D,101.0,145,Resolved,No,1.0,1
T0699,2025-08-21 16:00:00,Accounts,Login,Laptop,High,Tech_A,30.0,220,Resolved,Yes,3.0,8
T0700,2025-08-22 00:00:00,Admin,Login,Laptop,Medium,Tech_B,39.0,114,Resolved,No,4.0,2
T0701,2025-08-22 08:00:00,Accounts,Login,Laptop,Medium,Tech_A,67.0,190,Resolved,No,5.0,9
T0702,2025-08-22 16:00:00,IT,Login,Desktop,Medium,Tech_C,79.0,206,Resolved,No,4.0,9
T0703,2025-08-23 00:00:00,Mechanical,Hardware,Laptop,High,Tech_B,75.0,209,Resolved,No,4.0,3
T0704,2025-08-23 08:00:00,Admin,Network,Laptop,Medium,Tech_A,32.0,144,Resolved,No,5.0,6
T0705,2025-08-23 16:00:00,Admin,Hardware,Desktop,Medium,Tech_A,29.0,199,Resolved,No,4.0,9
T0706,2025-08-24 00:00:00,Admin,Login,Laptop,Medium,Tech_A,65.0,177,Resolved,Yes,2.0,7
T0707,2025-08-24 08:00:00,Admin,Hardware,Laptop,Medium,Tech_C,109.0,230,Escalated,No,1.0,4
T0708,2025-08-24 16:00:00,Accounts,Login,Laptop,Medium,Tech_C,35.0,125,Escalated,No,5.0,3
T0709,2025-08-25 00:00:00,Admin,Printer,Printer,Low,Tech_A,58.0,109,Resolved,No,1.0,2
T0710,2025-08-25 08:00:00,ENTC,Security,Server,High,Tech_C,71.0,291,Resolved,No,2.0,10
T0711,2025-08-25 16:00:00,Mechanical,Network,Router,Medium,Tech_A,101.0,245,Resolved,No,5.0,10
T0712,2025-08-26 00:00:00,Admin,Printer,Printer,Low,Tech_C,55.0,101,Resolved,Yes,2.0,1
T0713,2025-08-26 08:00:00,Mechanical,Software,Server,Medium,Tech_D,62.0,206,Resolved,No,3.0,10
T0714,2025-08-26 16:00:00,ENTC,Hardware,Desktop,Medium,Tech_A,38.0,138,Resolved,No,3.0,1
T0715,2025-08-27 00:00:00,ENTC,Software,Desktop,Medium,Tech_A,63.0,143,Resolved,No,3.0,4
T0716,2025-08-27 08:00:00,Mechanical,Hardware,Desktop,Medium,Tech_E,25.0,172,Pending,Yes,1.0,4
T0717,2025-08-27 16:00:00,CSE,Security,Laptop,High,Tech_E,60.0,244,Pending,No,3.0,9
T0718,2025-08-28 00:00:00,IT,Printer,Printer,Medium,Tech_B,41.0,171,Escalated,No,3.0,10
T0719,2025-08-28 08:00:00,CSE,Security,Laptop,High,Tech_D,68.0,190,Resolved,No,2.0,1
T0720,2025-08-28 16:00:00,CSE,Login,Laptop,Medium,Tech_D,117.0,209,Pending,No,4.0,4
T0721,2025-08-29 00:00:00,Accounts,Security,Laptop,High,Tech_B,23.0,168,Resolved,No,4.0,3
T0722,2025-08-29 08:00:00,CSE,Security,Desktop,High,Tech_E,105.0,305,Resolved,No,3.0,9
T0723,2025-08-29 16:00:00,Admin,Login,Laptop,Medium,Tech_B,89.0,196,Pending,No,4.0,5
T0724,2025-08-30 00:00:00,Accounts,Hardware,Desktop,High,Tech_E,82.0,280,Escalated,No,3.0,9
T0725,2025-08-30 08:00:00,Accounts,Login,Server,Medium,Tech_A,78.0,232,Resolved,No,,10
T0726,2025-08-30 16:00:00,ENTC,Printer,Printer,Low,Tech_B,57.0,177,Resolved,Yes,1.0,6
T0727,2025-08-31 00:00:00,CSE,Security,Laptop,High,Tech_C,75.0,278,Resolved,No,5.0,9
T0728,2025-08-31 08:00:00,ENTC,Login,Server,Low,Tech_E,97.0,127,Resolved,No,4.0,1
T0729,2025-08-31 16:00:00,Mechanical,Security,Laptop,High,Tech_A,67.0,229,Pending,No,3.0,4
T0730,2025-09-01 00:00:00,IT,Printer,Printer,Low,Tech_C,108.0,158,Resolved,No,4.0,4
T0731,2025-09-01 08:00:00,Accounts,Software,Laptop,Medium,Tech_C,66.0,215,Resolved,No,1.0,10
T0732,2025-09-01 16:00:00,Mechanical,Printer,Printer,Low,Tech_D,76.0,203,Resolved,No,1.0,10
T0733,2025-09-02 00:00:00,Mechanical,Network,Router,High,Tech_E,107.0,253,Resolved,No,3.0,6
T0734,2025-09-02 08:00:00,Admin,Network,Router,Medium,Tech_A,81.0,244,Escalated,Yes,4.0,10
T0735,2025-09-02 16:00:00,IT,Network,Router,Medium,Tech_E,114.0,182,Resolved,No,4.0,1
T0736,2025-09-03 00:00:00,Mechanical,Security,Server,Medium,Tech_A,23.0,221,Resolved,No,4.0,10
T0737,2025-09-03 08:00:00,Mechanical,Hardware,Laptop,Medium,Tech_E,79.0,184,Pending,No,1.0,5
T0738,2025-09-03 16:00:00,IT,Hardware,Laptop,Medium,Tech_C,6.0,111,Resolved,No,2.0,3
T0739,2025-09-04 00:00:00,IT,Hardware,Laptop,Medium,Tech_D,117.0,198,Pending,No,2.0,1
T0740,2025-09-04 08:00:00,Mechanical,Security,Laptop,Medium,Tech_B,10.0,185,Pending,Yes,4.0,6
T0741,2025-09-04 16:00:00,IT,Printer,Printer,Low,Tech_E,33.0,82,Resolved,No,4.0,3
T0742,2025-09-05 00:00:00,Mechanical,Hardware,Desktop,Medium,Tech_C,45.0,179,Resolved,Yes,5.0,4
T0743,2025-09-05 08:00:00,Mechanical,Software,Server,Low,Tech_B,,170,Resolved,No,3.0,9
T0744,2025-09-05 16:00:00,Admin,Network,Server,Medium,Tech_B,9.0,118,Resolved,No,1.0,2
T0745,2025-09-06 00:00:00,CSE,Printer,Printer,Medium,Tech_B,45.0,111,Resolved,No,5.0,1
T0746,2025-09-06 08:00:00,Mechanical,Network,Router,High,Tech_C,66.0,249,Resolved,No,4.0,10
T0747,2025-09-06 16:00:00,ENTC,Hardware,Laptop,Medium,Tech_A,34.0,186,Resolved,No,2.0,6
T0748,2025-09-07 00:00:00,Accounts,Printer,Printer,Medium,Tech_B,107.0,160,Resolved,No,2.0,1
T0749,2025-09-07 08:00:00,CSE,Login,Laptop,Low,Tech_D,66.0,110,Resolved,No,5.0,1
T0750,2025-09-07 16:00:00,CSE,Software,Server,Medium,Tech_A,104.0,248,Resolved,Yes,2.0,7
T0751,2025-09-08 00:00:00,CSE,Hardware,Desktop,Medium,Tech_C,31.0,125,Resolved,No,2.0,2
T0752,2025-09-08 08:00:00,Admin,Hardware,Desktop,Medium,Tech_B,54.0,155,Resolved,No,3.0,4
T0753,2025-09-08 16:00:00,Mechanical,Software,Server,Medium,Tech_C,86.0,166,Resolved,No,4.0,4
T0754,2025-09-09 00:00:00,Admin,Software,Laptop,High,Tech_C,56.0,177,Pending,No,5.0,2
T0755,2025-09-09 08:00:00,Mechanical,Login,Server,High,Tech_B,53.0,180,Resolved,No,1.0,6
T0756,2025-09-09 16:00:00,Admin,Hardware,Laptop,Low,Tech_C,66.0,189,Escalated,No,1.0,10
T0757,2025-09-10 00:00:00,Admin,Security,Laptop,High,Tech_D,104.0,239,Resolved,Yes,4.0,2
T0758,2025-09-10 08:00:00,Accounts,Hardware,Laptop,High,Tech_D,64.0,255,Resolved,Yes,1.0,8
T0759,2025-09-10 16:00:00,ENTC,Network,Router,Medium,Tech_E,84.0,195,Pending,Yes,2.0,4
T0760,2025-09-11 00:00:00,Admin,Printer,Printer,Low,Tech_B,58.0,89,Resolved,No,3.0,1
T0761,2025-09-11 08:00:00,Accounts,Printer,Printer,Low,Tech_B,9.0,91,Resolved,No,5.0,7
T0762,2025-09-11 16:00:00,IT,Network,Router,Medium,Tech_B,13.0,152,Resolved,No,5.0,6
T0763,2025-09-12 00:00:00,ENTC,Printer,Printer,Low,Tech_E,38.0,118,Resolved,No,2.0,6
T0764,2025-09-12 08:00:00,Admin,Software,Laptop,High,Tech_D,102.0,184,Resolved,No,4.0,3
T0765,2025-09-12 16:00:00,CSE,Printer,Printer,Medium,Tech_D,40.0,205,Resolved,Yes,3.0,10
T0766,2025-09-13 00:00:00,IT,Printer,Printer,Low,Tech_B,99.0,174,Resolved,No,1.0,7
T0767,2025-09-13 08:00:00,IT,Network,Router,High,Tech_C,120.0,282,Pending,No,5.0,6
T0768,2025-09-13 16:00:00,Accounts,Login,Laptop,Medium,Tech_A,24.0,176,Pending,No,5.0,10
T0769,2025-09-14 00:00:00,IT,Printer,Printer,Low,Tech_A,85.0,168,Resolved,No,4.0,10
T0770,2025-09-14 08:00:00,ENTC,Security,Laptop,High,Tech_B,88.0,315,Pending,Yes,3.0,9
T0771,2025-09-14 16:00:00,Admin,Printer,Printer,Low,Tech_B,96.0,136,Resolved,No,1.0,3
T0772,2025-09-15 00:00:00,Admin,Login,Laptop,Medium,Tech_D,89.0,166,Resolved,No,5.0,3
T0773,2025-09-15 08:00:00,CSE,Network,Router,Medium,Tech_D,87.0,213,Pending,No,5.0,4
T0774,2025-09-15 16:00:00,Accounts,Login,Server,High,Tech_C,67.0,171,Resolved,No,1.0,3
T0775,2025-09-16 00:00:00,CSE,Network,Server,High,Tech_D,71.0,196,Resolved,No,3.0,4
T0776,2025-09-16 08:00:00,IT,Software,Desktop,High,Tech_A,34.0,190,Resolved,No,3.0,6
T0777,2025-09-16 16:00:00,CSE,Network,Laptop,Medium,Tech_A,73.0,166,Resolved,No,3.0,1
T0778,2025-09-17 00:00:00,ENTC,Software,Server,Medium,Tech_D,110.0,179,Resolved,No,5.0,2
T0779,2025-09-17 08:00:00,Admin,Software,Desktop,Medium,Tech_A,74.0,236,Pending,Yes,2.0,10
T0780,2025-09-17 16:00:00,IT,Network,Laptop,High,Tech_A,7.0,186,Resolved,No,5.0,6
T0781,2025-09-18 00:00:00,CSE,Security,Server,Medium,Tech_A,53.0,220,Resolved,No,4.0,6
T0782,2025-09-18 08:00:00,Accounts,Hardware,Desktop,Medium,Tech_A,46.0,124,Resolved,No,4.0,1
T0783,2025-09-18 16:00:00,ENTC,Network,Laptop,Medium,Tech_E,28.0,143,Pending,No,5.0,6
T0784,2025-09-19 00:00:00,ENTC,Printer,Printer,Medium,Tech_B,48.0,178,Resolved,No,5.0,9
T0785,2025-09-19 08:00:00,CSE,Security,Server,High,Tech_C,5.0,219,Resolved,No,1.0,8
T0786,2025-09-19 16:00:00,Admin,Security,Server,High,Tech_E,118.0,335,Pending,No,3.0,10
T0787,2025-09-20 00:00:00,CSE,Printer,Printer,Low,Tech_C,119.0,164,Resolved,No,1.0,5
T0788,2025-09-20 08:00:00,IT,Hardware,Laptop,High,Tech_E,58.0,209,Resolved,No,4.0,4
T0789,2025-09-20 16:00:00,CSE,Security,Desktop,Low,Tech_E,56.0,195,Resolved,No,4.0,6
T0790,2025-09-21 00:00:00,ENTC,Software,Server,High,Tech_C,40.0,183,Resolved,No,2.0,5
T0791,2025-09-21 08:00:00,CSE,Hardware,Laptop,High,Tech_B,83.0,237,Resolved,No,3.0,6
T0792,2025-09-21 16:00:00,Admin,Printer,Printer,Low,Tech_D,109.0,214,Resolved,No,3.0,10
T0793,2025-09-22 00:00:00,Accounts,Hardware,Laptop,Low,Tech_E,42.0,120,Resolved,No,4.0,3
T0794,2025-09-22 08:00:00,Mechanical,Network,Router,Medium,Tech_B,48.0,183,Escalated,No,1.0,7
T0795,2025-09-22 16:00:00,CSE,Hardware,Desktop,Low,Tech_D,86.0,199,Resolved,No,5.0,8
T0796,2025-09-23 00:00:00,Admin,Software,Server,Medium,Tech_C,91.0,182,Resolved,No,3.0,5
T0797,2025-09-23 08:00:00,Admin,Network,Laptop,Medium,Tech_E,51.0,158,Pending,No,5.0,5
T0798,2025-09-23 16:00:00,Accounts,Login,Laptop,Medium,Tech_D,33.0,119,Resolved,No,4.0,4
T0799,2025-09-24 00:00:00,ENTC,Printer,Printer,Low,Tech_B,55.0,178,Resolved,No,2.0,10
T0800,2025-09-24 08:00:00,Admin,Printer,Printer,Low,Tech_D,45.0,116,Resolved,No,4.0,5
T0801,2025-09-24 16:00:00,Admin,Hardware,Desktop,Medium,Tech_C,90.0,263,Resolved,No,5.0,10
T0802,2025-09-25 00:00:00,Admin,Security,Server,High,Tech_D,68.0,236,Resolved,No,4.0,8
T0803,2025-09-25 08:00:00,Admin,Network,Server,Medium,Tech_A,92.0,188,Resolved,No,3.0,5
T0804,2025-09-25 16:00:00,IT,Login,Desktop,Medium,Tech_E,113.0,222,Pending,No,5.0,9
T0805,2025-09-26 00:00:00,IT,Network,Router,High,Tech_B,52.0,185,Resolved,Yes,5.0,1
T0806,2025-09-26 08:00:00,ENTC,Printer,Printer,Low,Tech_B,81.0,146,Resolved,No,2.0,7
T0807,2025-09-26 16:00:00,CSE,Network,Router,Medium,Tech_E,101.0,181,Resolved,No,3.0,5
T0808,2025-09-27 00:00:00,Admin,Login,Server,Low,Tech_E,118.0,173,Pending,No,1.0,4
T0809,2025-09-27 08:00:00,Accounts,Security,Server,High,Tech_A,26.0,179,Resolved,No,2.0,3
T0810,2025-09-27 16:00:00,CSE,Hardware,Laptop,Medium,Tech_A,103.0,264,Pending,No,,10
T0811,2025-09-28 00:00:00,Accounts,Software,Desktop,High,Tech_B,21.0,170,Resolved,No,1.0,7
T0812,2025-09-28 08:00:00,CSE,Network,Router,High,Tech_D,90.0,181,Resolved,No,5.0,2
T0813,2025-09-28 16:00:00,ENTC,Software,Server,Medium,Tech_E,9.0,125,Resolved,No,2.0,5
T0814,2025-09-29 00:00:00,Admin,Printer,Printer,Low,Tech_A,65.0,109,Resolved,No,5.0,2
T0815,2025-09-29 08:00:00,Admin,Hardware,Laptop,Low,Tech_A,93.0,190,Resolved,No,5.0,7
T0816,2025-09-29 16:00:00,Mechanical,Hardware,Desktop,Medium,Tech_A,10.0,139,Resolved,No,5.0,6
T0817,2025-09-30 00:00:00,Accounts,Network,Router,Medium,Tech_D,57.0,253,Pending,Yes,3.0,10
T0818,2025-09-30 08:00:00,CSE,Security,Laptop,High,Tech_B,85.0,291,Resolved,Yes,1.0,7
T0819,2025-09-30 16:00:00,CSE,Hardware,Laptop,Medium,Tech_B,99.0,258,Resolved,Yes,3.0,9
T0820,2025-10-01 00:00:00,IT,Network,Router,High,Tech_A,21.0,131,Pending,No,5.0,2
T0821,2025-10-01 08:00:00,Mechanical,Network,Router,Medium,Tech_D,63.0,225,Resolved,Yes,2.0,9
T0822,2025-10-01 16:00:00,IT,Software,Desktop,Medium,Tech_D,101.0,204,Resolved,No,5.0,7
T0823,2025-10-02 00:00:00,IT,Hardware,Laptop,Medium,Tech_B,43.0,149,Resolved,No,1.0,2
T0824,2025-10-02 08:00:00,IT,Network,Router,Medium,Tech_E,58.0,238,Resolved,Yes,3.0,10
T0825,2025-10-02 16:00:00,Accounts,Software,Server,High,Tech_A,52.0,160,Resolved,No,1.0,2
T0826,2025-10-03 00:00:00,Accounts,Login,Laptop,Medium,Tech_D,41.0,121,Resolved,No,3.0,4
T0827,2025-10-03 08:00:00,ENTC,Software,Laptop,Medium,Tech_E,52.0,144,Escalated,No,1.0,2
T0828,2025-10-03 16:00:00,ENTC,Software,Server,Medium,Tech_C,72.0,145,Resolved,No,,1
T0829,2025-10-04 00:00:00,IT,Network,Router,Medium,Tech_A,111.0,253,Pending,Yes,3.0,6
T0830,2025-10-04 08:00:00,Mechanical,Printer,Printer,Low,Tech_C,82.0,186,Resolved,No,3.0,10
T0831,2025-10-04 16:00:00,CSE,Printer,Printer,Low,Tech_B,81.0,146,Resolved,No,3.0,5
T0832,2025-10-05 00:00:00,Accounts,Security,Laptop,High,Tech_B,31.0,159,Pending,No,4.0,3
T0833,2025-10-05 08:00:00,Mechanical,Printer,Printer,Medium,Tech_B,92.0,140,Resolved,No,1.0,1
T0834,2025-10-05 16:00:00,Admin,Software,Laptop,Medium,Tech_D,31.0,197,Pending,No,4.0,9
T0835,2025-10-06 00:00:00,Accounts,Security,Laptop,High,Tech_D,76.0,262,Resolved,No,4.0,8
T0836,2025-10-06 08:00:00,Accounts,Network,Server,Low,Tech_E,67.0,147,Escalated,No,5.0,6
T0837,2025-10-06 16:00:00,ENTC,Hardware,Desktop,Low,Tech_C,56.0,159,Resolved,No,4.0,6
T0838,2025-10-07 00:00:00,CSE,Software,Server,Medium,Tech_B,51.0,134,Resolved,No,4.0,4
T0839,2025-10-07 08:00:00,CSE,Software,Desktop,Medium,Tech_B,118.0,165,Resolved,No,3.0,2
T0840,2025-10-07 16:00:00,Admin,Security,Server,High,Tech_D,107.0,284,Pending,Yes,3.0,4
T0841,2025-10-08 00:00:00,Admin,Network,Laptop,Medium,Tech_D,25.0,127,Resolved,No,2.0,2
T0842,2025-10-08 08:00:00,Accounts,Login,Server,Medium,Tech_D,119.0,246,Escalated,Yes,1.0,7
T0843,2025-10-08 16:00:00,IT,Software,Laptop,Medium,Tech_A,61.0,183,Resolved,No,4.0,9
T0844,2025-10-09 00:00:00,ENTC,Login,Server,Medium,Tech_C,109.0,157,Resolved,No,4.0,2
T0845,2025-10-09 08:00:00,ENTC,Login,Server,Medium,Tech_C,79.0,209,Resolved,No,1.0,9
T0846,2025-10-09 16:00:00,Accounts,Printer,Printer,Low,Tech_A,99.0,198,Resolved,No,3.0,9
T0847,2025-10-10 00:00:00,Mechanical,Network,Server,High,Tech_B,95.0,256,Resolved,No,3.0,8
T0848,2025-10-10 08:00:00,IT,Login,Laptop,Medium,Tech_E,46.0,98,Resolved,No,1.0,1
T0849,2025-10-10 16:00:00,Accounts,Network,Router,High,Tech_E,114.0,255,Pending,No,1.0,5
T0850,2025-10-11 00:00:00,IT,Printer,Printer,Low,Tech_B,52.0,186,Resolved,No,3.0,10
T0851,2025-10-11 08:00:00,IT,Network,Router,Medium,Tech_E,31.0,153,Resolved,No,1.0,4
T0852,2025-10-11 16:00:00,IT,Software,Server,Medium,Tech_D,76.0,214,Resolved,No,3.0,7
T0853,2025-10-12 00:00:00,Accounts,Login,Desktop,Medium,Tech_C,37.0,157,Escalated,No,1.0,8
T0854,2025-10-12 08:00:00,ENTC,Network,Router,High,Tech_D,80.0,277,Resolved,No,3.0,10
T0855,2025-10-12 16:00:00,ENTC,Hardware,Desktop,Medium,Tech_E,39.0,207,Resolved,No,2.0,8
T0856,2025-10-13 00:00:00,IT,Network,Laptop,Medium,Tech_E,102.0,169,Resolved,No,3.0,2
T0857,2025-10-13 08:00:00,Mechanical,Login,Laptop,Medium,Tech_C,20.0,97,Pending,No,3.0,3
T0858,2025-10-13 16:00:00,CSE,Printer,Printer,Low,Tech_D,40.0,143,Escalated,No,4.0,10
T0859,2025-10-14 00:00:00,Accounts,Printer,Printer,Low,Tech_C,70.0,201,Escalated,Yes,3.0,10
T0860,2025-10-14 08:00:00,CSE,Login,Desktop,Medium,Tech_E,80.0,170,Escalated,No,1.0,7
T0861,2025-10-14 16:00:00,Mechanical,Software,Server,High,Tech_C,95.0,233,Resolved,No,5.0,4
T0862,2025-10-15 00:00:00,Accounts,Software,Server,Low,Tech_C,60.0,129,Resolved,No,1.0,6
T0863,2025-10-15 08:00:00,IT,Printer,Printer,Low,Tech_E,21.0,128,Resolved,No,4.0,8
T0864,2025-10-15 16:00:00,ENTC,Printer,Printer,Low,Tech_C,24.0,98,Resolved,No,1.0,8
T0865,2025-10-16 00:00:00,CSE,Login,Laptop,High,Tech_D,89.0,254,Resolved,No,2.0,7
T0866,2025-10-16 08:00:00,Admin,Software,Laptop,High,Tech_E,98.0,211,Resolved,No,5.0,2
T0867,2025-10-16 16:00:00,Admin,Printer,Printer,Low,Tech_C,110.0,116,Resolved,No,5.0,2
T0868,2025-10-17 00:00:00,Mechanical,Software,Desktop,Low,Tech_B,88.0,142,Resolved,No,4.0,3
T0869,2025-10-17 08:00:00,IT,Printer,Printer,Low,Tech_D,12.0,77,Resolved,No,5.0,4
T0870,2025-10-17 16:00:00,CSE,Network,Laptop,Medium,Tech_D,22.0,107,Resolved,No,3.0,1
T0871,2025-10-18 00:00:00,IT,Hardware,Laptop,High,Tech_D,22.0,219,Pending,Yes,4.0,5
T0872,2025-10-18 08:00:00,CSE,Security,Desktop,High,Tech_A,22.0,210,Resolved,No,2.0,7
T0873,2025-10-18 16:00:00,Mechanical,Network,Laptop,Medium,Tech_E,6.0,174,Escalated,No,5.0,10
T0874,2025-10-19 00:00:00,Mechanical,Security,Server,High,Tech_A,80.0,223,Resolved,No,5.0,5
T0875,2025-10-19 08:00:00,Admin,Printer,Printer,Low,Tech_C,100.0,174,Resolved,No,4.0,7
T0876,2025-10-19 16:00:00,IT,Hardware,Laptop,High,Tech_E,110.0,228,Resolved,No,5.0,5
T0877,2025-10-20 00:00:00,Accounts,Hardware,Desktop,Low,Tech_D,76.0,228,Resolved,No,5.0,10
T0878,2025-10-20 08:00:00,Admin,Printer,Printer,Low,Tech_D,55.0,131,Pending,No,2.0,8
T0879,2025-10-20 16:00:00,IT,Printer,Printer,Medium,Tech_D,14.0,137,Resolved,No,2.0,7
T0880,2025-10-21 00:00:00,Admin,Software,Desktop,Low,Tech_D,79.0,123,Pending,No,4.0,1
T0881,2025-10-21 08:00:00,Accounts,Printer,Printer,Medium,Tech_C,18.0,105,Resolved,No,5.0,1
T0882,2025-10-21 16:00:00,ENTC,Login,Server,Medium,Tech_B,30.0,154,Resolved,No,1.0,5
T0883,2025-10-22 00:00:00,ENTC,Printer,Printer,Low,Tech_E,51.0,108,Resolved,No,4.0,2
T0884,2025-10-22 08:00:00,ENTC,Login,Laptop,Low,Tech_B,34.0,171,Resolved,Yes,2.0,9
T0885,2025-10-22 16:00:00,ENTC,Printer,Printer,Low,Tech_E,60.0,111,Resolved,No,1.0,2
T0886,2025-10-23 00:00:00,CSE,Software,Server,Medium,Tech_D,46.0,189,Resolved,No,5.0,9
T0887,2025-10-23 08:00:00,ENTC,Login,Desktop,Medium,Tech_A,8.0,165,Pending,No,4.0,10
T0888,2025-10-23 16:00:00,Accounts,Network,Router,Medium,Tech_C,107.0,196,Resolved,Yes,4.0,2
T0889,2025-10-24 00:00:00,Mechanical,Login,Laptop,Medium,Tech_E,15.0,133,Resolved,No,2.0,4
T0890,2025-10-24 08:00:00,Mechanical,Software,Server,Medium,Tech_D,28.0,108,Escalated,No,3.0,3
T0891,2025-10-24 16:00:00,CSE,Security,Laptop,High,Tech_A,90.0,249,Resolved,No,3.0,6
T0892,2025-10-25 00:00:00,ENTC,Login,Server,Low,Tech_D,71.0,134,Resolved,No,3.0,4
T0893,2025-10-25 08:00:00,ENTC,Printer,Printer,Low,Tech_C,41.0,125,Resolved,No,4.0,9
T0894,2025-10-25 16:00:00,ENTC,Printer,Printer,Medium,Tech_A,6.0,147,Pending,No,2.0,9
T0895,2025-10-26 00:00:00,Admin,Security,Desktop,High,Tech_E,16.0,262,Resolved,No,2.0,10
T0896,2025-10-26 08:00:00,IT,Software,Desktop,Low,Tech_E,25.0,150,Resolved,No,3.0,9
T0897,2025-10-26 16:00:00,Admin,Hardware,Desktop,Medium,Tech_E,73.0,172,Escalated,No,1.0,3
T0898,2025-10-27 00:00:00,IT,Printer,Printer,Low,Tech_E,75.0,108,Pending,No,3.0,3
T0899,2025-10-27 08:00:00,ENTC,Network,Router,Medium,Tech_A,68.0,149,Resolved,No,4.0,4
T0900,2025-10-27 16:00:00,ENTC,Software,Desktop,High,Tech_C,72.0,250,Pending,No,1.0,9
T0901,2025-10-28 00:00:00,Admin,Login,Server,Medium,Tech_A,47.0,155,Resolved,No,2.0,6
T0902,2025-10-28 08:00:00,Admin,Login,Server,Medium,Tech_E,58.0,197,Resolved,No,5.0,9
T0903,2025-10-28 16:00:00,IT,Network,Router,Medium,Tech_C,109.0,207,Resolved,No,1.0,8
T0904,2025-10-29 00:00:00,Mechanical,Printer,Printer,Low,Tech_B,104.0,185,Resolved,No,2.0,7
T0905,2025-10-29 08:00:00,IT,Software,Desktop,High,Tech_B,66.0,223,Resolved,No,1.0,5
T0906,2025-10-29 16:00:00,Admin,Network,Router,Low,Tech_A,90.0,220,Resolved,No,3.0,9
T0907,2025-10-30 00:00:00,Accounts,Printer,Printer,Low,Tech_E,97.0,147,Resolved,No,1.0,4
T0908,2025-10-30 08:00:00,Admin,Software,Laptop,Medium,Tech_B,77.0,151,Pending,No,1.0,4
T0909,2025-10-30 16:00:00,Accounts,Login,Desktop,Medium,Tech_B,94.0,209,Resolved,No,1.0,8
T0910,2025-10-31 00:00:00,CSE,Software,Laptop,Medium,Tech_D,16.0,145,Resolved,Yes,4.0,4
T0911,2025-10-31 08:00:00,Admin,Security,Server,High,Tech_D,116.0,284,Resolved,No,4.0,7
T0912,2025-10-31 16:00:00,CSE,Hardware,Desktop,High,Tech_C,5.0,160,Resolved,No,3.0,4
T0913,2025-11-01 00:00:00,Mechanical,Software,Server,Medium,Tech_C,76.0,161,Escalated,No,5.0,1
T0914,2025-11-01 08:00:00,IT,Hardware,Desktop,Low,Tech_E,37.0,171,Resolved,No,4.0,10
T0915,2025-11-01 16:00:00,Accounts,Software,Server,Medium,Tech_B,68.0,197,Resolved,No,5.0,9
T0916,2025-11-02 00:00:00,IT,Hardware,Desktop,Medium,Tech_A,120.0,223,Escalated,No,4.0,4
T0917,2025-11-02 08:00:00,CSE,Security,Laptop,High,Tech_A,119.0,282,Resolved,No,2.0,3
T0918,2025-11-02 16:00:00,Accounts,Login,Server,Medium,Tech_D,72.0,142,Resolved,No,2.0,3
T0919,2025-11-03 00:00:00,IT,Printer,Printer,Low,Tech_C,18.0,108,Resolved,No,1.0,9
T0920,2025-11-03 08:00:00,Admin,Hardware,Laptop,Medium,Tech_E,97.0,209,Resolved,No,5.0,8
T0921,2025-11-03 16:00:00,ENTC,Security,Server,High,Tech_D,18.0,274,Resolved,No,1.0,10
T0922,2025-11-04 00:00:00,CSE,Hardware,Laptop,High,Tech_D,13.0,175,Resolved,No,1.0,7
T0923,2025-11-04 08:00:00,IT,Login,Laptop,Medium,Tech_E,77.0,212,Resolved,Yes,4.0,7
T0924,2025-11-04 16:00:00,CSE,Hardware,Laptop,Low,Tech_E,30.0,130,Pending,Yes,4.0,4
T0925,2025-11-05 00:00:00,CSE,Security,Server,High,Tech_B,53.0,197,Resolved,No,1.0,3
T0926,2025-11-05 08:00:00,Accounts,Security,Server,High,Tech_E,115.0,254,Resolved,No,4.0,4
T0927,2025-11-05 16:00:00,Accounts,Network,Router,Medium,Tech_E,110.0,193,Resolved,No,2.0,6
T0928,2025-11-06 00:00:00,ENTC,Login,Desktop,Medium,Tech_D,21.0,131,Resolved,No,2.0,4
T0929,2025-11-06 08:00:00,Admin,Network,Router,Medium,Tech_D,109.0,203,Resolved,No,5.0,4
T0930,2025-11-06 16:00:00,CSE,Login,Server,Low,Tech_A,72.0,107,Escalated,No,2.0,2
T0931,2025-11-07 00:00:00,IT,Hardware,Desktop,Medium,Tech_A,64.0,194,Resolved,No,1.0,7
T0932,2025-11-07 08:00:00,Mechanical,Security,Desktop,High,Tech_A,114.0,293,Resolved,No,3.0,6
T0933,2025-11-07 16:00:00,CSE,Network,Router,Medium,Tech_E,7.0,104,Resolved,No,4.0,2
T0934,2025-11-08 00:00:00,CSE,Hardware,Laptop,High,Tech_B,97.0,268,Resolved,No,1.0,5
T0935,2025-11-08 08:00:00,ENTC,Security,Server,High,Tech_D,29.0,210,Pending,No,4.0,6
T0936,2025-11-08 16:00:00,Admin,Login,Server,High,Tech_C,25.0,169,Escalated,No,5.0,5
T0937,2025-11-09 00:00:00,Mechanical,Security,Server,High,Tech_B,16.0,173,Resolved,No,1.0,4
T0938,2025-11-09 08:00:00,Accounts,Hardware,Desktop,High,Tech_C,58.0,244,Pending,No,1.0,9
T0939,2025-11-09 16:00:00,Accounts,Network,Router,Low,Tech_E,5.0,98,Resolved,No,1.0,3
T0940,2025-11-10 00:00:00,IT,Network,Laptop,High,Tech_C,5.0,151,Resolved,No,5.0,2
T0941,2025-11-10 08:00:00,Mechanical,Security,Server,Medium,Tech_A,49.0,245,Pending,No,1.0,9
T0942,2025-11-10 16:00:00,Accounts,Hardware,Desktop,Low,Tech_D,50.0,180,Resolved,No,4.0,8
T0943,2025-11-11 00:00:00,IT,Software,Server,Medium,Tech_B,52.0,205,Resolved,No,3.0,9
T0944,2025-11-11 08:00:00,Admin,Login,Desktop,Low,Tech_A,11.0,146,Resolved,No,1.0,10
T0945,2025-11-11 16:00:00,IT,Login,Desktop,Low,Tech_D,14.0,73,Resolved,No,5.0,3
T0946,2025-11-12 00:00:00,Accounts,Hardware,Laptop,Medium,Tech_A,19.0,95,Resolved,No,5.0,1
T0947,2025-11-12 08:00:00,ENTC,Software,Laptop,Medium,Tech_B,44.0,109,Pending,No,1.0,1
T0948,2025-11-12 16:00:00,ENTC,Network,Router,Medium,Tech_E,15.0,130,Resolved,Yes,5.0,3
T0949,2025-11-13 00:00:00,ENTC,Printer,Printer,Low,Tech_C,60.0,154,Resolved,Yes,2.0,4
T0950,2025-11-13 08:00:00,Accounts,Printer,Printer,Low,Tech_E,50.0,104,Resolved,No,5.0,2
T0951,2025-11-13 16:00:00,ENTC,Hardware,Laptop,High,Tech_C,49.0,222,Resolved,No,3.0,8
T0952,2025-11-14 00:00:00,Mechanical,Software,Desktop,Medium,Tech_C,91.0,179,Pending,No,2.0,3
T0953,2025-11-14 08:00:00,Admin,Software,Server,Medium,Tech_B,17.0,105,Escalated,No,4.0,4
T0954,2025-11-14 16:00:00,IT,Login,Desktop,High,Tech_B,31.0,195,Escalated,No,2.0,6
T0955,2025-11-15 00:00:00,IT,Network,Router,Medium,Tech_E,109.0,250,Resolved,No,3.0,10
T0956,2025-11-15 08:00:00,Accounts,Security,Server,High,Tech_D,85.0,263,Escalated,No,2.0,6
T0957,2025-11-15 16:00:00,ENTC,Software,Desktop,High,Tech_D,54.0,206,Resolved,Yes,1.0,2
T0958,2025-11-16 00:00:00,ENTC,Security,Server,High,Tech_E,65.0,250,Resolved,No,5.0,6
T0959,2025-11-16 08:00:00,CSE,Printer,Printer,Low,Tech_C,119.0,159,Pending,No,1.0,4
T0960,2025-11-16 16:00:00,Admin,Security,Server,Medium,Tech_B,17.0,173,Resolved,No,1.0,5
T0961,2025-11-17 00:00:00,Mechanical,Network,Router,High,Tech_E,16.0,178,Resolved,No,1.0,7
T0962,2025-11-17 08:00:00,IT,Network,Server,Medium,Tech_D,33.0,145,Escalated,No,2.0,7
T0963,2025-11-17 16:00:00,CSE,Security,Server,High,Tech_C,89.0,275,Pending,No,4.0,6
T0964,2025-11-18 00:00:00,CSE,Hardware,Laptop,Medium,Tech_D,88.0,255,Resolved,Yes,5.0,10
T0965,2025-11-18 08:00:00,Accounts,Software,Server,Medium,Tech_C,24.0,153,Pending,No,2.0,6
T0966,2025-11-18 16:00:00,IT,Hardware,Laptop,Medium,Tech_D,35.0,172,Pending,No,1.0,6
T0967,2025-11-19 00:00:00,Accounts,Security,Desktop,High,Tech_A,12.0,185,Escalated,No,3.0,4
T0968,2025-11-19 08:00:00,Mechanical,Software,Server,Medium,Tech_C,28.0,132,Resolved,Yes,3.0,3
T0969,2025-11-19 16:00:00,CSE,Login,Server,Low,Tech_C,79.0,128,Resolved,Yes,1.0,1
T0970,2025-11-20 00:00:00,CSE,Hardware,Laptop,Medium,Tech_C,43.0,149,Pending,No,4.0,3
T0971,2025-11-20 08:00:00,Admin,Hardware,Desktop,Medium,Tech_A,37.0,147,Resolved,No,5.0,3
T0972,2025-11-20 16:00:00,Mechanical,Security,Server,High,Tech_A,46.0,245,Resolved,No,2.0,9
T0973,2025-11-21 00:00:00,CSE,Printer,Printer,Medium,Tech_D,19.0,110,Resolved,No,4.0,3
T0974,2025-11-21 08:00:00,Mechanical,Security,Laptop,High,Tech_B,72.0,276,Resolved,No,3.0,8
T0975,2025-11-21 16:00:00,IT,Hardware,Laptop,Medium,Tech_D,69.0,220,Escalated,No,1.0,8
T0976,2025-11-22 00:00:00,ENTC,Software,Server,Low,Tech_C,36.0,94,Resolved,No,2.0,3
T0977,2025-11-22 08:00:00,CSE,Printer,Printer,Low,Tech_C,15.0,147,Resolved,No,4.0,10
T0978,2025-11-22 16:00:00,Admin,Security,Server,High,Tech_D,98.0,311,Pending,No,4.0,10
T0979,2025-11-23 00:00:00,IT,Security,Server,High,Tech_E,41.0,201,Resolved,No,4.0,6
T0980,2025-11-23 08:00:00,Mechanical,Hardware,Desktop,High,Tech_B,23.0,217,Resolved,No,2.0,8
T0981,2025-11-23 16:00:00,Accounts,Hardware,Laptop,Medium,Tech_A,55.0,226,Resolved,No,5.0,8
T0982,2025-11-24 00:00:00,IT,Login,Server,Medium,Tech_B,104.0,270,Resolved,Yes,2.0,10
T0983,2025-11-24 08:00:00,CSE,Security,Server,High,Tech_E,38.0,297,Escalated,Yes,1.0,10
T0984,2025-11-24 16:00:00,Mechanical,Hardware,Laptop,Medium,Tech_D,75.0,219,Resolved,No,2.0,9
T0985,2025-11-25 00:00:00,ENTC,Network,Router,High,Tech_D,64.0,271,Resolved,Yes,4.0,9
T0986,2025-11-25 08:00:00,IT,Printer,Printer,Low,Tech_C,113.0,190,Escalated,No,5.0,8
T0987,2025-11-25 16:00:00,CSE,Network,Router,Medium,Tech_D,88.0,209,Resolved,No,5.0,7
T0988,2025-11-26 00:00:00,Admin,Printer,Printer,Medium,Tech_E,57.0,187,Resolved,No,1.0,10
T0989,2025-11-26 08:00:00,Accounts,Security,Desktop,Medium,Tech_D,16.0,129,Resolved,No,1.0,3
T0990,2025-11-26 16:00:00,Mechanical,Login,Server,Medium,Tech_D,66.0,203,Escalated,Yes,3.0,7
T0991,2025-11-27 00:00:00,IT,Hardware,Laptop,Low,Tech_E,100.0,167,Resolved,No,3.0,4
T0992,2025-11-27 08:00:00,IT,Hardware,Laptop,Low,Tech_A,70.0,143,Resolved,No,3.0,2
T0993,2025-11-27 16:00:00,ENTC,Hardware,Desktop,Medium,Tech_B,90.0,229,Resolved,No,2.0,8
T0994,2025-11-28 00:00:00,ENTC,Security,Laptop,High,Tech_D,109.0,217,Resolved,No,5.0,2
T0995,2025-11-28 08:00:00,Admin,Printer,Printer,Low,Tech_B,52.0,125,Escalated,Yes,1.0,1
T0996,2025-11-28 16:00:00,Accounts,Hardware,Desktop,Medium,Tech_B,44.0,173,Resolved,No,3.0,5
T0997,2025-11-29 00:00:00,Admin,Network,Server,Low,Tech_C,28.0,161,Pending,No,1.0,10
T0998,2025-11-29 08:00:00,CSE,Hardware,Desktop,Medium,Tech_A,54.0,232,Resolved,Yes,3.0,9
T0999,2025-11-29 16:00:00,CSE,Security,Desktop,Medium,Tech_B,99.0,210,Pending,No,2.0,5
T1000,2025-11-30 00:00:00,Admin,Login,Desktop,Medium,Tech_C,72.0,136,Pending,No,2.0,2
T1001,2025-11-30 08:00:00,Accounts,Network,Router,Medium,Tech_E,92.0,247,Resolved,No,4.0,10
T1002,2025-11-30 16:00:00,Admin,Hardware,Desktop,Medium,Tech_E,47.0,182,Resolved,No,1.0,4
T1003,2025-12-01 00:00:00,Accounts,Hardware,Desktop,Medium,Tech_E,21.0,177,Escalated,No,4.0,8
T1004,2025-12-01 08:00:00,Accounts,Software,Desktop,Medium,Tech_E,108.0,215,Pending,No,2.0,7
T1005,2025-12-01 16:00:00,Mechanical,Printer,Printer,Medium,Tech_E,87.0,185,Resolved,No,2.0,5
T1006,2025-12-02 00:00:00,Accounts,Network,Server,Medium,Tech_C,108.0,183,Resolved,No,1.0,4
T1007,2025-12-02 08:00:00,ENTC,Software,Laptop,Medium,Tech_A,106.0,196,Pending,No,4.0,5
T1008,2025-12-02 16:00:00,Accounts,Login,Server,Medium,Tech_A,59.0,163,Resolved,No,4.0,7
T1009,2025-12-03 00:00:00,Accounts,Printer,Printer,Low,Tech_C,38.0,110,Resolved,No,4.0,5
T1010,2025-12-03 08:00:00,Accounts,Network,Laptop,Medium,Tech_C,115.0,249,Escalated,No,1.0,8
T1011,2025-12-03 16:00:00,CSE,Hardware,Desktop,High,Tech_D,101.0,244,Escalated,No,1.0,7
T1012,2025-12-04 00:00:00,ENTC,Network,Server,Medium,Tech_B,74.0,212,Pending,No,1.0,7
T1013,2025-12-04 08:00:00,ENTC,Hardware,Desktop,Medium,Tech_E,64.0,223,Resolved,No,5.0,9
T1014,2025-12-04 16:00:00,Admin,Printer,Printer,Low,Tech_B,55.0,150,Escalated,No,2.0,8
T1015,2025-12-05 00:00:00,Mechanical,Hardware,Desktop,Low,Tech_D,104.0,231,Resolved,No,5.0,8
T1016,2025-12-05 08:00:00,Accounts,Login,Laptop,Low,Tech_A,81.0,145,Resolved,No,5.0,6
T1017,2025-12-05 16:00:00,IT,Security,Desktop,High,Tech_E,115.0,273,Resolved,No,2.0,7
T1018,2025-12-06 00:00:00,Mechanical,Hardware,Desktop,High,Tech_A,77.0,242,Pending,No,3.0,8
T1019,2025-12-06 08:00:00,Mechanical,Login,Desktop,Medium,Tech_C,,146,Resolved,No,3.0,5
T1020,2025-12-06 16:00:00,ENTC,Security,Server,High,Tech_B,38.0,253,Escalated,No,3.0,10
T1021,2025-12-07 00:00:00,Mechanical,Printer,Printer,Low,Tech_A,20.0,58,Escalated,No,1.0,2
T1022,2025-12-07 08:00:00,Accounts,Printer,Printer,Low,Tech_D,86.0,151,Resolved,No,1.0,7
T1023,2025-12-07 16:00:00,Accounts,Network,Router,Medium,Tech_A,22.0,214,Escalated,Yes,4.0,10
T1024,2025-12-08 00:00:00,CSE,Login,Server,Low,Tech_E,42.0,98,Escalated,No,4.0,3
T1025,2025-12-08 08:00:00,Accounts,Login,Laptop,High,Tech_E,118.0,261,Resolved,No,5.0,10
T1026,2025-12-08 16:00:00,Accounts,Software,Laptop,High,Tech_B,47.0,196,Resolved,No,4.0,8
T1027,2025-12-09 00:00:00,ENTC,Software,Desktop,High,Tech_C,36.0,180,Resolved,No,1.0,6
T1028,2025-12-09 08:00:00,Accounts,Security,Server,High,Tech_E,11.0,195,Resolved,No,5.0,4
T1029,2025-12-09 16:00:00,CSE,Security,Server,High,Tech_D,91.0,221,Pending,No,4.0,2
T1030,2025-12-10 00:00:00,IT,Software,Desktop,Low,Tech_B,91.0,184,Resolved,Yes,4.0,7
T1031,2025-12-10 08:00:00,ENTC,Security,Server,High,Tech_E,50.0,185,Escalated,No,3.0,1
T1032,2025-12-10 16:00:00,IT,Hardware,Laptop,Medium,Tech_D,65.0,202,Escalated,No,,7
T1033,2025-12-11 00:00:00,ENTC,Software,Laptop,Medium,Tech_A,22.0,159,Resolved,No,5.0,10
T1034,2025-12-11 08:00:00,Admin,Login,Server,High,Tech_D,75.0,257,Resolved,Yes,2.0,10
T1035,2025-12-11 16:00:00,Mechanical,Hardware,Laptop,High,Tech_B,110.0,279,Resolved,No,4.0,7
T1036,2025-12-12 00:00:00,Admin,Security,Server,Medium,Tech_E,44.0,213,Resolved,No,1.0,10
T1037,2025-12-12 08:00:00,Accounts,Printer,Printer,Low,Tech_C,92.0,140,Resolved,No,5.0,3
T1038,2025-12-12 16:00:00,IT,Network,Router,Medium,Tech_C,82.0,159,Resolved,No,1.0,4
T1039,2025-12-13 00:00:00,Accounts,Software,Laptop,Medium,Tech_D,54.0,128,Resolved,No,1.0,4
T1040,2025-12-13 08:00:00,Mechanical,Printer,Printer,Medium,Tech_D,9.0,103,Resolved,No,5.0,4
T1041,2025-12-13 16:00:00,ENTC,Security,Laptop,High,Tech_D,114.0,297,Escalated,No,3.0,9
T1042,2025-12-14 00:00:00,Mechanical,Login,Server,Medium,Tech_E,58.0,156,Resolved,No,3.0,6
T1043,2025-12-14 08:00:00,CSE,Network,Router,Medium,Tech_C,90.0,239,Resolved,No,4.0,10
T1044,2025-12-14 16:00:00,Mechanical,Printer,Printer,Low,Tech_C,62.0,156,Resolved,No,3.0,9
T1045,2025-12-15 00:00:00,CSE,Network,Router,High,Tech_B,26.0,159,Resolved,No,4.0,4
T1046,2025-12-15 08:00:00,Mechanical,Software,Desktop,Low,Tech_B,78.0,172,Resolved,No,4.0,7
T1047,2025-12-15 16:00:00,CSE,Security,Laptop,High,Tech_A,94.0,303,Resolved,No,5.0,10
T1048,2025-12-16 00:00:00,IT,Login,Laptop,Medium,Tech_E,83.0,209,Resolved,No,1.0,9
T1049,2025-12-16 08:00:00,Accounts,Security,Server,High,Tech_D,42.0,261,Resolved,No,2.0,10
T1050,2025-12-16 16:00:00,Accounts,Network,Router,Low,Tech_B,109.0,154,Resolved,No,2.0,3
T1051,2025-12-17 00:00:00,Admin,Printer,Printer,Low,Tech_A,110.0,132,Resolved,No,3.0,3
T1052,2025-12-17 08:00:00,Accounts,Software,Server,Medium,Tech_A,53.0,160,Resolved,No,5.0,6
T1053,2025-12-17 16:00:00,ENTC,Software,Laptop,Medium,Tech_C,5.0,161,Resolved,Yes,2.0,8
T1054,2025-12-18 00:00:00,Mechanical,Security,Server,High,Tech_E,82.0,210,Resolved,No,1.0,1
T1055,2025-12-18 08:00:00,Admin,Printer,Printer,Low,Tech_E,40.0,96,Resolved,No,4.0,4
T1056,2025-12-18 16:00:00,ENTC,Printer,Printer,Medium,Tech_D,99.0,206,Pending,No,4.0,8
T1057,2025-12-19 00:00:00,ENTC,Network,Server,Medium,Tech_E,32.0,182,Escalated,Yes,5.0,6
T1058,2025-12-19 08:00:00,CSE,Security,Server,High,Tech_D,102.0,256,Pending,No,3.0,2
T1059,2025-12-19 16:00:00,Accounts,Security,Server,Medium,Tech_E,39.0,190,Resolved,No,1.0,8
T1060,2025-12-20 00:00:00,IT,Hardware,Laptop,High,Tech_C,64.0,205,Resolved,Yes,3.0,1
T1061,2025-12-20 08:00:00,IT,Security,Desktop,High,Tech_A,107.0,216,Resolved,No,3.0,1
T1062,2025-12-20 16:00:00,Admin,Software,Desktop,Medium,Tech_E,66.0,177,Pending,No,5.0,7
T1063,2025-12-21 00:00:00,IT,Network,Router,Medium,Tech_E,91.0,228,Pending,No,4.0,10
T1064,2025-12-21 08:00:00,Mechanical,Printer,Printer,Low,Tech_C,50.0,107,Resolved,No,3.0,3
T1065,2025-12-21 16:00:00,IT,Security,Server,Medium,Tech_B,112.0,243,Resolved,No,3.0,8
T1066,2025-12-22 00:00:00,Admin,Network,Server,Medium,Tech_D,87.0,236,Resolved,No,1.0,9
T1067,2025-12-22 08:00:00,IT,Security,Server,High,Tech_B,86.0,283,Resolved,No,4.0,8
T1068,2025-12-22 16:00:00,Mechanical,Printer,Printer,Medium,Tech_A,83.0,181,Escalated,Yes,3.0,1
T1069,2025-12-23 00:00:00,CSE,Login,Server,High,Tech_B,65.0,179,Resolved,No,2.0,1
T1070,2025-12-23 08:00:00,Admin,Printer,Printer,Medium,Tech_A,69.0,156,Resolved,No,2.0,6
T1071,2025-12-23 16:00:00,CSE,Printer,Printer,Low,Tech_D,93.0,129,Pending,No,4.0,1
T1072,2025-12-24 00:00:00,CSE,Printer,Printer,Medium,Tech_C,30.0,151,Resolved,No,4.0,8
T1073,2025-12-24 08:00:00,CSE,Security,Server,High,Tech_A,39.0,227,Resolved,No,5.0,6
T1074,2025-12-24 16:00:00,ENTC,Hardware,Desktop,Medium,Tech_D,61.0,226,Resolved,Yes,3.0,5
T1075,2025-12-25 00:00:00,Accounts,Printer,Printer,Low,Tech_C,83.0,142,Resolved,No,2.0,6
T1076,2025-12-25 08:00:00,ENTC,Software,Server,High,Tech_B,67.0,217,Resolved,Yes,2.0,4
T1077,2025-12-25 16:00:00,Accounts,Software,Laptop,Medium,Tech_B,8.0,62,Resolved,No,4.0,1
T1078,2025-12-26 00:00:00,CSE,Network,Router,Medium,Tech_A,83.0,216,Resolved,No,4.0,7
T1079,2025-12-26 08:00:00,Admin,Hardware,Laptop,Medium,Tech_E,46.0,240,Resolved,No,1.0,10
T1080,2025-12-26 16:00:00,Accounts,Network,Router,Medium,Tech_E,106.0,272,Resolved,Yes,1.0,9
T1081,2025-12-27 00:00:00,Mechanical,Software,Laptop,Medium,Tech_C,49.0,159,Pending,No,4.0,4
T1082,2025-12-27 08:00:00,Mechanical,Software,Laptop,Medium,Tech_B,43.0,152,Resolved,No,1.0,4
T1083,2025-12-27 16:00:00,IT,Login,Laptop,Medium,Tech_D,69.0,214,Resolved,Yes,4.0,9
T1084,2025-12-28 00:00:00,Accounts,Printer,Printer,Low,Tech_C,26.0,94,Resolved,No,4.0,4
T1085,2025-12-28 08:00:00,Admin,Software,Desktop,Medium,Tech_A,15.0,202,Resolved,Yes,5.0,10
T1086,2025-12-28 16:00:00,ENTC,Security,Laptop,High,Tech_A,114.0,248,Resolved,No,1.0,4
T1087,2025-12-29 00:00:00,CSE,Security,Desktop,High,Tech_C,,309,Pending,No,3.0,8
T1088,2025-12-29 08:00:00,IT,Network,Laptop,Medium,Tech_D,41.0,141,Resolved,No,3.0,4
T1089,2025-12-29 16:00:00,Mechanical,Network,Router,Medium,Tech_B,119.0,273,Resolved,Yes,5.0,9
T1090,2025-12-30 00:00:00,ENTC,Printer,Printer,Medium,Tech_B,94.0,199,Resolved,No,3.0,8
T1091,2025-12-30 08:00:00,ENTC,Printer,Printer,Low,Tech_D,55.0,122,Pending,No,3.0,5
T1092,2025-12-30 16:00:00,CSE,Login,Desktop,High,Tech_B,95.0,287,Escalated,No,5.0,9
T1093,2025-12-31 00:00:00,Accounts,Hardware,Laptop,Medium,Tech_E,62.0,201,Resolved,No,2.0,8
T1094,2025-12-31 08:00:00,Mechanical,Network,Laptop,Medium,Tech_E,81.0,237,Resolved,Yes,5.0,10
T1095,2025-12-31 16:00:00,Admin,Printer,Printer,Low,Tech_D,11.0,81,Resolved,No,5.0,4
T1096,2026-01-01 00:00:00,ENTC,Network,Router,Medium,Tech_E,12.0,115,Pending,No,1.0,4
T1097,2026-01-01 08:00:00,CSE,Printer,Printer,Low,Tech_C,114.0,125,Resolved,No,3.0,1
T1098,2026-01-01 16:00:00,Admin,Software,Desktop,Medium,Tech_B,55.0,155,Resolved,No,3.0,4
T1099,2026-01-02 00:00:00,Accounts,Network,Router,Medium,Tech_C,119.0,228,Resolved,No,2.0,8
T1100,2026-01-02 08:00:00,Mechanical,Software,Desktop,Medium,Tech_D,27.0,131,Resolved,No,5.0,5
T1101,2026-01-02 16:00:00,Accounts,Network,Server,Medium,Tech_E,94.0,208,Resolved,No,4.0,6
T1102,2026-01-03 00:00:00,ENTC,Hardware,Laptop,Medium,Tech_C,112.0,201,Resolved,No,2.0,4
T1103,2026-01-03 08:00:00,Admin,Login,Desktop,Medium,Tech_C,95.0,181,Pending,No,2.0,5
T1104,2026-01-03 16:00:00,Admin,Security,Desktop,High,Tech_A,13.0,243,Resolved,No,3.0,10
T1105,2026-01-04 00:00:00,Admin,Security,Server,High,Tech_C,50.0,273,Resolved,Yes,3.0,8
T1106,2026-01-04 08:00:00,ENTC,Security,Server,High,Tech_E,42.0,254,Resolved,No,3.0,9
T1107,2026-01-04 16:00:00,ENTC,Software,Laptop,Medium,Tech_B,115.0,188,Resolved,No,3.0,3
T1108,2026-01-05 00:00:00,Accounts,Printer,Printer,Medium,Tech_B,17.0,155,Resolved,No,2.0,10
T1109,2026-01-05 08:00:00,IT,Security,Laptop,Medium,Tech_B,11.0,132,Pending,No,5.0,4
T1110,2026-01-05 16:00:00,Accounts,Hardware,Laptop,Medium,Tech_E,15.0,98,Resolved,No,3.0,1
T1111,2026-01-06 00:00:00,Mechanical,Security,Server,High,Tech_B,78.0,229,Pending,No,1.0,5
T1112,2026-01-06 08:00:00,CSE,Network,Server,Medium,Tech_B,101.0,207,Resolved,No,2.0,4
T1113,2026-01-06 16:00:00,Admin,Software,Laptop,Medium,Tech_D,107.0,183,Resolved,No,4.0,6
T1114,2026-01-07 00:00:00,IT,Network,Router,High,Tech_D,54.0,242,Resolved,Yes,4.0,6
T1115,2026-01-07 08:00:00,CSE,Network,Router,Medium,Tech_A,71.0,215,Escalated,No,5.0,10
T1116,2026-01-07 16:00:00,IT,Network,Laptop,Medium,Tech_A,45.0,180,Resolved,No,2.0,6
T1117,2026-01-08 00:00:00,Accounts,Login,Desktop,Medium,Tech_C,33.0,112,Resolved,No,2.0,3
T1118,2026-01-08 08:00:00,ENTC,Login,Desktop,Medium,Tech_C,41.0,159,Resolved,No,2.0,7
T1119,2026-01-08 16:00:00,Admin,Printer,Printer,Low,Tech_C,60.0,113,Resolved,No,1.0,3
T1120,2026-01-09 00:00:00,Accounts,Software,Desktop,Medium,Tech_A,113.0,224,Resolved,No,1.0,6
T1121,2026-01-09 08:00:00,CSE,Hardware,Laptop,Medium,Tech_B,84.0,261,Resolved,Yes,3.0,10
T1122,2026-01-09 16:00:00,CSE,Hardware,Laptop,Medium,Tech_C,20.0,107,Resolved,No,4.0,1
T1123,2026-01-10 00:00:00,CSE,Hardware,Laptop,Medium,Tech_B,48.0,204,Resolved,No,1.0,8
T1124,2026-01-10 08:00:00,CSE,Network,Server,Medium,Tech_B,54.0,164,Resolved,No,4.0,7
T1125,2026-01-10 16:00:00,CSE,Login,Desktop,Medium,Tech_A,111.0,209,Escalated,No,2.0,9
T1126,2026-01-11 00:00:00,IT,Software,Server,Low,Tech_D,117.0,164,Resolved,No,1.0,3
T1127,2026-01-11 08:00:00,Accounts,Network,Laptop,Medium,Tech_D,75.0,216,Resolved,No,4.0,8
T1128,2026-01-11 16:00:00,Admin,Login,Desktop,Medium,Tech_E,83.0,149,Pending,No,1.0,2
T1129,2026-01-12 00:00:00,ENTC,Login,Desktop,High,Tech_D,106.0,259,Resolved,No,2.0,9
T1130,2026-01-12 08:00:00,ENTC,Security,Server,High,Tech_C,10.0,150,Resolved,No,2.0,1
T1131,2026-01-12 16:00:00,Accounts,Security,Laptop,High,Tech_A,22.0,266,Resolved,No,2.0,10
T1132,2026-01-13 00:00:00,Accounts,Software,Desktop,Medium,Tech_B,23.0,196,Resolved,Yes,3.0,7
T1133,2026-01-13 08:00:00,ENTC,Software,Laptop,Low,Tech_A,120.0,251,Resolved,Yes,4.0,10
T1134,2026-01-13 16:00:00,ENTC,Software,Server,Medium,Tech_E,55.0,112,Resolved,No,3.0,1
T1135,2026-01-14 00:00:00,IT,Network,Router,Medium,Tech_E,70.0,174,Resolved,No,5.0,6
T1136,2026-01-14 08:00:00,Mechanical,Printer,Printer,Low,Tech_E,7.0,54,Resolved,No,5.0,1
T1137,2026-01-14 16:00:00,Admin,Software,Server,Low,Tech_B,114.0,152,Escalated,No,1.0,4
T1138,2026-01-15 00:00:00,CSE,Security,Server,High,Tech_E,93.0,258,Resolved,No,1.0,7
T1139,2026-01-15 08:00:00,Mechanical,Printer,Printer,Low,Tech_E,104.0,125,Pending,No,1.0,2
T1140,2026-01-15 16:00:00,Accounts,Network,Server,Medium,Tech_E,58.0,157,Resolved,No,3.0,3
T1141,2026-01-16 00:00:00,ENTC,Printer,Printer,Low,Tech_B,53.0,128,Resolved,No,2.0,4
T1142,2026-01-16 08:00:00,Mechanical,Hardware,Laptop,Medium,Tech_E,32.0,171,Resolved,No,1.0,6
T1143,2026-01-16 16:00:00,Admin,Printer,Printer,Low,Tech_C,42.0,153,Resolved,No,1.0,9
T1144,2026-01-17 00:00:00,Accounts,Software,Laptop,Low,Tech_A,32.0,117,Resolved,No,5.0,4
T1145,2026-01-17 08:00:00,CSE,Network,Server,Medium,Tech_E,36.0,172,Pending,No,2.0,6
T1146,2026-01-17 16:00:00,CSE,Software,Server,Medium,Tech_E,119.0,216,Resolved,No,3.0,7
T1147,2026-01-18 00:00:00,Admin,Security,Laptop,High,Tech_A,45.0,220,Resolved,No,2.0,4
T1148,2026-01-18 08:00:00,Admin,Hardware,Laptop,Medium,Tech_E,40.0,186,Resolved,No,5.0,6
T1149,2026-01-18 16:00:00,ENTC,Security,Server,High,Tech_E,107.0,251,Resolved,No,3.0,3
T1150,2026-01-19 00:00:00,CSE,Software,Desktop,Low,Tech_C,40.0,122,Resolved,No,4.0,5
T1151,2026-01-19 08:00:00,Accounts,Software,Desktop,Medium,Tech_D,111.0,250,Resolved,No,1.0,10
T1152,2026-01-19 16:00:00,Mechanical,Software,Server,Medium,Tech_B,91.0,180,Resolved,No,3.0,4
T1153,2026-01-20 00:00:00,Accounts,Login,Desktop,Medium,Tech_B,70.0,158,Resolved,No,5.0,7
T1154,2026-01-20 08:00:00,IT,Hardware,Laptop,High,Tech_A,14.0,195,Resolved,No,2.0,6
T1155,2026-01-20 16:00:00,IT,Software,Server,Medium,Tech_C,74.0,203,Escalated,No,3.0,7
T1156,2026-01-21 00:00:00,Admin,Software,Laptop,Medium,Tech_B,76.0,193,Resolved,No,5.0,6
T1157,2026-01-21 08:00:00,ENTC,Security,Laptop,High,Tech_A,83.0,225,Resolved,No,3.0,2
T1158,2026-01-21 16:00:00,IT,Security,Desktop,Medium,Tech_A,113.0,255,Resolved,No,1.0,7
T1159,2026-01-22 00:00:00,CSE,Software,Laptop,High,Tech_A,97.0,270,Resolved,Yes,2.0,8
T1160,2026-01-22 08:00:00,Accounts,Network,Router,Medium,Tech_B,67.0,217,Pending,Yes,2.0,7
T1161,2026-01-22 16:00:00,Accounts,Login,Server,Low,Tech_D,96.0,157,Resolved,No,3.0,4
T1162,2026-01-23 00:00:00,Admin,Security,Server,High,Tech_A,26.0,200,Resolved,No,5.0,4
T1163,2026-01-23 08:00:00,Mechanical,Network,Server,Low,Tech_E,102.0,187,Resolved,No,1.0,5
T1164,2026-01-23 16:00:00,Admin,Login,Laptop,High,Tech_D,24.0,193,Resolved,No,1.0,9
T1165,2026-01-24 00:00:00,Mechanical,Software,Server,High,Tech_D,37.0,191,Resolved,No,3.0,5
T1166,2026-01-24 08:00:00,Admin,Hardware,Laptop,Medium,Tech_E,19.0,115,Pending,No,4.0,2
T1167,2026-01-24 16:00:00,Admin,Printer,Printer,Low,Tech_B,11.0,91,Resolved,No,3.0,5
T1168,2026-01-25 00:00:00,Admin,Printer,Printer,Low,Tech_B,92.0,124,Resolved,No,1.0,3
T1169,2026-01-25 08:00:00,Mechanical,Software,Laptop,Medium,Tech_C,94.0,254,Pending,Yes,2.0,10
T1170,2026-01-25 16:00:00,Mechanical,Security,Laptop,Medium,Tech_B,54.0,242,Resolved,No,3.0,8
T1171,2026-01-26 00:00:00,Admin,Network,Laptop,Medium,Tech_C,14.0,212,Resolved,Yes,3.0,10
T1172,2026-01-26 08:00:00,IT,Hardware,Laptop,High,Tech_A,83.0,280,Escalated,No,2.0,10
T1173,2026-01-26 16:00:00,ENTC,Login,Laptop,Medium,Tech_B,41.0,131,Resolved,No,3.0,2
T1174,2026-01-27 00:00:00,ENTC,Software,Desktop,Medium,Tech_B,63.0,122,Escalated,No,5.0,4
T1175,2026-01-27 08:00:00,ENTC,Hardware,Laptop,Medium,Tech_E,92.0,202,Resolved,No,2.0,5
T1176,2026-01-27 16:00:00,Mechanical,Hardware,Laptop,High,Tech_A,79.0,214,Resolved,No,2.0,4
T1177,2026-01-28 00:00:00,Mechanical,Security,Server,Low,Tech_C,108.0,196,Resolved,No,2.0,5
T1178,2026-01-28 08:00:00,IT,Login,Desktop,Medium,Tech_A,67.0,212,Resolved,Yes,1.0,10
T1179,2026-01-28 16:00:00,ENTC,Hardware,Laptop,Medium,Tech_D,25.0,142,Resolved,No,3.0,4
T1180,2026-01-29 00:00:00,ENTC,Security,Laptop,High,Tech_E,108.0,256,Resolved,No,4.0,3
T1181,2026-01-29 08:00:00,Admin,Network,Laptop,High,Tech_D,106.0,227,Escalated,Yes,3.0,1
T1182,2026-01-29 16:00:00,Mechanical,Security,Laptop,High,Tech_C,83.0,248,Pending,No,3.0,4
T1183,2026-01-30 00:00:00,ENTC,Network,Router,Medium,Tech_B,83.0,224,Resolved,No,1.0,9
T1184,2026-01-30 08:00:00,Accounts,Network,Server,Medium,Tech_B,41.0,134,Resolved,No,5.0,1
T1185,2026-01-30 16:00:00,IT,Hardware,Laptop,Low,Tech_B,49.0,159,Resolved,No,5.0,7
T1186,2026-01-31 00:00:00,Accounts,Security,Server,High,Tech_C,18.0,158,Resolved,No,1.0,3
T1187,2026-01-31 08:00:00,Accounts,Network,Laptop,Medium,Tech_D,47.0,193,Pending,Yes,1.0,8
T1188,2026-01-31 16:00:00,IT,Login,Desktop,Medium,Tech_C,120.0,203,Resolved,No,1.0,6
T1189,2026-02-01 00:00:00,Accounts,Hardware,Laptop,High,Tech_C,89.0,190,Resolved,No,3.0,1
T1190,2026-02-01 08:00:00,ENTC,Security,Server,High,Tech_D,112.0,332,Resolved,Yes,1.0,10
T1191,2026-02-01 16:00:00,Mechanical,Security,Server,High,Tech_B,88.0,265,Resolved,No,4.0,5
T1192,2026-02-02 00:00:00,IT,Printer,Printer,Low,Tech_E,37.0,117,Resolved,No,2.0,8
T1193,2026-02-02 08:00:00,Admin,Security,Laptop,High,Tech_C,7.0,215,Resolved,Yes,5.0,3
T1194,2026-02-02 16:00:00,Accounts,Hardware,Desktop,Low,Tech_C,108.0,172,Resolved,No,4.0,4
T1195,2026-02-03 00:00:00,IT,Login,Server,Low,Tech_D,91.0,156,Resolved,No,5.0,7
T1196,2026-02-03 08:00:00,CSE,Security,Server,Medium,Tech_E,48.0,218,Resolved,Yes,3.0,6
T1197,2026-02-03 16:00:00,CSE,Printer,Printer,Low,Tech_C,115.0,202,Pending,No,3.0,7
T1198,2026-02-04 00:00:00,Mechanical,Hardware,Desktop,Low,Tech_A,91.0,206,Resolved,No,1.0,9
T1199,2026-02-04 08:00:00,ENTC,Network,Server,High,Tech_E,95.0,260,Resolved,No,,9
T1200,2026-02-04 16:00:00,Mechanical,Software,Desktop,High,Tech_C,39.0,146,Resolved,No,3.0,2
T1201,2026-02-05 00:00:00,Mechanical,Software,Server,High,Tech_E,29.0,168,Resolved,No,3.0,3
T1202,2026-02-05 08:00:00,Mechanical,Network,Server,Low,Tech_A,,161,Pending,No,5.0,4
T1203,2026-02-05 16:00:00,Mechanical,Security,Server,High,Tech_A,90.0,292,Pending,Yes,3.0,6
T1204,2026-02-06 00:00:00,Admin,Software,Server,High,Tech_E,12.0,160,Escalated,No,1.0,5
T1205,2026-02-06 08:00:00,Admin,Software,Laptop,High,Tech_B,119.0,247,Escalated,No,3.0,6
T1206,2026-02-06 16:00:00,IT,Network,Server,Medium,Tech_E,120.0,236,Pending,No,4.0,8
T1207,2026-02-07 00:00:00,CSE,Security,Laptop,High,Tech_D,66.0,231,Resolved,No,4.0,2
T1208,2026-02-07 08:00:00,Mechanical,Security,Laptop,Medium,Tech_B,106.0,297,Resolved,Yes,1.0,6
T1209,2026-02-07 16:00:00,IT,Network,Router,High,Tech_A,22.0,202,Resolved,No,4.0,9
T1210,2026-02-08 00:00:00,CSE,Security,Server,Medium,Tech_B,96.0,209,Escalated,No,3.0,5
T1211,2026-02-08 08:00:00,Accounts,Security,Desktop,High,Tech_A,32.0,198,Resolved,Yes,4.0,1
T1212,2026-02-08 16:00:00,ENTC,Hardware,Laptop,High,Tech_A,79.0,229,Resolved,No,4.0,8
T1213,2026-02-09 00:00:00,Admin,Hardware,Laptop,Medium,Tech_A,16.0,139,Escalated,No,3.0,4
T1214,2026-02-09 08:00:00,Accounts,Network,Server,Medium,Tech_D,68.0,227,Resolved,No,,8
T1215,2026-02-09 16:00:00,CSE,Login,Server,High,Tech_D,6.0,133,Resolved,No,1.0,4
T1216,2026-02-10 00:00:00,Accounts,Software,Server,High,Tech_C,63.0,262,Pending,Yes,5.0,8
T1217,2026-02-10 08:00:00,ENTC,Hardware,Laptop,Low,Tech_D,41.0,194,Pending,No,5.0,9
T1218,2026-02-10 16:00:00,CSE,Software,Desktop,High,Tech_A,8.0,146,Pending,No,4.0,5
T1219,2026-02-11 00:00:00,Accounts,Printer,Printer,Low,Tech_E,45.0,141,Pending,Yes,2.0,5
T1220,2026-02-11 08:00:00,Admin,Network,Server,Medium,Tech_B,49.0,139,Resolved,No,5.0,2
T1221,2026-02-11 16:00:00,Admin,Login,Desktop,Medium,Tech_E,113.0,239,Resolved,No,3.0,9
T1222,2026-02-12 00:00:00,IT,Printer,Printer,Low,Tech_A,115.0,167,Resolved,No,3.0,4
T1223,2026-02-12 08:00:00,Accounts,Printer,Printer,Low,Tech_E,38.0,104,Pending,No,3.0,3
T1224,2026-02-12 16:00:00,Mechanical,Security,Desktop,Medium,Tech_B,91.0,207,Resolved,Yes,2.0,2
T1225,2026-02-13 00:00:00,Accounts,Printer,Printer,Medium,Tech_C,17.0,102,Resolved,No,2.0,3
T1226,2026-02-13 08:00:00,CSE,Network,Laptop,Medium,Tech_C,11.0,142,Resolved,No,1.0,4
T1227,2026-02-13 16:00:00,CSE,Hardware,Laptop,High,Tech_D,36.0,252,Resolved,No,2.0,9
T1228,2026-02-14 00:00:00,Accounts,Network,Router,Medium,Tech_E,27.0,157,Resolved,No,1.0,6
T1229,2026-02-14 08:00:00,ENTC,Hardware,Laptop,Low,Tech_D,53.0,188,Pending,No,3.0,10
T1230,2026-02-14 16:00:00,Admin,Printer,Printer,Medium,Tech_D,76.0,174,Resolved,No,2.0,5
T1231,2026-02-15 00:00:00,CSE,Printer,Printer,Medium,Tech_E,118.0,236,Resolved,No,4.0,9
T1232,2026-02-15 08:00:00,Admin,Login,Desktop,Medium,Tech_E,115.0,229,Resolved,No,4.0,8
T1233,2026-02-15 16:00:00,CSE,Hardware,Desktop,Low,Tech_B,51.0,167,Resolved,No,4.0,6
T1234,2026-02-16 00:00:00,IT,Printer,Printer,Medium,Tech_E,41.0,106,Resolved,No,2.0,3
T1235,2026-02-16 08:00:00,Mechanical,Security,Server,High,Tech_E,102.0,290,Resolved,No,2.0,7
T1236,2026-02-16 16:00:00,CSE,Software,Desktop,High,Tech_D,52.0,236,Escalated,No,2.0,10
T1237,2026-02-17 00:00:00,Admin,Login,Desktop,Low,Tech_C,33.0,157,Pending,Yes,4.0,6
T1238,2026-02-17 08:00:00,IT,Network,Router,Medium,Tech_A,41.0,183,Pending,No,3.0,8
T1239,2026-02-17 16:00:00,CSE,Login,Server,Medium,Tech_C,27.0,146,Resolved,No,,6
T1240,2026-02-18 00:00:00,ENTC,Software,Laptop,Medium,Tech_E,42.0,197,Pending,No,3.0,10
T1241,2026-02-18 08:00:00,Mechanical,Hardware,Laptop,Low,Tech_A,97.0,167,Pending,No,2.0,4
T1242,2026-02-18 16:00:00,CSE,Network,Router,Medium,Tech_E,48.0,195,Escalated,No,5.0,10
T1243,2026-02-19 00:00:00,IT,Network,Laptop,Medium,Tech_B,9.0,159,Resolved,No,5.0,7
T1244,2026-02-19 08:00:00,ENTC,Hardware,Laptop,Medium,Tech_E,56.0,185,Resolved,No,3.0,7
T1245,2026-02-19 16:00:00,Accounts,Login,Laptop,Medium,Tech_A,44.0,166,Resolved,No,4.0,8
T1246,2026-02-20 00:00:00,IT,Printer,Printer,Low,Tech_B,15.0,60,Escalated,No,1.0,2
T1247,2026-02-20 08:00:00,IT,Login,Desktop,High,Tech_A,,245,Resolved,Yes,4.0,6
T1248,2026-02-20 16:00:00,ENTC,Software,Laptop,High,Tech_B,117.0,228,Resolved,No,4.0,3
T1249,2026-02-21 00:00:00,IT,Security,Server,Medium,Tech_D,110.0,266,Resolved,Yes,5.0,8
T1250,2026-02-21 08:00:00,ENTC,Printer,Printer,Low,Tech_A,6.0,67,Pending,No,2.0,4
T1251,2026-02-21 16:00:00,CSE,Login,Desktop,High,Tech_D,39.0,156,Escalated,No,2.0,4
T1252,2026-02-22 00:00:00,ENTC,Security,Laptop,High,Tech_D,49.0,192,Resolved,No,5.0,2
T1253,2026-02-22 08:00:00,ENTC,Security,Laptop,High,Tech_E,53.0,210,Pending,No,4.0,6
T1254,2026-02-22 16:00:00,Mechanical,Hardware,Desktop,Medium,Tech_C,39.0,187,Resolved,No,3.0,6
T1255,2026-02-23 00:00:00,ENTC,Software,Laptop,Medium,Tech_B,110.0,162,Resolved,No,1.0,1
T1256,2026-02-23 08:00:00,ENTC,Software,Desktop,Medium,Tech_A,96.0,212,Pending,No,4.0,8
T1257,2026-02-23 16:00:00,Accounts,Software,Desktop,Medium,Tech_D,76.0,188,Pending,Yes,4.0,3
T1258,2026-02-24 00:00:00,CSE,Printer,Printer,Low,Tech_E,36.0,102,Resolved,Yes,1.0,1
T1259,2026-02-24 08:00:00,Mechanical,Network,Router,Low,Tech_A,72.0,205,Resolved,No,3.0,10
T1260,2026-02-24 16:00:00,Accounts,Printer,Printer,High,Tech_E,113.0,189,Resolved,No,1.0,1
T1261,2026-02-25 00:00:00,Admin,Login,Server,Medium,Tech_A,75.0,132,Resolved,No,5.0,1
T1262,2026-02-25 08:00:00,CSE,Security,Laptop,High,Tech_E,43.0,227,Resolved,No,1.0,5
T1263,2026-02-25 16:00:00,CSE,Security,Desktop,High,Tech_E,52.0,230,Resolved,No,1.0,5
T1264,2026-02-26 00:00:00,Admin,Network,Router,Medium,Tech_C,95.0,181,Escalated,No,4.0,1
T1265,2026-02-26 08:00:00,ENTC,Login,Desktop,Medium,Tech_D,41.0,142,Resolved,No,4.0,5
T1266,2026-02-26 16:00:00,Accounts,Network,Router,High,Tech_B,64.0,234,Resolved,No,2.0,7
T1267,2026-02-27 00:00:00,IT,Security,Laptop,High,Tech_B,85.0,247,Resolved,No,1.0,5
T1268,2026-02-27 08:00:00,Mechanical,Printer,Printer,Low,Tech_A,78.0,178,Pending,No,5.0,9
T1269,2026-02-27 16:00:00,IT,Software,Laptop,High,Tech_A,8.0,152,Resolved,No,2.0,4
T1270,2026-02-28 00:00:00,Admin,Security,Laptop,Medium,Tech_C,27.0,201,Resolved,No,1.0,9
T1271,2026-02-28 08:00:00,CSE,Hardware,Laptop,Low,Tech_A,18.0,143,Resolved,No,4.0,8
T1272,2026-02-28 16:00:00,CSE,Software,Laptop,High,Tech_B,9.0,128,Resolved,No,5.0,1
T1273,2026-03-01 00:00:00,Mechanical,Security,Server,High,Tech_D,70.0,234,Resolved,No,3.0,4
T1274,2026-03-01 08:00:00,CSE,Printer,Printer,Medium,Tech_C,114.0,226,Resolved,No,2.0,7
T1275,2026-03-01 16:00:00,CSE,Network,Server,Low,Tech_A,28.0,85,Resolved,No,4.0,1
T1276,2026-03-02 00:00:00,Mechanical,Software,Laptop,Low,Tech_C,22.0,122,Resolved,No,3.0,8
T1277,2026-03-02 08:00:00,Accounts,Printer,Printer,Low,Tech_C,31.0,76,Resolved,No,1.0,2
T1278,2026-03-02 16:00:00,Accounts,Login,Desktop,Medium,Tech_C,28.0,167,Escalated,No,5.0,8
T1279,2026-03-03 00:00:00,Mechanical,Hardware,Desktop,Medium,Tech_A,33.0,150,Pending,Yes,4.0,4
T1280,2026-03-03 08:00:00,Admin,Software,Desktop,Medium,Tech_E,15.0,153,Resolved,No,4.0,8
T1281,2026-03-03 16:00:00,CSE,Network,Server,Low,Tech_A,116.0,159,Resolved,No,5.0,1
T1282,2026-03-04 00:00:00,CSE,Login,Desktop,Medium,Tech_A,22.0,129,Resolved,No,4.0,5
T1283,2026-03-04 08:00:00,Admin,Printer,Printer,Low,Tech_A,116.0,224,Resolved,Yes,4.0,9
T1284,2026-03-04 16:00:00,Accounts,Hardware,Desktop,Low,Tech_A,8.0,145,Escalated,Yes,1.0,7
T1285,2026-03-05 00:00:00,ENTC,Network,Router,High,Tech_A,37.0,170,Resolved,No,2.0,3
T1286,2026-03-05 08:00:00,ENTC,Printer,Printer,Low,Tech_C,82.0,118,Escalated,No,3.0,4
T1287,2026-03-05 16:00:00,ENTC,Printer,Printer,Medium,Tech_C,112.0,242,Escalated,No,5.0,10
T1288,2026-03-06 00:00:00,Accounts,Software,Server,High,Tech_A,46.0,203,Resolved,No,3.0,7
T1289,2026-03-06 08:00:00,Accounts,Software,Laptop,Medium,Tech_D,36.0,169,Resolved,No,5.0,6
T1290,2026-03-06 16:00:00,Admin,Network,Router,Medium,Tech_D,55.0,134,Resolved,No,5.0,4
T1291,2026-03-07 00:00:00,CSE,Security,Server,High,Tech_E,8.0,169,Resolved,No,4.0,3
T1292,2026-03-07 08:00:00,Admin,Security,Laptop,High,Tech_D,24.0,185,Pending,No,1.0,2
T1293,2026-03-07 16:00:00,Admin,Printer,Printer,Low,Tech_B,89.0,205,Resolved,No,5.0,10
T1294,2026-03-08 00:00:00,Accounts,Software,Desktop,Medium,Tech_B,71.0,214,Resolved,No,3.0,9
T1295,2026-03-08 08:00:00,ENTC,Hardware,Desktop,High,Tech_D,93.0,210,Escalated,No,2.0,3
T1296,2026-03-08 16:00:00,IT,Hardware,Laptop,High,Tech_A,72.0,236,Escalated,No,3.0,7
T1297,2026-03-09 00:00:00,CSE,Printer,Printer,Low,Tech_D,66.0,67,Resolved,No,1.0,1
T1298,2026-03-09 08:00:00,Accounts,Software,Laptop,High,Tech_B,62.0,224,Pending,No,2.0,8
T1299,2026-03-09 16:00:00,ENTC,Network,Server,High,Tech_D,51.0,176,Resolved,No,4.0,1
T1300,2026-03-10 00:00:00,IT,Network,Router,Medium,Tech_C,79.0,157,Pending,No,3.0,2
T1301,2026-03-10 08:00:00,IT,Network,Server,Medium,Tech_E,84.0,159,Resolved,No,3.0,1
T1302,2026-03-10 16:00:00,Accounts,Hardware,Desktop,Low,Tech_C,63.0,155,Escalated,No,5.0,4
T1303,2026-03-11 00:00:00,Mechanical,Software,Laptop,Low,Tech_C,104.0,137,Resolved,No,5.0,2
T1304,2026-03-11 08:00:00,CSE,Software,Server,High,Tech_E,10.0,92,Resolved,No,2.0,1
T1305,2026-03-11 16:00:00,IT,Hardware,Laptop,Medium,Tech_A,99.0,189,Resolved,No,4.0,1
T1306,2026-03-12 00:00:00,Accounts,Network,Laptop,High,Tech_E,44.0,171,Resolved,No,5.0,2
T1307,2026-03-12 08:00:00,Accounts,Network,Router,Medium,Tech_A,81.0,180,Resolved,No,3.0,6
T1308,2026-03-12 16:00:00,ENTC,Printer,Printer,Low,Tech_B,27.0,78,Pending,No,2.0,2
T1309,2026-03-13 00:00:00,Mechanical,Security,Server,High,Tech_D,56.0,202,Pending,No,5.0,2
T1310,2026-03-13 08:00:00,CSE,Login,Laptop,Low,Tech_B,8.0,134,Pending,No,5.0,8
T1311,2026-03-13 16:00:00,Admin,Security,Desktop,High,Tech_B,41.0,221,Pending,No,1.0,5
T1312,2026-03-14 00:00:00,ENTC,Software,Desktop,Medium,Tech_B,46.0,182,Escalated,No,2.0,8
T1313,2026-03-14 08:00:00,IT,Software,Laptop,Medium,Tech_D,105.0,223,Pending,No,2.0,8
T1314,2026-03-14 16:00:00,IT,Software,Desktop,Low,Tech_A,48.0,90,Resolved,No,4.0,2
T1315,2026-03-15 00:00:00,ENTC,Security,Desktop,High,Tech_E,101.0,287,Pending,No,5.0,7
T1316,2026-03-15 08:00:00,Accounts,Login,Desktop,High,Tech_A,46.0,215,Resolved,No,2.0,9
T1317,2026-03-15 16:00:00,IT,Printer,Printer,Low,Tech_A,33.0,120,Escalated,No,4.0,8
T1318,2026-03-16 00:00:00,Mechanical,Security,Laptop,High,Tech_C,105.0,292,Resolved,No,5.0,9
T1319,2026-03-16 08:00:00,CSE,Login,Laptop,Medium,Tech_D,23.0,166,Resolved,Yes,3.0,8
T1320,2026-03-16 16:00:00,Mechanical,Network,Laptop,Medium,Tech_A,119.0,218,Resolved,No,1.0,4
T1321,2026-03-17 00:00:00,IT,Network,Router,Medium,Tech_A,88.0,260,Resolved,No,4.0,10
T1322,2026-03-17 08:00:00,Admin,Software,Desktop,Medium,Tech_B,36.0,174,Resolved,No,1.0,7
T1323,2026-03-17 16:00:00,CSE,Hardware,Desktop,Low,Tech_C,48.0,212,Escalated,Yes,3.0,9
T1324,2026-03-18 00:00:00,CSE,Software,Desktop,Medium,Tech_E,59.0,194,Resolved,No,2.0,9
T1325,2026-03-18 08:00:00,ENTC,Hardware,Laptop,Medium,Tech_C,84.0,186,Resolved,No,5.0,4
T1326,2026-03-18 16:00:00,ENTC,Login,Desktop,Medium,Tech_B,9.0,123,Resolved,No,2.0,7
T1327,2026-03-19 00:00:00,Admin,Network,Router,Medium,Tech_B,117.0,245,Resolved,No,1.0,6
T1328,2026-03-19 08:00:00,Accounts,Security,Laptop,High,Tech_B,50.0,192,Resolved,No,2.0,3
T1329,2026-03-19 16:00:00,CSE,Hardware,Laptop,Medium,Tech_D,80.0,230,Resolved,No,2.0,10
T1330,2026-03-20 00:00:00,Admin,Login,Desktop,Medium,Tech_B,49.0,153,Resolved,No,4.0,6
T1331,2026-03-20 08:00:00,ENTC,Network,Laptop,Medium,Tech_A,25.0,194,Resolved,Yes,4.0,8
T1332,2026-03-20 16:00:00,ENTC,Security,Laptop,High,Tech_D,82.0,227,Resolved,No,3.0,2
T1333,2026-03-21 00:00:00,CSE,Hardware,Desktop,Low,Tech_B,105.0,163,Pending,No,4.0,3
T1334,2026-03-21 08:00:00,Mechanical,Software,Laptop,High,Tech_D,26.0,173,Resolved,No,4.0,8
T1335,2026-03-21 16:00:00,IT,Software,Server,Medium,Tech_A,34.0,129,Resolved,No,4.0,4
T1336,2026-03-22 00:00:00,ENTC,Software,Desktop,Medium,Tech_B,27.0,124,Resolved,No,4.0,4
T1337,2026-03-22 08:00:00,Accounts,Login,Desktop,Medium,Tech_B,9.0,87,Resolved,No,3.0,2
T1338,2026-03-22 16:00:00,Accounts,Software,Server,Medium,Tech_A,67.0,207,Resolved,No,4.0,10
T1339,2026-03-23 00:00:00,ENTC,Printer,Printer,Medium,Tech_B,97.0,138,Resolved,No,4.0,1
T1340,2026-03-23 08:00:00,Mechanical,Network,Server,Medium,Tech_A,63.0,174,Escalated,No,1.0,7
T1341,2026-03-23 16:00:00,Mechanical,Login,Laptop,Medium,Tech_B,98.0,192,Resolved,No,4.0,4
T1342,2026-03-24 00:00:00,Admin,Security,Laptop,High,Tech_B,86.0,275,Resolved,No,3.0,6
T1343,2026-03-24 08:00:00,Accounts,Software,Desktop,Medium,Tech_C,114.0,269,Resolved,Yes,3.0,8
T1344,2026-03-24 16:00:00,Admin,Network,Router,Medium,Tech_D,118.0,217,Resolved,No,2.0,7
T1345,2026-03-25 00:00:00,Accounts,Hardware,Laptop,Low,Tech_E,56.0,175,Resolved,No,4.0,7
T1346,2026-03-25 08:00:00,IT,Software,Laptop,Medium,Tech_C,69.0,196,Resolved,Yes,5.0,6
T1347,2026-03-25 16:00:00,IT,Network,Server,Medium,Tech_C,43.0,143,Escalated,No,2.0,4
T1348,2026-03-26 00:00:00,CSE,Printer,Printer,Low,Tech_D,85.0,124,Resolved,No,3.0,4
T1349,2026-03-26 08:00:00,Admin,Hardware,Desktop,Medium,Tech_C,7.0,232,Resolved,Yes,2.0,9
T1350,2026-03-26 16:00:00,ENTC,Printer,Printer,Low,Tech_A,46.0,112,Pending,No,5.0,5
T1351,2026-03-27 00:00:00,Admin,Security,Laptop,High,Tech_C,75.0,266,Resolved,No,1.0,9
T1352,2026-03-27 08:00:00,ENTC,Network,Router,Medium,Tech_E,31.0,211,Resolved,Yes,5.0,9
T1353,2026-03-27 16:00:00,Mechanical,Printer,Printer,High,Tech_A,32.0,164,Resolved,No,2.0,4
T1354,2026-03-28 00:00:00,Admin,Security,Server,High,Tech_D,112.0,240,Resolved,No,4.0,2
T1355,2026-03-28 08:00:00,Mechanical,Network,Server,High,Tech_D,58.0,179,Pending,No,1.0,2
T1356,2026-03-28 16:00:00,IT,Network,Server,Medium,Tech_D,99.0,247,Resolved,No,5.0,9
T1357,2026-03-29 00:00:00,IT,Printer,Printer,Low,Tech_A,19.0,119,Resolved,No,4.0,9
T1358,2026-03-29 08:00:00,CSE,Network,Router,Medium,Tech_D,57.0,152,Resolved,No,5.0,3
T1359,2026-03-29 16:00:00,Admin,Software,Server,Medium,Tech_D,116.0,219,Resolved,Yes,3.0,5
T1360,2026-03-30 00:00:00,Mechanical,Network,Router,Low,Tech_E,76.0,148,Resolved,No,4.0,5
T1361,2026-03-30 08:00:00,ENTC,Login,Server,High,Tech_B,74.0,195,Resolved,No,3.0,2
T1362,2026-03-30 16:00:00,IT,Security,Server,High,Tech_B,96.0,229,Pending,No,1.0,2
T1363,2026-03-31 00:00:00,IT,Network,Laptop,Medium,Tech_B,8.0,163,Resolved,No,1.0,10
T1364,2026-03-31 08:00:00,ENTC,Login,Desktop,Low,Tech_D,98.0,121,Resolved,No,1.0,1
T1365,2026-03-31 16:00:00,Mechanical,Network,Server,Medium,Tech_A,111.0,167,Resolved,No,1.0,2
T1366,2026-04-01 00:00:00,Mechanical,Network,Router,Medium,Tech_D,21.0,156,Resolved,No,3.0,7
T1367,2026-04-01 08:00:00,Admin,Printer,Printer,Low,Tech_B,38.0,64,Escalated,No,3.0,1
T1368,2026-04-01 16:00:00,Admin,Software,Laptop,Medium,Tech_E,10.0,118,Resolved,Yes,,1
T1369,2026-04-02 00:00:00,Accounts,Security,Server,Low,Tech_D,40.0,214,Pending,No,2.0,9
T1370,2026-04-02 08:00:00,Accounts,Software,Laptop,Medium,Tech_D,103.0,163,Resolved,No,3.0,2
T1371,2026-04-02 16:00:00,CSE,Hardware,Laptop,Medium,Tech_D,107.0,199,Pending,No,1.0,4
T1372,2026-04-03 00:00:00,IT,Printer,Printer,Medium,Tech_A,43.0,120,Resolved,No,2.0,3
T1373,2026-04-03 08:00:00,Admin,Printer,Printer,Low,Tech_E,84.0,152,Resolved,No,4.0,4
T1374,2026-04-03 16:00:00,Mechanical,Software,Server,Medium,Tech_E,70.0,192,Pending,No,3.0,7
T1375,2026-04-04 00:00:00,ENTC,Printer,Printer,High,Tech_E,12.0,192,Pending,No,4.0,10
T1376,2026-04-04 08:00:00,Mechanical,Software,Laptop,Medium,Tech_E,19.0,77,Resolved,No,1.0,2
T1377,2026-04-04 16:00:00,IT,Printer,Printer,Low,Tech_B,67.0,103,Resolved,No,3.0,2
T1378,2026-04-05 00:00:00,Accounts,Network,Router,Medium,Tech_D,95.0,242,Resolved,No,2.0,9
T1379,2026-04-05 08:00:00,Mechanical,Software,Laptop,High,Tech_E,84.0,258,Resolved,Yes,2.0,6
T1380,2026-04-05 16:00:00,CSE,Software,Laptop,Medium,Tech_C,69.0,225,Resolved,Yes,4.0,7
T1381,2026-04-06 00:00:00,IT,Login,Desktop,Medium,Tech_C,63.0,149,Resolved,No,3.0,5
T1382,2026-04-06 08:00:00,Accounts,Printer,Printer,Medium,Tech_B,14.0,111,Resolved,No,1.0,5
T1383,2026-04-06 16:00:00,ENTC,Printer,Printer,Low,Tech_C,11.0,78,Resolved,No,5.0,4
T1384,2026-04-07 00:00:00,Accounts,Software,Laptop,High,Tech_C,116.0,273,Resolved,No,5.0,8
T1385,2026-04-07 08:00:00,CSE,Network,Router,Medium,Tech_C,78.0,198,Escalated,No,1.0,7
T1386,2026-04-07 16:00:00,IT,Network,Router,Medium,Tech_B,80.0,236,Resolved,No,2.0,10
T1387,2026-04-08 00:00:00,ENTC,Security,Laptop,High,Tech_D,85.0,217,Resolved,No,5.0,2
T1388,2026-04-08 08:00:00,CSE,Network,Laptop,Medium,Tech_B,113.0,174,Pending,No,1.0,2
T1389,2026-04-08 16:00:00,Accounts,Printer,Printer,Medium,Tech_A,16.0,139,Resolved,No,4.0,6
T1390,2026-04-09 00:00:00,CSE,Login,Desktop,High,Tech_A,83.0,175,Resolved,No,2.0,1
T1391,2026-04-09 08:00:00,IT,Software,Laptop,Medium,Tech_C,50.0,179,Resolved,No,1.0,7
T1392,2026-04-09 16:00:00,Admin,Hardware,Laptop,High,Tech_C,119.0,284,Resolved,No,4.0,8
T1393,2026-04-10 00:00:00,CSE,Login,Laptop,Low,Tech_D,36.0,167,Resolved,No,3.0,10
T1394,2026-04-10 08:00:00,CSE,Hardware,Laptop,High,Tech_C,36.0,236,Resolved,Yes,5.0,8
T1395,2026-04-10 16:00:00,Accounts,Login,Server,Medium,Tech_A,119.0,170,Escalated,No,5.0,3
T1396,2026-04-11 00:00:00,Accounts,Network,Router,Medium,Tech_C,94.0,225,Resolved,No,5.0,7
T1397,2026-04-11 08:00:00,ENTC,Printer,Printer,Low,Tech_D,82.0,105,Pending,No,1.0,1
T1398,2026-04-11 16:00:00,Accounts,Hardware,Desktop,Medium,Tech_A,118.0,203,Resolved,No,3.0,3
T1399,2026-04-12 00:00:00,Mechanical,Login,Desktop,Medium,Tech_C,94.0,178,Resolved,No,1.0,6
T1400,2026-04-12 08:00:00,IT,Printer,Printer,Medium,Tech_D,65.0,199,Resolved,No,1.0,9
T1401,2026-04-12 16:00:00,IT,Hardware,Laptop,High,Tech_D,73.0,272,Resolved,Yes,3.0,5
T1402,2026-04-13 00:00:00,Admin,Software,Server,Low,Tech_A,120.0,187,Pending,No,4.0,5
T1403,2026-04-13 08:00:00,Admin,Login,Laptop,Low,Tech_A,65.0,164,Resolved,No,2.0,9
T1404,2026-04-13 16:00:00,IT,Software,Laptop,High,Tech_A,106.0,307,Resolved,Yes,5.0,9
T1405,2026-04-14 00:00:00,Admin,Network,Router,Medium,Tech_D,118.0,252,Resolved,Yes,3.0,6
T1406,2026-04-14 08:00:00,ENTC,Software,Server,Low,Tech_A,50.0,122,Resolved,No,4.0,5
T1407,2026-04-14 16:00:00,Accounts,Software,Desktop,Medium,Tech_A,72.0,229,Pending,No,3.0,10
T1408,2026-04-15 00:00:00,IT,Security,Server,High,Tech_D,96.0,228,Pending,No,2.0,2
T1409,2026-04-15 08:00:00,Admin,Login,Laptop,Medium,Tech_D,59.0,164,Pending,No,3.0,8
T1410,2026-04-15 16:00:00,IT,Network,Server,Medium,Tech_A,5.0,152,Resolved,No,3.0,8
T1411,2026-04-16 00:00:00,Mechanical,Software,Server,Medium,Tech_A,81.0,225,Resolved,Yes,4.0,7
T1412,2026-04-16 08:00:00,CSE,Printer,Printer,Low,Tech_A,111.0,182,Resolved,No,5.0,8
T1413,2026-04-16 16:00:00,Accounts,Hardware,Desktop,High,Tech_D,71.0,183,Resolved,No,,3
T1414,2026-04-17 00:00:00,IT,Software,Server,Medium,Tech_E,53.0,179,Resolved,Yes,4.0,3
T1415,2026-04-17 08:00:00,CSE,Network,Server,Medium,Tech_B,118.0,222,Escalated,No,4.0,2
T1416,2026-04-17 16:00:00,Admin,Software,Server,Medium,Tech_C,29.0,95,Escalated,No,1.0,1
T1417,2026-04-18 00:00:00,CSE,Hardware,Laptop,Low,Tech_B,110.0,167,Escalated,No,1.0,3
T1418,2026-04-18 08:00:00,Accounts,Network,Router,Medium,Tech_D,20.0,106,Resolved,No,2.0,3
T1419,2026-04-18 16:00:00,IT,Login,Server,Low,Tech_E,89.0,160,Resolved,No,1.0,7
T1420,2026-04-19 00:00:00,Mechanical,Network,Router,Medium,Tech_D,17.0,164,Pending,No,1.0,10
T1421,2026-04-19 08:00:00,Admin,Login,Desktop,Low,Tech_A,56.0,147,Resolved,No,3.0,9
T1422,2026-04-19 16:00:00,IT,Network,Router,Medium,Tech_C,112.0,173,Resolved,No,3.0,1
T1423,2026-04-20 00:00:00,Accounts,Hardware,Laptop,Medium,Tech_B,40.0,173,Resolved,No,4.0,8
T1424,2026-04-20 08:00:00,Admin,Hardware,Laptop,Medium,Tech_D,76.0,163,Pending,Yes,5.0,1
T1425,2026-04-20 16:00:00,ENTC,Network,Router,Medium,Tech_E,48.0,145,Resolved,No,2.0,3
T1426,2026-04-21 00:00:00,CSE,Software,Desktop,High,Tech_A,87.0,199,Resolved,No,1.0,4
T1427,2026-04-21 08:00:00,Accounts,Hardware,Laptop,Medium,Tech_E,51.0,230,Pending,Yes,3.0,8
T1428,2026-04-21 16:00:00,ENTC,Login,Laptop,Medium,Tech_C,84.0,133,Resolved,No,5.0,1
T1429,2026-04-22 00:00:00,IT,Login,Laptop,Medium,Tech_E,80.0,166,Resolved,Yes,1.0,2
T1430,2026-04-22 08:00:00,Mechanical,Printer,Printer,Medium,Tech_E,24.0,132,Resolved,No,5.0,5
T1431,2026-04-22 16:00:00,Admin,Security,Server,Medium,Tech_A,22.0,169,Resolved,No,3.0,6
T1432,2026-04-23 00:00:00,CSE,Security,Laptop,High,Tech_E,58.0,262,Resolved,Yes,4.0,5
T1433,2026-04-23 08:00:00,Admin,Security,Server,High,Tech_A,16.0,174,Resolved,No,1.0,3
T1434,2026-04-23 16:00:00,IT,Login,Laptop,Medium,Tech_C,116.0,232,Resolved,No,1.0,10
T1435,2026-04-24 00:00:00,Admin,Printer,Printer,Medium,Tech_D,29.0,132,Resolved,No,2.0,7
T1436,2026-04-24 08:00:00,CSE,Security,Laptop,High,Tech_A,64.0,177,Pending,No,1.0,1
T1437,2026-04-24 16:00:00,IT,Security,Laptop,Medium,Tech_D,120.0,198,Resolved,No,3.0,2
T1438,2026-04-25 00:00:00,Admin,Network,Laptop,High,Tech_B,79.0,234,Pending,No,5.0,9
T1439,2026-04-25 08:00:00,Mechanical,Network,Router,Low,Tech_E,90.0,172,Resolved,Yes,5.0,4
T1440,2026-04-25 16:00:00,Accounts,Network,Router,Low,Tech_D,120.0,227,Resolved,No,4.0,8
T1441,2026-04-26 00:00:00,IT,Software,Desktop,Medium,Tech_E,114.0,236,Resolved,No,4.0,9
T1442,2026-04-26 08:00:00,Accounts,Security,Server,High,Tech_A,38.0,227,Resolved,No,3.0,7
T1443,2026-04-26 16:00:00,IT,Software,Laptop,Medium,Tech_E,17.0,108,Pending,Yes,5.0,1
T1444,2026-04-27 00:00:00,Mechanical,Printer,Printer,Medium,Tech_C,114.0,190,Resolved,No,4.0,5
T1445,2026-04-27 08:00:00,Accounts,Login,Server,Low,Tech_D,42.0,126,Escalated,No,4.0,6
T1446,2026-04-27 16:00:00,ENTC,Security,Server,High,Tech_E,16.0,211,Resolved,No,2.0,8
T1447,2026-04-28 00:00:00,CSE,Login,Laptop,Medium,Tech_D,107.0,241,Escalated,No,2.0,10
T1448,2026-04-28 08:00:00,ENTC,Network,Server,High,Tech_D,40.0,213,Resolved,No,3.0,8
T1449,2026-04-28 16:00:00,Admin,Security,Desktop,High,Tech_C,32.0,274,Resolved,Yes,3.0,9
T1450,2026-04-29 00:00:00,Mechanical,Hardware,Laptop,Low,Tech_A,95.0,217,Resolved,No,3.0,9
T1451,2026-04-29 08:00:00,ENTC,Software,Desktop,Medium,Tech_E,43.0,121,Resolved,No,3.0,4
T1452,2026-04-29 16:00:00,IT,Software,Server,Medium,Tech_B,81.0,225,Resolved,Yes,5.0,6
T1453,2026-04-30 00:00:00,Admin,Security,Server,High,Tech_D,47.0,202,Resolved,No,1.0,3
T1454,2026-04-30 08:00:00,Admin,Network,Laptop,High,Tech_A,108.0,201,Resolved,No,3.0,1
T1455,2026-04-30 16:00:00,ENTC,Software,Server,Medium,Tech_B,95.0,202,Resolved,No,2.0,6
T1456,2026-05-01 00:00:00,ENTC,Network,Router,Medium,Tech_D,119.0,189,Pending,Yes,1.0,1
T1457,2026-05-01 08:00:00,Mechanical,Printer,Printer,Low,Tech_B,35.0,123,Resolved,No,1.0,9
T1458,2026-05-01 16:00:00,CSE,Login,Laptop,Medium,Tech_E,6.0,130,Resolved,No,5.0,6
T1459,2026-05-02 00:00:00,ENTC,Hardware,Desktop,Low,Tech_E,86.0,152,Resolved,No,4.0,1
T1460,2026-05-02 08:00:00,ENTC,Login,Desktop,Medium,Tech_D,94.0,166,Pending,No,1.0,3
T1461,2026-05-02 16:00:00,Accounts,Login,Server,Medium,Tech_D,46.0,118,Resolved,No,5.0,1
T1462,2026-05-03 00:00:00,IT,Printer,Printer,Medium,Tech_E,35.0,89,Resolved,No,5.0,2
T1463,2026-05-03 08:00:00,Accounts,Software,Desktop,Medium,Tech_A,65.0,168,Resolved,No,5.0,6
T1464,2026-05-03 16:00:00,Accounts,Hardware,Laptop,Medium,Tech_B,106.0,225,Resolved,No,3.0,7
T1465,2026-05-04 00:00:00,Admin,Software,Server,Medium,Tech_D,60.0,161,Resolved,Yes,4.0,1
T1466,2026-05-04 08:00:00,CSE,Security,Desktop,High,Tech_D,90.0,303,Resolved,No,3.0,10
T1467,2026-05-04 16:00:00,IT,Login,Laptop,Medium,Tech_C,104.0,225,Resolved,Yes,2.0,5
T1468,2026-05-05 00:00:00,Mechanical,Security,Desktop,High,Tech_B,87.0,277,Resolved,Yes,4.0,6
T1469,2026-05-05 08:00:00,Mechanical,Network,Server,Medium,Tech_E,18.0,116,Resolved,No,3.0,4
T1470,2026-05-05 16:00:00,ENTC,Login,Server,High,Tech_D,18.0,183,Resolved,No,4.0,6
T1471,2026-05-06 00:00:00,ENTC,Software,Desktop,Medium,Tech_D,118.0,204,Resolved,No,2.0,5
T1472,2026-05-06 08:00:00,Mechanical,Login,Desktop,Low,Tech_E,33.0,166,Resolved,Yes,3.0,7
T1473,2026-05-06 16:00:00,ENTC,Network,Router,High,Tech_B,85.0,214,Resolved,No,4.0,4
T1474,2026-05-07 00:00:00,CSE,Printer,Printer,Medium,Tech_A,54.0,136,Resolved,No,2.0,1
T1475,2026-05-07 08:00:00,Accounts,Security,Desktop,High,Tech_E,54.0,213,Resolved,No,5.0,2
T1476,2026-05-07 16:00:00,ENTC,Security,Server,Medium,Tech_A,67.0,207,Resolved,No,4.0,6
T1477,2026-05-08 00:00:00,Admin,Software,Server,Medium,Tech_D,105.0,239,Resolved,No,2.0,10
T1478,2026-05-08 08:00:00,ENTC,Login,Desktop,Low,Tech_A,77.0,116,Resolved,No,5.0,2
T1479,2026-05-08 16:00:00,IT,Software,Laptop,Medium,Tech_A,69.0,153,Resolved,No,2.0,5
T1480,2026-05-09 00:00:00,CSE,Printer,Printer,Medium,Tech_E,72.0,144,Resolved,No,1.0,4
T1481,2026-05-09 08:00:00,IT,Login,Server,High,Tech_D,75.0,213,Resolved,No,2.0,7
T1482,2026-05-09 16:00:00,IT,Login,Laptop,Medium,Tech_B,15.0,115,Escalated,No,3.0,4
T1483,2026-05-10 00:00:00,Admin,Software,Laptop,High,Tech_C,18.0,197,Resolved,Yes,3.0,7
T1484,2026-05-10 08:00:00,CSE,Software,Server,Low,Tech_A,110.0,198,Resolved,No,3.0,8
T1485,2026-05-10 16:00:00,CSE,Network,Server,Low,Tech_D,87.0,179,Resolved,No,3.0,7
T1486,2026-05-11 00:00:00,CSE,Printer,Printer,Low,Tech_C,108.0,135,Pending,No,1.0,2
T1487,2026-05-11 08:00:00,CSE,Network,Router,Medium,Tech_B,7.0,137,Pending,Yes,1.0,1
T1488,2026-05-11 16:00:00,CSE,Security,Laptop,High,Tech_C,12.0,207,Resolved,No,1.0,5
T1489,2026-05-12 00:00:00,Admin,Login,Server,Medium,Tech_B,97.0,185,Resolved,No,5.0,7
T1490,2026-05-12 08:00:00,ENTC,Software,Server,Medium,Tech_C,118.0,167,Resolved,No,4.0,1
T1491,2026-05-12 16:00:00,IT,Login,Server,Medium,Tech_B,105.0,237,Resolved,Yes,3.0,8
T1492,2026-05-13 00:00:00,CSE,Login,Laptop,Medium,Tech_A,120.0,174,Resolved,No,4.0,3
T1493,2026-05-13 08:00:00,ENTC,Hardware,Laptop,High,Tech_C,47.0,249,Resolved,No,3.0,7
T1494,2026-05-13 16:00:00,ENTC,Security,Server,High,Tech_B,13.0,170,Resolved,No,3.0,3
T1495,2026-05-14 00:00:00,IT,Hardware,Laptop,Medium,Tech_D,23.0,138,Resolved,No,3.0,4
T1496,2026-05-14 08:00:00,Admin,Login,Desktop,High,Tech_E,16.0,205,Resolved,No,1.0,8
T1497,2026-05-14 16:00:00,Mechanical,Software,Server,Medium,Tech_C,31.0,123,Resolved,No,5.0,2
T1498,2026-05-15 00:00:00,Mechanical,Login,Laptop,High,Tech_C,105.0,227,Pending,No,3.0,6
T1499,2026-05-15 08:00:00,ENTC,Security,Server,Medium,Tech_C,116.0,291,Resolved,No,3.0,10
T1500,2026-05-15 16:00:00,Accounts,Hardware,Desktop,Low,Tech_C,62.0,190,Resolved,No,3.0,9
T1501,2026-05-16 00:00:00,Accounts,Software,Laptop,High,Tech_E,29.0,215,Pending,No,2.0,10
T1502,2026-05-16 08:00:00,IT,Login,Laptop,High,Tech_C,49.0,233,Resolved,Yes,3.0,9
T1503,2026-05-16 16:00:00,Mechanical,Printer,Printer,Low,Tech_A,106.0,130,Pending,No,1.0,5
T1504,2026-05-17 00:00:00,ENTC,Security,Desktop,High,Tech_A,52.0,214,Pending,Yes,1.0,3
T1505,2026-05-17 08:00:00,Admin,Security,Desktop,High,Tech_D,54.0,221,Resolved,No,4.0,6
T1506,2026-05-17 16:00:00,Mechanical,Printer,Printer,Low,Tech_E,85.0,185,Resolved,No,1.0,9
T1507,2026-05-18 00:00:00,ENTC,Login,Server,Low,Tech_D,48.0,157,Pending,Yes,4.0,6
T1508,2026-05-18 08:00:00,ENTC,Security,Laptop,High,Tech_A,63.0,236,Resolved,No,5.0,4
T1509,2026-05-18 16:00:00,CSE,Software,Desktop,Low,Tech_C,37.0,103,Resolved,No,2.0,5
T1510,2026-05-19 00:00:00,Admin,Login,Laptop,Low,Tech_C,107.0,205,Pending,No,1.0,7
T1511,2026-05-19 08:00:00,CSE,Login,Desktop,High,Tech_B,82.0,297,Resolved,Yes,3.0,10
T1512,2026-05-19 16:00:00,IT,Hardware,Desktop,Low,Tech_E,32.0,116,Resolved,No,5.0,3
T1513,2026-05-20 00:00:00,CSE,Security,Desktop,High,Tech_B,22.0,229,Resolved,No,3.0,9
T1514,2026-05-20 08:00:00,CSE,Security,Server,High,Tech_E,59.0,186,Resolved,No,4.0,1
T1515,2026-05-20 16:00:00,Mechanical,Printer,Printer,Low,Tech_E,37.0,137,Resolved,No,4.0,8
T1516,2026-05-21 00:00:00,Accounts,Hardware,Laptop,Medium,Tech_C,120.0,248,Resolved,No,,5
T1517,2026-05-21 08:00:00,ENTC,Hardware,Desktop,Medium,Tech_C,110.0,286,Resolved,Yes,5.0,10
T1518,2026-05-21 16:00:00,Admin,Security,Desktop,Medium,Tech_D,19.0,181,Resolved,No,4.0,9
T1519,2026-05-22 00:00:00,CSE,Login,Desktop,Low,Tech_A,65.0,129,Pending,No,3.0,2
T1520,2026-05-22 08:00:00,Admin,Hardware,Laptop,Medium,Tech_A,15.0,105,Resolved,No,1.0,1
T1521,2026-05-22 16:00:00,Accounts,Printer,Printer,Low,Tech_C,40.0,172,Resolved,No,1.0,10
T1522,2026-05-23 00:00:00,Accounts,Hardware,Laptop,Low,Tech_A,19.0,150,Resolved,No,5.0,7
T1523,2026-05-23 08:00:00,CSE,Printer,Printer,Medium,Tech_E,57.0,216,Pending,Yes,5.0,10
T1524,2026-05-23 16:00:00,IT,Hardware,Desktop,High,Tech_A,66.0,267,Resolved,No,4.0,9
T1525,2026-05-24 00:00:00,CSE,Printer,Printer,Low,Tech_D,52.0,110,Resolved,No,1.0,5
T1526,2026-05-24 08:00:00,Mechanical,Hardware,Laptop,Low,Tech_A,98.0,171,Escalated,No,2.0,4
T1527,2026-05-24 16:00:00,ENTC,Hardware,Desktop,Medium,Tech_A,19.0,159,Pending,Yes,2.0,4
T1528,2026-05-25 00:00:00,IT,Software,Desktop,High,Tech_D,67.0,225,Resolved,No,2.0,8
T1529,2026-05-25 08:00:00,CSE,Printer,Printer,Low,Tech_D,117.0,138,Resolved,No,2.0,1
T1530,2026-05-25 16:00:00,Admin,Printer,Printer,Low,Tech_C,91.0,144,Escalated,Yes,4.0,1
T1531,2026-05-26 00:00:00,IT,Printer,Printer,Medium,Tech_D,47.0,149,Pending,No,3.0,8
T1532,2026-05-26 08:00:00,IT,Network,Router,High,Tech_C,54.0,167,Resolved,No,2.0,2
T1533,2026-05-26 16:00:00,CSE,Hardware,Desktop,Medium,Tech_E,64.0,224,Resolved,No,4.0,10
T1534,2026-05-27 00:00:00,IT,Printer,Printer,Low,Tech_B,116.0,183,Resolved,No,2.0,6
T1535,2026-05-27 08:00:00,Admin,Security,Laptop,High,Tech_A,63.0,188,Resolved,No,2.0,2
T1536,2026-05-27 16:00:00,Accounts,Network,Router,Medium,Tech_D,19.0,148,Resolved,No,3.0,5
T1537,2026-05-28 00:00:00,IT,Software,Laptop,Low,Tech_A,33.0,83,Resolved,No,2.0,3
T1538,2026-05-28 08:00:00,Accounts,Printer,Printer,Low,Tech_E,79.0,160,Resolved,No,4.0,7
T1539,2026-05-28 16:00:00,Admin,Printer,Printer,Low,Tech_B,113.0,214,Resolved,No,4.0,9
T1540,2026-05-29 00:00:00,CSE,Network,Server,Medium,Tech_D,86.0,148,Resolved,No,1.0,2
T1541,2026-05-29 08:00:00,ENTC,Hardware,Desktop,Medium,Tech_C,44.0,189,Resolved,No,5.0,7
T1542,2026-05-29 16:00:00,IT,Security,Laptop,High,Tech_C,35.0,236,Resolved,No,2.0,8
T1543,2026-05-30 00:00:00,ENTC,Software,Server,Medium,Tech_D,77.0,206,Resolved,No,2.0,10
T1544,2026-05-30 08:00:00,Admin,Printer,Printer,Medium,Tech_D,90.0,185,Escalated,No,4.0,8
T1545,2026-05-30 16:00:00,IT,Hardware,Laptop,High,Tech_E,15.0,191,Resolved,No,2.0,7
T1546,2026-05-31 00:00:00,Accounts,Security,Server,High,Tech_B,85.0,230,Resolved,No,4.0,4
T1547,2026-05-31 08:00:00,Mechanical,Security,Laptop,High,Tech_D,101.0,249,Resolved,No,1.0,4
T1548,2026-05-31 16:00:00,ENTC,Software,Desktop,Medium,Tech_C,66.0,204,Resolved,No,2.0,10
T1549,2026-06-01 00:00:00,IT,Login,Server,Low,Tech_B,79.0,185,Resolved,No,1.0,9
T1550,2026-06-01 08:00:00,ENTC,Security,Laptop,High,Tech_D,107.0,320,Resolved,No,1.0,10
T1551,2026-06-01 16:00:00,IT,Login,Server,Low,Tech_B,12.0,137,Resolved,Yes,5.0,9
T1552,2026-06-02 00:00:00,CSE,Security,Desktop,High,Tech_E,55.0,223,Resolved,No,4.0,5
T1553,2026-06-02 08:00:00,Accounts,Software,Desktop,Medium,Tech_D,61.0,167,Resolved,No,1.0,7
T1554,2026-06-02 16:00:00,ENTC,Network,Router,Medium,Tech_D,8.0,136,Resolved,No,4.0,7
T1555,2026-06-03 00:00:00,Mechanical,Software,Desktop,Medium,Tech_B,40.0,162,Pending,No,5.0,9
T1556,2026-06-03 08:00:00,Mechanical,Software,Laptop,Medium,Tech_D,23.0,131,Pending,No,4.0,7
T1557,2026-06-03 16:00:00,Admin,Network,Laptop,Medium,Tech_B,28.0,167,Resolved,No,5.0,8
T1558,2026-06-04 00:00:00,IT,Network,Laptop,Medium,Tech_B,45.0,181,Pending,No,2.0,7
T1559,2026-06-04 08:00:00,ENTC,Hardware,Desktop,High,Tech_D,53.0,230,Escalated,Yes,5.0,4
T1560,2026-06-04 16:00:00,Admin,Security,Laptop,High,Tech_C,86.0,235,Resolved,Yes,5.0,2
T1561,2026-06-05 00:00:00,ENTC,Hardware,Laptop,Medium,Tech_E,101.0,179,Resolved,No,5.0,3
T1562,2026-06-05 08:00:00,IT,Network,Server,Medium,Tech_B,50.0,208,Escalated,Yes,3.0,7
T1563,2026-06-05 16:00:00,Mechanical,Login,Server,Low,Tech_C,40.0,171,Resolved,Yes,1.0,9
T1564,2026-06-06 00:00:00,CSE,Login,Laptop,Medium,Tech_B,14.0,129,Resolved,Yes,4.0,2
T1565,2026-06-06 08:00:00,Mechanical,Software,Laptop,Medium,Tech_C,82.0,206,Escalated,Yes,4.0,7
T1566,2026-06-06 16:00:00,Admin,Printer,Printer,Medium,Tech_D,11.0,82,Resolved,No,3.0,4
T1567,2026-06-07 00:00:00,Accounts,Software,Laptop,Medium,Tech_E,16.0,152,Pending,No,2.0,7
T1568,2026-06-07 08:00:00,CSE,Software,Server,Low,Tech_C,90.0,135,Pending,No,1.0,5
T1569,2026-06-07 16:00:00,Admin,Printer,Printer,Low,Tech_A,95.0,152,Resolved,No,1.0,7
T1570,2026-06-08 00:00:00,IT,Security,Laptop,Low,Tech_B,52.0,190,Resolved,Yes,1.0,6
T1571,2026-06-08 08:00:00,CSE,Network,Router,Low,Tech_C,41.0,100,Resolved,No,1.0,2
T1572,2026-06-08 16:00:00,Admin,Login,Laptop,Medium,Tech_E,79.0,219,Resolved,Yes,3.0,7
T1573,2026-06-09 00:00:00,IT,Software,Server,Medium,Tech_E,40.0,133,Resolved,No,4.0,5
T1574,2026-06-09 08:00:00,Mechanical,Printer,Printer,Low,Tech_E,64.0,205,Resolved,Yes,2.0,9
T1575,2026-06-09 16:00:00,Accounts,Hardware,Desktop,Medium,Tech_C,81.0,142,Resolved,No,2.0,1
T1576,2026-06-10 00:00:00,IT,Software,Desktop,High,Tech_C,100.0,210,Resolved,Yes,2.0,1
T1577,2026-06-10 08:00:00,ENTC,Login,Laptop,Medium,Tech_D,12.0,102,Resolved,No,3.0,2
T1578,2026-06-10 16:00:00,IT,Network,Router,Low,Tech_A,11.0,146,Resolved,No,3.0,8
T1579,2026-06-11 00:00:00,IT,Software,Desktop,Medium,Tech_C,111.0,224,Pending,Yes,5.0,9
T1580,2026-06-11 08:00:00,Accounts,Software,Desktop,Medium,Tech_D,47.0,201,Resolved,No,3.0,7
T1581,2026-06-11 16:00:00,ENTC,Security,Laptop,High,Tech_B,62.0,192,Resolved,No,1.0,1
T1582,2026-06-12 00:00:00,Admin,Printer,Printer,Low,Tech_A,85.0,165,Escalated,No,4.0,7
T1583,2026-06-12 08:00:00,Admin,Hardware,Laptop,Low,Tech_E,90.0,200,Resolved,No,2.0,8
T1584,2026-06-12 16:00:00,IT,Hardware,Laptop,Medium,Tech_A,50.0,216,Resolved,No,3.0,7
T1585,2026-06-13 00:00:00,ENTC,Network,Server,Medium,Tech_B,38.0,169,Resolved,No,4.0,5
T1586,2026-06-13 08:00:00,ENTC,Login,Server,Medium,Tech_C,88.0,244,Resolved,Yes,1.0,7
T1587,2026-06-13 16:00:00,Accounts,Network,Server,Medium,Tech_C,76.0,233,Resolved,No,3.0,10
T1588,2026-06-14 00:00:00,Mechanical,Software,Laptop,Medium,Tech_D,26.0,118,Resolved,No,3.0,2
T1589,2026-06-14 08:00:00,Admin,Software,Laptop,Medium,Tech_C,95.0,210,Resolved,No,4.0,9
T1590,2026-06-14 16:00:00,Accounts,Hardware,Desktop,Medium,Tech_C,102.0,181,Resolved,No,1.0,2
T1591,2026-06-15 00:00:00,CSE,Login,Server,Low,Tech_A,25.0,88,Resolved,No,3.0,2
T1592,2026-06-15 08:00:00,Admin,Printer,Printer,Medium,Tech_B,19.0,123,Resolved,No,4.0,5
T1593,2026-06-15 16:00:00,Accounts,Login,Laptop,Medium,Tech_E,9.0,145,Resolved,No,1.0,8
T1594,2026-06-16 00:00:00,Admin,Software,Desktop,Low,Tech_E,106.0,169,Resolved,No,3.0,6
T1595,2026-06-16 08:00:00,Mechanical,Printer,Printer,Low,Tech_D,21.0,146,Pending,No,3.0,9
T1596,2026-06-16 16:00:00,CSE,Login,Desktop,Low,Tech_B,76.0,165,Resolved,No,2.0,6
T1597,2026-06-17 00:00:00,Mechanical,Login,Desktop,Medium,Tech_A,23.0,140,Resolved,No,5.0,5
T1598,2026-06-17 08:00:00,CSE,Printer,Printer,Medium,Tech_E,9.0,79,Resolved,No,1.0,1
T1599,2026-06-17 16:00:00,IT,Software,Laptop,Medium,Tech_D,27.0,162,Pending,No,4.0,8
T1600,2026-06-18 00:00:00,Accounts,Login,Laptop,Medium,Tech_C,87.0,196,Resolved,Yes,2.0,3
T1601,2026-06-18 08:00:00,CSE,Printer,Printer,Medium,Tech_C,18.0,103,Resolved,No,3.0,2
T1602,2026-06-18 16:00:00,Mechanical,Security,Server,Medium,Tech_A,14.0,168,Resolved,No,4.0,7
T1603,2026-06-19 00:00:00,Admin,Security,Laptop,Medium,Tech_E,35.0,178,Resolved,Yes,2.0,2
T1604,2026-06-19 08:00:00,CSE,Software,Server,Medium,Tech_C,17.0,100,Resolved,No,2.0,1
T1605,2026-06-19 16:00:00,Accounts,Printer,Printer,Medium,Tech_D,26.0,89,Pending,No,5.0,2
T1606,2026-06-20 00:00:00,CSE,Security,Laptop,High,Tech_D,41.0,261,Resolved,Yes,2.0,6
T1607,2026-06-20 08:00:00,ENTC,Printer,Printer,Low,Tech_E,43.0,94,Resolved,No,1.0,2
T1608,2026-06-20 16:00:00,Admin,Login,Laptop,High,Tech_A,,115,Resolved,No,5.0,1
T1609,2026-06-21 00:00:00,Accounts,Software,Laptop,Medium,Tech_D,35.0,89,Resolved,No,5.0,1
T1610,2026-06-21 08:00:00,Accounts,Security,Laptop,Medium,Tech_B,47.0,183,Resolved,No,3.0,4
T1611,2026-06-21 16:00:00,IT,Login,Desktop,Medium,Tech_D,103.0,263,Resolved,Yes,3.0,8
T1612,2026-06-22 00:00:00,Mechanical,Network,Server,Low,Tech_A,81.0,173,Resolved,No,1.0,6
T1613,2026-06-22 08:00:00,IT,Network,Server,Medium,Tech_D,98.0,197,Resolved,No,4.0,4
T1614,2026-06-22 16:00:00,Accounts,Software,Laptop,Medium,Tech_C,102.0,187,Resolved,No,1.0,6
T1615,2026-06-23 00:00:00,Admin,Security,Desktop,High,Tech_A,40.0,223,Resolved,No,5.0,6
T1616,2026-06-23 08:00:00,CSE,Security,Desktop,High,Tech_C,39.0,249,Resolved,No,3.0,9
T1617,2026-06-23 16:00:00,CSE,Security,Desktop,High,Tech_C,,252,Resolved,No,1.0,4
T1618,2026-06-24 00:00:00,Admin,Printer,Printer,Low,Tech_E,72.0,148,Pending,No,3.0,6
T1619,2026-06-24 08:00:00,Accounts,Login,Server,Medium,Tech_A,59.0,204,Resolved,No,1.0,10
T1620,2026-06-24 16:00:00,CSE,Security,Server,High,Tech_C,72.0,224,Resolved,Yes,1.0,1
T1621,2026-06-25 00:00:00,CSE,Login,Laptop,High,Tech_E,51.0,201,Pending,No,2.0,7
T1622,2026-06-25 08:00:00,CSE,Software,Laptop,Medium,Tech_E,10.0,190,Resolved,Yes,1.0,7
T1623,2026-06-25 16:00:00,Mechanical,Security,Server,Medium,Tech_C,32.0,131,Pending,No,3.0,1
T1624,2026-06-26 00:00:00,Mechanical,Software,Desktop,High,Tech_C,34.0,189,Resolved,No,1.0,8
T1625,2026-06-26 08:00:00,ENTC,Security,Desktop,High,Tech_B,31.0,194,Resolved,No,4.0,5
T1626,2026-06-26 16:00:00,IT,Network,Router,Medium,Tech_A,73.0,219,Resolved,No,2.0,9
T1627,2026-06-27 00:00:00,Admin,Hardware,Laptop,Medium,Tech_E,112.0,215,Resolved,No,1.0,8
T1628,2026-06-27 08:00:00,Admin,Software,Laptop,Low,Tech_A,43.0,98,Resolved,No,4.0,3
T1629,2026-06-27 16:00:00,Admin,Security,Laptop,High,Tech_E,39.0,167,Pending,No,3.0,1
T1630,2026-06-28 00:00:00,ENTC,Hardware,Laptop,Medium,Tech_D,107.0,197,Resolved,No,4.0,3
T1631,2026-06-28 08:00:00,Mechanical,Software,Server,Low,Tech_D,48.0,98,Resolved,No,2.0,2
T1632,2026-06-28 16:00:00,Accounts,Printer,Printer,Medium,Tech_E,19.0,96,Resolved,No,3.0,2
T1633,2026-06-29 00:00:00,Accounts,Security,Laptop,High,Tech_B,87.0,249,Resolved,No,1.0,4
T1634,2026-06-29 08:00:00,ENTC,Printer,Printer,Low,Tech_D,98.0,140,Resolved,No,1.0,2
T1635,2026-06-29 16:00:00,Accounts,Network,Server,Medium,Tech_A,106.0,227,Resolved,No,4.0,8
T1636,2026-06-30 00:00:00,Admin,Security,Server,High,Tech_C,36.0,204,Resolved,No,1.0,5
T1637,2026-06-30 08:00:00,IT,Network,Router,Low,Tech_A,108.0,155,Resolved,No,3.0,1
T1638,2026-06-30 16:00:00,CSE,Hardware,Laptop,High,Tech_A,33.0,209,Pending,Yes,3.0,6
T1639,2026-07-01 00:00:00,Mechanical,Software,Desktop,Medium,Tech_A,67.0,192,Pending,No,1.0,7
T1640,2026-07-01 08:00:00,Mechanical,Login,Desktop,Medium,Tech_E,10.0,83,Resolved,No,4.0,1
T1641,2026-07-01 16:00:00,ENTC,Network,Server,Medium,Tech_E,,183,Resolved,No,1.0,3
T1642,2026-07-02 00:00:00,Mechanical,Login,Desktop,Medium,Tech_A,31.0,174,Resolved,No,5.0,9
T1643,2026-07-02 08:00:00,Admin,Login,Laptop,Medium,Tech_C,103.0,207,Escalated,No,1.0,7
T1644,2026-07-02 16:00:00,Accounts,Software,Desktop,Medium,Tech_B,32.0,132,Resolved,No,2.0,4
T1645,2026-07-03 00:00:00,Admin,Hardware,Desktop,High,Tech_B,9.0,172,Resolved,No,1.0,6
T1646,2026-07-03 08:00:00,ENTC,Software,Laptop,Medium,Tech_D,45.0,150,Resolved,No,5.0,6
T1647,2026-07-03 16:00:00,Admin,Security,Server,High,Tech_D,60.0,233,Resolved,No,2.0,3
T1648,2026-07-04 00:00:00,Accounts,Network,Laptop,Medium,Tech_C,116.0,193,Pending,No,4.0,2
T1649,2026-07-04 08:00:00,IT,Login,Laptop,Medium,Tech_A,58.0,166,Resolved,No,2.0,5
T1650,2026-07-04 16:00:00,ENTC,Software,Server,Medium,Tech_E,84.0,201,Resolved,No,3.0,8
T1651,2026-07-05 00:00:00,IT,Software,Server,Medium,Tech_D,109.0,205,Resolved,Yes,5.0,3
T1652,2026-07-05 08:00:00,CSE,Software,Desktop,Low,Tech_A,22.0,113,Resolved,No,3.0,5
T1653,2026-07-05 16:00:00,IT,Network,Laptop,High,Tech_B,81.0,242,Resolved,Yes,3.0,3
T1654,2026-07-06 00:00:00,CSE,Hardware,Desktop,Medium,Tech_C,47.0,211,Pending,Yes,2.0,7
T1655,2026-07-06 08:00:00,CSE,Software,Server,Medium,Tech_E,93.0,199,Pending,No,2.0,6
T1656,2026-07-06 16:00:00,IT,Network,Laptop,Medium,Tech_E,78.0,201,Escalated,No,3.0,6
T1657,2026-07-07 00:00:00,ENTC,Login,Desktop,Medium,Tech_D,33.0,110,Resolved,No,4.0,1
T1658,2026-07-07 08:00:00,Accounts,Security,Desktop,High,Tech_A,14.0,166,Resolved,No,1.0,2
T1659,2026-07-07 16:00:00,Admin,Printer,Printer,Low,Tech_E,10.0,137,Pending,Yes,1.0,6
T1660,2026-07-08 00:00:00,Admin,Network,Server,Low,Tech_B,84.0,173,Resolved,No,5.0,8
T1661,2026-07-08 08:00:00,Accounts,Printer,Printer,Medium,Tech_B,93.0,161,Resolved,No,2.0,5
T1662,2026-07-08 16:00:00,CSE,Software,Laptop,Low,Tech_C,112.0,153,Resolved,No,1.0,2
T1663,2026-07-09 00:00:00,CSE,Software,Desktop,Medium,Tech_C,8.0,126,Escalated,No,4.0,5
T1664,2026-07-09 08:00:00,ENTC,Network,Laptop,Medium,Tech_B,105.0,237,Resolved,No,5.0,9
T1665,2026-07-09 16:00:00,Mechanical,Printer,Printer,Medium,Tech_B,38.0,137,Resolved,No,2.0,6
T1666,2026-07-10 00:00:00,IT,Software,Server,Medium,Tech_A,87.0,175,Resolved,No,1.0,5
T1667,2026-07-10 08:00:00,CSE,Login,Desktop,Medium,Tech_E,37.0,172,Pending,No,3.0,10
T1668,2026-07-10 16:00:00,Admin,Hardware,Desktop,Medium,Tech_A,8.0,149,Pending,No,4.0,6
T1669,2026-07-11 00:00:00,ENTC,Hardware,Laptop,High,Tech_C,48.0,223,Resolved,No,4.0,9
T1670,2026-07-11 08:00:00,IT,Software,Laptop,Low,Tech_C,102.0,198,Resolved,No,2.0,7
T1671,2026-07-11 16:00:00,ENTC,Printer,Printer,Low,Tech_C,80.0,190,Resolved,No,4.0,10
T1672,2026-07-12 00:00:00,IT,Security,Server,High,Tech_E,35.0,209,Resolved,No,2.0,3
T1673,2026-07-12 08:00:00,IT,Software,Desktop,Low,Tech_D,84.0,200,Escalated,No,4.0,10
T1674,2026-07-12 16:00:00,Accounts,Security,Laptop,Medium,Tech_C,70.0,247,Resolved,No,1.0,10
T1675,2026-07-13 00:00:00,CSE,Security,Desktop,High,Tech_C,117.0,274,Resolved,No,2.0,5
T1676,2026-07-13 08:00:00,ENTC,Printer,Printer,Low,Tech_A,62.0,134,Resolved,Yes,4.0,4
T1677,2026-07-13 16:00:00,ENTC,Security,Server,High,Tech_A,64.0,218,Resolved,No,1.0,5
T1678,2026-07-14 00:00:00,Accounts,Login,Desktop,Low,Tech_D,6.0,130,Resolved,Yes,,8
T1679,2026-07-14 08:00:00,Admin,Printer,Printer,Low,Tech_D,40.0,139,Pending,Yes,1.0,6
T1680,2026-07-14 16:00:00,Admin,Software,Laptop,Medium,Tech_D,74.0,151,Resolved,No,2.0,4
T1681,2026-07-15 00:00:00,CSE,Login,Desktop,Medium,Tech_D,64.0,174,Resolved,No,2.0,5
T1682,2026-07-15 08:00:00,CSE,Network,Laptop,High,Tech_A,27.0,190,Resolved,No,4.0,7
T1683,2026-07-15 16:00:00,Mechanical,Hardware,Laptop,Medium,Tech_C,107.0,247,Pending,No,3.0,8
T1684,2026-07-16 00:00:00,Accounts,Software,Server,Medium,Tech_A,51.0,160,Pending,No,3.0,5
T1685,2026-07-16 08:00:00,Admin,Software,Server,Medium,Tech_B,120.0,193,Resolved,No,5.0,2
T1686,2026-07-16 16:00:00,IT,Software,Server,Medium,Tech_B,112.0,216,Resolved,No,3.0,6
T1687,2026-07-17 00:00:00,ENTC,Login,Desktop,Low,Tech_C,105.0,198,Resolved,No,3.0,9
T1688,2026-07-17 08:00:00,CSE,Network,Server,Low,Tech_D,50.0,140,Resolved,No,4.0,3
T1689,2026-07-17 16:00:00,ENTC,Printer,Printer,Medium,Tech_C,84.0,196,Resolved,Yes,2.0,7
T1690,2026-07-18 00:00:00,ENTC,Network,Laptop,Medium,Tech_B,111.0,224,Pending,No,3.0,8
T1691,2026-07-18 08:00:00,Mechanical,Login,Desktop,Medium,Tech_C,48.0,158,Resolved,No,5.0,6
T1692,2026-07-18 16:00:00,Admin,Software,Laptop,High,Tech_D,23.0,175,Escalated,Yes,4.0,3
T1693,2026-07-19 00:00:00,CSE,Hardware,Desktop,High,Tech_A,53.0,209,Resolved,Yes,1.0,1
T1694,2026-07-19 08:00:00,ENTC,Software,Desktop,Medium,Tech_D,92.0,168,Resolved,No,1.0,3
T1695,2026-07-19 16:00:00,CSE,Printer,Printer,Low,Tech_A,62.0,140,Resolved,No,5.0,6
T1696,2026-07-20 00:00:00,IT,Security,Laptop,High,Tech_B,95.0,259,Resolved,No,2.0,4
T1697,2026-07-20 08:00:00,Mechanical,Hardware,Laptop,Low,Tech_E,11.0,109,Resolved,Yes,1.0,1
T1698,2026-07-20 16:00:00,IT,Software,Desktop,Medium,Tech_C,98.0,206,Resolved,No,2.0,6
T1699,2026-07-21 00:00:00,CSE,Hardware,Laptop,Medium,Tech_E,45.0,124,Resolved,No,3.0,1
T1700,2026-07-21 08:00:00,CSE,Security,Laptop,High,Tech_D,82.0,265,Resolved,No,3.0,8
T1701,2026-07-21 16:00:00,Admin,Network,Server,Medium,Tech_A,120.0,208,Pending,No,3.0,3
T1702,2026-07-22 00:00:00,ENTC,Login,Server,Medium,Tech_D,112.0,177,Escalated,No,1.0,3
T1703,2026-07-22 08:00:00,ENTC,Software,Laptop,Medium,Tech_D,19.0,95,Resolved,No,1.0,1
T1704,2026-07-22 16:00:00,IT,Printer,Printer,Low,Tech_B,80.0,114,Pending,No,2.0,3
T1705,2026-07-23 00:00:00,Mechanical,Network,Router,Medium,Tech_D,57.0,181,Resolved,No,2.0,7
T1706,2026-07-23 08:00:00,Accounts,Software,Server,Medium,Tech_C,97.0,236,Resolved,No,5.0,10
T1707,2026-07-23 16:00:00,ENTC,Network,Router,Medium,Tech_B,27.0,169,Resolved,No,3.0,8
T1708,2026-07-24 00:00:00,Admin,Printer,Printer,Low,Tech_E,81.0,182,Escalated,Yes,4.0,8
T1709,2026-07-24 08:00:00,IT,Software,Server,Low,Tech_D,77.0,120,Resolved,No,4.0,3
T1710,2026-07-24 16:00:00,IT,Security,Server,High,Tech_E,92.0,246,Resolved,No,3.0,5
T1711,2026-07-25 00:00:00,Accounts,Security,Laptop,High,Tech_C,107.0,225,Resolved,No,5.0,1
T1712,2026-07-25 08:00:00,Admin,Printer,Printer,Low,Tech_C,98.0,186,Resolved,No,2.0,9
T1713,2026-07-25 16:00:00,Mechanical,Hardware,Laptop,Medium,Tech_C,69.0,233,Resolved,No,1.0,8
T1714,2026-07-26 00:00:00,Admin,Printer,Printer,Low,Tech_E,64.0,209,Resolved,Yes,5.0,10
T1715,2026-07-26 08:00:00,Mechanical,Hardware,Laptop,Low,Tech_E,14.0,97,Resolved,No,5.0,2
T1716,2026-07-26 16:00:00,Admin,Software,Server,Medium,Tech_A,106.0,262,Resolved,No,3.0,10
T1717,2026-07-27 00:00:00,Admin,Hardware,Laptop,Medium,Tech_B,62.0,144,Resolved,No,2.0,1
T1718,2026-07-27 08:00:00,CSE,Software,Server,Medium,Tech_D,51.0,150,Resolved,No,4.0,4
T1719,2026-07-27 16:00:00,IT,Software,Laptop,High,Tech_B,19.0,229,Resolved,Yes,4.0,9
T1720,2026-07-28 00:00:00,Admin,Login,Desktop,Low,Tech_C,13.0,127,Resolved,No,4.0,8
T1721,2026-07-28 08:00:00,Accounts,Software,Laptop,Low,Tech_D,17.0,76,Resolved,No,5.0,3
T1722,2026-07-28 16:00:00,Admin,Hardware,Desktop,Medium,Tech_A,27.0,197,Resolved,No,1.0,10
T1723,2026-07-29 00:00:00,ENTC,Login,Server,Medium,Tech_B,37.0,137,Resolved,No,2.0,6
T1724,2026-07-29 08:00:00,IT,Login,Desktop,Medium,Tech_C,13.0,161,Pending,No,1.0,9
T1725,2026-07-29 16:00:00,ENTC,Software,Laptop,High,Tech_D,7.0,200,Resolved,No,4.0,10
T1726,2026-07-30 00:00:00,IT,Printer,Printer,Medium,Tech_D,98.0,183,Resolved,No,1.0,8
T1727,2026-07-30 08:00:00,ENTC,Printer,Printer,Low,Tech_C,77.0,189,Escalated,No,5.0,10
T1728,2026-07-30 16:00:00,Admin,Security,Server,High,Tech_E,120.0,278,Resolved,No,3.0,5
T1729,2026-07-31 00:00:00,Admin,Login,Server,Low,Tech_B,29.0,163,Resolved,No,1.0,9
T1730,2026-07-31 08:00:00,CSE,Software,Laptop,Medium,Tech_D,115.0,273,Escalated,Yes,1.0,9
T1731,2026-07-31 16:00:00,Accounts,Printer,Printer,Low,Tech_E,,144,Resolved,No,1.0,3
T1732,2026-08-01 00:00:00,ENTC,Software,Desktop,Medium,Tech_A,100.0,228,Resolved,Yes,4.0,8
T1733,2026-08-01 08:00:00,Mechanical,Software,Laptop,Medium,Tech_D,75.0,176,Resolved,No,1.0,4
T1734,2026-08-01 16:00:00,CSE,Login,Laptop,Medium,Tech_D,40.0,183,Resolved,No,2.0,10
T1735,2026-08-02 00:00:00,ENTC,Security,Laptop,High,Tech_A,93.0,264,Resolved,No,5.0,7
T1736,2026-08-02 08:00:00,ENTC,Login,Server,Low,Tech_A,24.0,120,Resolved,No,2.0,10
T1737,2026-08-02 16:00:00,CSE,Network,Router,Low,Tech_D,85.0,207,Pending,No,2.0,8
T1738,2026-08-03 00:00:00,Admin,Printer,Printer,Low,Tech_C,58.0,163,Escalated,Yes,4.0,7
T1739,2026-08-03 08:00:00,ENTC,Printer,Printer,Low,Tech_A,104.0,157,Resolved,No,1.0,5
T1740,2026-08-03 16:00:00,Admin,Printer,Printer,Low,Tech_E,94.0,118,Pending,No,5.0,1
T1741,2026-08-04 00:00:00,CSE,Hardware,Desktop,Low,Tech_A,23.0,177,Resolved,No,5.0,8
T1742,2026-08-04 08:00:00,Admin,Software,Server,High,Tech_D,64.0,195,Resolved,No,5.0,5
T1743,2026-08-04 16:00:00,IT,Login,Server,Low,Tech_D,41.0,98,Escalated,No,1.0,3
T1744,2026-08-05 00:00:00,Mechanical,Printer,Printer,Medium,Tech_B,116.0,177,Resolved,No,5.0,2
T1745,2026-08-05 08:00:00,ENTC,Network,Router,Medium,Tech_E,7.0,134,Resolved,Yes,5.0,3
T1746,2026-08-05 16:00:00,Accounts,Printer,Printer,Low,Tech_B,111.0,189,Resolved,No,3.0,9
T1747,2026-08-06 00:00:00,Mechanical,Security,Laptop,High,Tech_A,96.0,204,Resolved,No,3.0,2
T1748,2026-08-06 08:00:00,Admin,Software,Server,Medium,Tech_B,90.0,244,Resolved,No,5.0,10
T1749,2026-08-06 16:00:00,ENTC,Software,Desktop,Low,Tech_D,115.0,143,Resolved,No,2.0,1
T1750,2026-08-07 00:00:00,Admin,Login,Desktop,Medium,Tech_C,23.0,107,Pending,No,1.0,2
T1751,2026-08-07 08:00:00,IT,Hardware,Laptop,Medium,Tech_A,57.0,145,Resolved,No,2.0,2
T1752,2026-08-07 16:00:00,CSE,Login,Laptop,Medium,Tech_D,50.0,156,Resolved,No,,5
T1753,2026-08-08 00:00:00,ENTC,Printer,Printer,Low,Tech_A,84.0,100,Resolved,No,1.0,1
T1754,2026-08-08 08:00:00,IT,Security,Server,High,Tech_B,60.0,277,Resolved,No,1.0,10
T1755,2026-08-08 16:00:00,IT,Network,Router,Medium,Tech_B,74.0,209,Escalated,No,4.0,8
T1756,2026-08-09 00:00:00,ENTC,Login,Laptop,Low,Tech_A,105.0,150,Escalated,No,4.0,2
T1757,2026-08-09 08:00:00,Admin,Hardware,Laptop,High,Tech_A,35.0,213,Resolved,No,4.0,6
T1758,2026-08-09 16:00:00,Accounts,Login,Server,Medium,Tech_B,57.0,145,Resolved,No,5.0,5
T1759,2026-08-10 00:00:00,IT,Software,Desktop,Medium,Tech_A,117.0,183,Pending,No,5.0,2
T1760,2026-08-10 08:00:00,Mechanical,Printer,Printer,Low,Tech_B,116.0,208,Resolved,No,5.0,10
T1761,2026-08-10 16:00:00,IT,Printer,Printer,Low,Tech_A,38.0,63,Resolved,No,4.0,1
T1762,2026-08-11 00:00:00,Accounts,Printer,Printer,Low,Tech_C,35.0,122,Resolved,No,1.0,6
T1763,2026-08-11 08:00:00,Admin,Printer,Printer,Low,Tech_A,64.0,139,Pending,No,5.0,6
T1764,2026-08-11 16:00:00,Admin,Printer,Printer,Low,Tech_A,15.0,59,Resolved,No,1.0,3
T1765,2026-08-12 00:00:00,Mechanical,Printer,Printer,Medium,Tech_D,104.0,229,Resolved,Yes,4.0,8
T1766,2026-08-12 08:00:00,IT,Network,Server,Medium,Tech_C,10.0,177,Resolved,No,1.0,9
T1767,2026-08-12 16:00:00,Admin,Hardware,Desktop,Medium,Tech_B,31.0,145,Resolved,No,5.0,3
T1768,2026-08-13 00:00:00,Accounts,Printer,Printer,Medium,Tech_B,11.0,154,Pending,No,1.0,9
T1769,2026-08-13 08:00:00,ENTC,Hardware,Laptop,Medium,Tech_E,53.0,224,Resolved,No,4.0,8
T1770,2026-08-13 16:00:00,CSE,Security,Server,Medium,Tech_C,100.0,237,Resolved,No,5.0,5
T1771,2026-08-14 00:00:00,CSE,Printer,Printer,Low,Tech_C,76.0,145,Resolved,No,5.0,6
T1772,2026-08-14 08:00:00,CSE,Login,Laptop,Low,Tech_A,64.0,92,Pending,No,4.0,1
T1773,2026-08-14 16:00:00,IT,Printer,Printer,Medium,Tech_D,37.0,150,Resolved,Yes,2.0,5
T1774,2026-08-15 00:00:00,Mechanical,Software,Laptop,Medium,Tech_B,51.0,193,Resolved,No,3.0,10
T1775,2026-08-15 08:00:00,Admin,Network,Router,Medium,Tech_B,120.0,241,Resolved,No,4.0,10
T1776,2026-08-15 16:00:00,ENTC,Login,Desktop,Low,Tech_D,48.0,124,Resolved,No,1.0,7
T1777,2026-08-16 00:00:00,Accounts,Login,Desktop,Medium,Tech_D,83.0,144,Pending,No,2.0,1
T1778,2026-08-16 08:00:00,ENTC,Software,Desktop,Medium,Tech_C,31.0,202,Escalated,No,4.0,10
T1779,2026-08-16 16:00:00,Accounts,Printer,Printer,Medium,Tech_D,98.0,215,Resolved,No,3.0,9
T1780,2026-08-17 00:00:00,IT,Network,Server,High,Tech_D,26.0,189,Resolved,No,5.0,7
T1781,2026-08-17 08:00:00,CSE,Login,Server,Medium,Tech_A,51.0,98,Resolved,No,3.0,4
T1782,2026-08-17 16:00:00,IT,Network,Server,Medium,Tech_C,97.0,234,Resolved,Yes,,4
T1783,2026-08-18 00:00:00,Mechanical,Login,Server,Medium,Tech_E,109.0,221,Resolved,No,4.0,10
T1784,2026-08-18 08:00:00,Mechanical,Printer,Printer,Medium,Tech_E,52.0,144,Resolved,No,5.0,7
T1785,2026-08-18 16:00:00,Accounts,Security,Server,Medium,Tech_B,34.0,181,Pending,No,5.0,6
T1786,2026-08-19 00:00:00,Admin,Login,Laptop,Medium,Tech_D,6.0,96,Pending,No,3.0,3
T1787,2026-08-19 08:00:00,Admin,Security,Desktop,High,Tech_A,19.0,235,Pending,No,4.0,9
T1788,2026-08-19 16:00:00,Accounts,Login,Laptop,Low,Tech_D,51.0,122,Resolved,No,5.0,6
T1789,2026-08-20 00:00:00,Mechanical,Hardware,Laptop,Medium,Tech_B,31.0,136,Pending,No,5.0,2
T1790,2026-08-20 08:00:00,Mechanical,Printer,Printer,Low,Tech_D,75.0,175,Resolved,No,1.0,10
T1791,2026-08-20 16:00:00,Mechanical,Software,Desktop,Low,Tech_E,31.0,80,Resolved,No,3.0,2
T1792,2026-08-21 00:00:00,IT,Security,Desktop,High,Tech_C,89.0,212,Pending,No,2.0,1
T1793,2026-08-21 08:00:00,Mechanical,Software,Desktop,Medium,Tech_D,17.0,120,Escalated,No,3.0,5
T1794,2026-08-21 16:00:00,ENTC,Printer,Printer,Low,Tech_E,59.0,154,Pending,No,4.0,10
T1795,2026-08-22 00:00:00,CSE,Software,Laptop,Low,Tech_E,21.0,100,Pending,No,5.0,6
T1796,2026-08-22 08:00:00,Mechanical,Printer,Printer,Medium,Tech_B,79.0,133,Resolved,No,5.0,3
T1797,2026-08-22 16:00:00,Accounts,Software,Desktop,Low,Tech_C,63.0,134,Resolved,No,1.0,4
T1798,2026-08-23 00:00:00,CSE,Security,Server,High,Tech_B,14.0,200,Pending,No,5.0,5
T1799,2026-08-23 08:00:00,IT,Hardware,Desktop,Low,Tech_A,37.0,126,Resolved,No,5.0,4
T1800,2026-08-23 16:00:00,Accounts,Software,Laptop,Medium,Tech_C,82.0,235,Resolved,Yes,2.0,9
T1801,2026-08-24 00:00:00,CSE,Security,Laptop,Medium,Tech_A,41.0,177,Pending,No,3.0,3
T1802,2026-08-24 08:00:00,Accounts,Login,Desktop,Low,Tech_C,12.0,100,Escalated,No,5.0,5
T1803,2026-08-24 16:00:00,IT,Printer,Printer,Low,Tech_E,37.0,145,Resolved,No,4.0,7
T1804,2026-08-25 00:00:00,ENTC,Network,Server,Medium,Tech_A,11.0,144,Pending,No,2.0,7
T1805,2026-08-25 08:00:00,IT,Network,Server,Medium,Tech_C,38.0,174,Resolved,Yes,2.0,6
T1806,2026-08-25 16:00:00,IT,Printer,Printer,Low,Tech_C,75.0,184,Escalated,No,1.0,9
T1807,2026-08-26 00:00:00,Accounts,Hardware,Desktop,High,Tech_A,11.0,196,Resolved,No,4.0,7
T1808,2026-08-26 08:00:00,Admin,Software,Server,Medium,Tech_C,45.0,130,Resolved,No,2.0,4
T1809,2026-08-26 16:00:00,Mechanical,Hardware,Laptop,Medium,Tech_B,104.0,289,Pending,Yes,3.0,10
T1810,2026-08-27 00:00:00,Mechanical,Network,Server,Medium,Tech_B,59.0,197,Pending,No,4.0,9
T1811,2026-08-27 08:00:00,ENTC,Security,Desktop,High,Tech_A,11.0,211,Pending,No,3.0,6
T1812,2026-08-27 16:00:00,ENTC,Printer,Printer,Medium,Tech_E,88.0,141,Escalated,No,1.0,1
T1813,2026-08-28 00:00:00,Mechanical,Printer,Printer,Low,Tech_D,22.0,130,Resolved,No,1.0,9
T1814,2026-08-28 08:00:00,Admin,Hardware,Desktop,Medium,Tech_A,113.0,218,Resolved,No,5.0,7
T1815,2026-08-28 16:00:00,Mechanical,Security,Desktop,Medium,Tech_A,47.0,183,Pending,No,3.0,6
T1816,2026-08-29 00:00:00,Admin,Hardware,Desktop,Medium,Tech_A,109.0,244,Escalated,No,3.0,6
T1817,2026-08-29 08:00:00,ENTC,Software,Laptop,Low,Tech_A,82.0,163,Resolved,No,1.0,4
T1818,2026-08-29 16:00:00,CSE,Login,Laptop,Medium,Tech_B,44.0,165,Resolved,No,3.0,4
T1819,2026-08-30 00:00:00,Accounts,Security,Server,Medium,Tech_A,57.0,180,Resolved,No,4.0,3
T1820,2026-08-30 08:00:00,ENTC,Login,Server,Medium,Tech_E,18.0,162,Resolved,Yes,5.0,8
T1821,2026-08-30 16:00:00,ENTC,Software,Server,Low,Tech_D,25.0,152,Pending,No,5.0,8
T1822,2026-08-31 00:00:00,IT,Login,Laptop,High,Tech_D,117.0,203,Resolved,No,4.0,2
T1823,2026-08-31 08:00:00,IT,Network,Router,Medium,Tech_E,61.0,188,Resolved,Yes,2.0,5
T1824,2026-08-31 16:00:00,IT,Login,Desktop,Medium,Tech_A,95.0,221,Pending,No,3.0,9
T1825,2026-09-01 00:00:00,Accounts,Software,Desktop,Medium,Tech_D,50.0,236,Resolved,Yes,2.0,9
T1826,2026-09-01 08:00:00,IT,Login,Desktop,Medium,Tech_B,30.0,149,Pending,No,2.0,7
T1827,2026-09-01 16:00:00,Admin,Printer,Printer,Low,Tech_D,95.0,142,Resolved,No,3.0,4
T1828,2026-09-02 00:00:00,Mechanical,Hardware,Laptop,Medium,Tech_E,28.0,154,Resolved,Yes,1.0,4
T1829,2026-09-02 08:00:00,CSE,Network,Router,Low,Tech_D,9.0,178,Resolved,Yes,3.0,10
T1830,2026-09-02 16:00:00,ENTC,Printer,Printer,Medium,Tech_E,46.0,165,Resolved,No,1.0,7
T1831,2026-09-03 00:00:00,Admin,Printer,Printer,Low,Tech_A,106.0,140,Resolved,No,4.0,3
T1832,2026-09-03 08:00:00,CSE,Software,Laptop,High,Tech_D,96.0,204,Pending,No,1.0,3
T1833,2026-09-03 16:00:00,Admin,Hardware,Laptop,Low,Tech_E,110.0,195,Resolved,No,2.0,5
T1834,2026-09-04 00:00:00,Admin,Hardware,Desktop,Medium,Tech_B,47.0,167,Resolved,No,2.0,6
T1835,2026-09-04 08:00:00,ENTC,Security,Server,Medium,Tech_B,36.0,177,Pending,No,2.0,8
T1836,2026-09-04 16:00:00,Mechanical,Network,Server,Medium,Tech_C,92.0,157,Resolved,No,1.0,1
T1837,2026-09-05 00:00:00,IT,Software,Laptop,Medium,Tech_D,10.0,138,Escalated,No,2.0,7
T1838,2026-09-05 08:00:00,Accounts,Network,Router,High,Tech_A,78.0,252,Resolved,No,5.0,8
T1839,2026-09-05 16:00:00,Mechanical,Security,Laptop,High,Tech_C,114.0,299,Resolved,No,3.0,5
T1840,2026-09-06 00:00:00,Accounts,Login,Server,Medium,Tech_D,120.0,261,Resolved,No,2.0,10
T1841,2026-09-06 08:00:00,ENTC,Printer,Printer,Low,Tech_B,71.0,82,Resolved,No,1.0,2
T1842,2026-09-06 16:00:00,ENTC,Network,Router,Medium,Tech_A,11.0,154,Resolved,No,2.0,4
T1843,2026-09-07 00:00:00,ENTC,Printer,Printer,Low,Tech_B,33.0,122,Resolved,No,1.0,6
T1844,2026-09-07 08:00:00,CSE,Software,Desktop,Medium,Tech_D,38.0,176,Resolved,No,3.0,9
T1845,2026-09-07 16:00:00,Accounts,Login,Server,Medium,Tech_A,11.0,109,Pending,No,1.0,2
T1846,2026-09-08 00:00:00,Mechanical,Software,Desktop,High,Tech_A,85.0,174,Pending,No,3.0,4
T1847,2026-09-08 08:00:00,Mechanical,Login,Desktop,Medium,Tech_C,81.0,209,Resolved,No,2.0,10
T1848,2026-09-08 16:00:00,Admin,Login,Laptop,High,Tech_A,62.0,194,Resolved,No,5.0,5
T1849,2026-09-09 00:00:00,Admin,Printer,Printer,Low,Tech_D,,175,Resolved,No,2.0,8
T1850,2026-09-09 08:00:00,Admin,Software,Desktop,Medium,Tech_E,35.0,186,Resolved,No,3.0,8
T1851,2026-09-09 16:00:00,ENTC,Software,Server,Low,Tech_E,77.0,135,Escalated,No,4.0,2
T1852,2026-09-10 00:00:00,Mechanical,Network,Router,Medium,Tech_A,49.0,204,Resolved,Yes,4.0,6
T1853,2026-09-10 08:00:00,Accounts,Software,Laptop,High,Tech_E,51.0,194,Resolved,No,4.0,6
T1854,2026-09-10 16:00:00,ENTC,Network,Laptop,High,Tech_D,81.0,257,Resolved,Yes,2.0,5
T1855,2026-09-11 00:00:00,CSE,Hardware,Desktop,Medium,Tech_C,85.0,219,Resolved,No,1.0,8
T1856,2026-09-11 08:00:00,Admin,Hardware,Laptop,High,Tech_B,76.0,281,Pending,No,5.0,10
T1857,2026-09-11 16:00:00,ENTC,Hardware,Desktop,Medium,Tech_B,77.0,157,Resolved,No,5.0,2
T1858,2026-09-12 00:00:00,ENTC,Security,Server,Medium,Tech_D,77.0,184,Resolved,No,2.0,2
T1859,2026-09-12 08:00:00,CSE,Software,Server,Medium,Tech_C,44.0,149,Resolved,No,3.0,7
T1860,2026-09-12 16:00:00,IT,Security,Laptop,High,Tech_D,116.0,345,Resolved,Yes,2.0,9
T1861,2026-09-13 00:00:00,Mechanical,Software,Server,Low,Tech_A,120.0,157,Resolved,No,4.0,3
T1862,2026-09-13 08:00:00,Accounts,Network,Server,High,Tech_C,34.0,187,Pending,No,3.0,7
T1863,2026-09-13 16:00:00,IT,Security,Server,High,Tech_E,66.0,205,Resolved,No,5.0,3
T1864,2026-09-14 00:00:00,Admin,Security,Server,High,Tech_A,75.0,247,Resolved,No,2.0,6
T1865,2026-09-14 08:00:00,ENTC,Security,Laptop,High,Tech_E,21.0,172,Resolved,No,1.0,3
T1866,2026-09-14 16:00:00,CSE,Login,Laptop,Medium,Tech_A,107.0,163,Resolved,No,1.0,1
T1867,2026-09-15 00:00:00,CSE,Network,Server,Medium,Tech_A,106.0,210,Pending,No,5.0,6
T1868,2026-09-15 08:00:00,Mechanical,Hardware,Desktop,Medium,Tech_A,9.0,135,Resolved,No,3.0,3
T1869,2026-09-15 16:00:00,IT,Network,Router,Medium,Tech_A,85.0,149,Resolved,No,4.0,1
T1870,2026-09-16 00:00:00,Mechanical,Login,Laptop,High,Tech_C,108.0,260,Resolved,Yes,1.0,5
T1871,2026-09-16 08:00:00,ENTC,Software,Server,High,Tech_C,5.0,181,Resolved,No,1.0,8
T1872,2026-09-16 16:00:00,Mechanical,Network,Laptop,Low,Tech_A,84.0,187,Escalated,No,2.0,8
T1873,2026-09-17 00:00:00,Accounts,Security,Laptop,Medium,Tech_D,85.0,228,Resolved,No,5.0,8
T1874,2026-09-17 08:00:00,CSE,Hardware,Laptop,Medium,Tech_A,98.0,191,Resolved,No,1.0,3
T1875,2026-09-17 16:00:00,CSE,Hardware,Desktop,Medium,Tech_A,35.0,197,Resolved,No,2.0,8
T1876,2026-09-18 00:00:00,Admin,Software,Laptop,Medium,Tech_D,39.0,127,Resolved,No,3.0,4
T1877,2026-09-18 08:00:00,Admin,Network,Router,Low,Tech_D,113.0,212,Resolved,No,1.0,8
T1878,2026-09-18 16:00:00,ENTC,Login,Desktop,Medium,Tech_A,76.0,142,Pending,No,5.0,3
T1879,2026-09-19 00:00:00,Accounts,Software,Server,Medium,Tech_B,116.0,207,Resolved,No,2.0,3
T1880,2026-09-19 08:00:00,IT,Network,Router,Medium,Tech_B,34.0,118,Resolved,No,3.0,1
T1881,2026-09-19 16:00:00,Mechanical,Printer,Printer,Low,Tech_D,107.0,188,Resolved,No,2.0,8
T1882,2026-09-20 00:00:00,ENTC,Hardware,Laptop,Medium,Tech_A,89.0,223,Resolved,No,4.0,8
T1883,2026-09-20 08:00:00,Admin,Login,Server,Low,Tech_E,19.0,146,Resolved,No,5.0,9
T1884,2026-09-20 16:00:00,Mechanical,Security,Desktop,High,Tech_E,102.0,270,Pending,No,5.0,6
T1885,2026-09-21 00:00:00,Admin,Login,Desktop,High,Tech_A,60.0,162,Pending,No,1.0,2
T1886,2026-09-21 08:00:00,Mechanical,Security,Server,Medium,Tech_A,64.0,161,Resolved,No,2.0,1
T1887,2026-09-21 16:00:00,IT,Login,Desktop,Medium,Tech_A,31.0,147,Pending,No,3.0,8
T1888,2026-09-22 00:00:00,ENTC,Hardware,Laptop,Medium,Tech_E,6.0,202,Resolved,No,1.0,10
T1889,2026-09-22 08:00:00,Mechanical,Security,Laptop,High,Tech_E,78.0,246,Resolved,No,5.0,4
T1890,2026-09-22 16:00:00,Accounts,Network,Router,Medium,Tech_D,68.0,194,Resolved,No,2.0,7
T1891,2026-09-23 00:00:00,CSE,Security,Laptop,High,Tech_C,9.0,236,Resolved,No,3.0,10
T1892,2026-09-23 08:00:00,Accounts,Software,Desktop,Low,Tech_D,95.0,142,Pending,No,5.0,4
T1893,2026-09-23 16:00:00,Accounts,Network,Server,High,Tech_D,72.0,160,Resolved,No,3.0,1
T1894,2026-09-24 00:00:00,CSE,Software,Server,Low,Tech_B,115.0,218,Resolved,Yes,2.0,8
T1895,2026-09-24 08:00:00,Accounts,Login,Laptop,High,Tech_D,17.0,216,Resolved,No,3.0,10
T1896,2026-09-24 16:00:00,Mechanical,Network,Router,High,Tech_D,85.0,255,Resolved,No,1.0,9
T1897,2026-09-25 00:00:00,Mechanical,Login,Server,Medium,Tech_D,89.0,235,Resolved,No,1.0,10
T1898,2026-09-25 08:00:00,Mechanical,Printer,Printer,Low,Tech_D,27.0,136,Pending,No,2.0,9
T1899,2026-09-25 16:00:00,CSE,Login,Desktop,Medium,Tech_C,101.0,211,Resolved,No,5.0,9
T1900,2026-09-26 00:00:00,Accounts,Login,Server,Medium,Tech_B,54.0,133,Resolved,No,4.0,4
T1901,2026-09-26 08:00:00,CSE,Software,Desktop,High,Tech_E,83.0,251,Resolved,No,4.0,9
T1902,2026-09-26 16:00:00,Mechanical,Security,Desktop,High,Tech_A,82.0,218,Resolved,No,4.0,4
T1903,2026-09-27 00:00:00,Accounts,Printer,Printer,Low,Tech_E,77.0,102,Resolved,No,5.0,2
T1904,2026-09-27 08:00:00,Accounts,Login,Desktop,High,Tech_B,112.0,269,Resolved,No,1.0,10
T1905,2026-09-27 16:00:00,Admin,Login,Server,High,Tech_D,41.0,168,Escalated,No,1.0,3
T1906,2026-09-28 00:00:00,Admin,Printer,Printer,Low,Tech_E,34.0,82,Resolved,No,1.0,2
T1907,2026-09-28 08:00:00,IT,Printer,Printer,Medium,Tech_D,97.0,144,Resolved,No,2.0,1
T1908,2026-09-28 16:00:00,ENTC,Network,Router,Medium,Tech_C,27.0,160,Resolved,No,1.0,6
T1909,2026-09-29 00:00:00,Admin,Software,Server,Medium,Tech_C,38.0,147,Resolved,No,1.0,4
T1910,2026-09-29 08:00:00,CSE,Printer,Printer,Low,Tech_B,68.0,175,Resolved,Yes,1.0,7
T1911,2026-09-29 16:00:00,Admin,Printer,Printer,Medium,Tech_E,59.0,155,Resolved,No,4.0,7
T1912,2026-09-30 00:00:00,IT,Hardware,Laptop,Medium,Tech_C,75.0,239,Resolved,No,3.0,10
T1913,2026-09-30 08:00:00,Accounts,Security,Laptop,High,Tech_B,13.0,174,Resolved,Yes,1.0,1
T1914,2026-09-30 16:00:00,IT,Printer,Printer,Low,Tech_B,118.0,180,Resolved,No,3.0,9
T1915,2026-10-01 00:00:00,Accounts,Software,Server,Medium,Tech_B,8.0,150,Resolved,No,1.0,8
T1916,2026-10-01 08:00:00,Accounts,Security,Server,High,Tech_E,70.0,289,Pending,No,4.0,10
T1917,2026-10-01 16:00:00,ENTC,Security,Laptop,High,Tech_E,95.0,224,Pending,No,4.0,1
T1918,2026-10-02 00:00:00,Admin,Login,Desktop,Medium,Tech_B,37.0,171,Pending,No,3.0,8
T1919,2026-10-02 08:00:00,CSE,Login,Server,Low,Tech_A,36.0,125,Resolved,No,4.0,5
T1920,2026-10-02 16:00:00,CSE,Login,Desktop,High,Tech_E,48.0,158,Resolved,Yes,2.0,1
T1921,2026-10-03 00:00:00,Mechanical,Login,Laptop,High,Tech_E,113.0,216,Resolved,No,5.0,4
T1922,2026-10-03 08:00:00,Accounts,Hardware,Laptop,Medium,Tech_A,114.0,223,Resolved,No,5.0,7
T1923,2026-10-03 16:00:00,CSE,Printer,Printer,Low,Tech_E,41.0,116,Pending,No,1.0,5
T1924,2026-10-04 00:00:00,ENTC,Login,Laptop,High,Tech_E,95.0,213,Resolved,No,4.0,3
T1925,2026-10-04 08:00:00,Accounts,Network,Router,High,Tech_C,96.0,216,Pending,No,5.0,4
T1926,2026-10-04 16:00:00,ENTC,Login,Laptop,Medium,Tech_A,71.0,145,Pending,No,3.0,2
T1927,2026-10-05 00:00:00,CSE,Printer,Printer,Low,Tech_C,64.0,146,Pending,No,3.0,8
T1928,2026-10-05 08:00:00,CSE,Login,Server,Medium,Tech_A,63.0,138,Pending,No,3.0,2
T1929,2026-10-05 16:00:00,Mechanical,Hardware,Desktop,Medium,Tech_A,40.0,147,Resolved,No,1.0,6
T1930,2026-10-06 00:00:00,CSE,Software,Server,Low,Tech_A,53.0,166,Resolved,No,5.0,7
T1931,2026-10-06 08:00:00,Accounts,Software,Desktop,Medium,Tech_E,55.0,161,Resolved,No,5.0,7
T1932,2026-10-06 16:00:00,Accounts,Printer,Printer,Low,Tech_B,111.0,129,Resolved,No,5.0,1
T1933,2026-10-07 00:00:00,Accounts,Software,Server,High,Tech_D,12.0,203,Resolved,No,3.0,8
T1934,2026-10-07 08:00:00,Mechanical,Software,Server,Medium,Tech_B,112.0,221,Resolved,No,3.0,9
T1935,2026-10-07 16:00:00,Mechanical,Network,Laptop,Medium,Tech_E,54.0,205,Escalated,No,1.0,7
T1936,2026-10-08 00:00:00,CSE,Printer,Printer,Medium,Tech_E,118.0,246,Resolved,No,2.0,8
T1937,2026-10-08 08:00:00,IT,Printer,Printer,Low,Tech_D,45.0,113,Resolved,No,5.0,4
T1938,2026-10-08 16:00:00,IT,Software,Server,Medium,Tech_E,105.0,221,Resolved,No,1.0,8
T1939,2026-10-09 00:00:00,Mechanical,Software,Laptop,Medium,Tech_A,117.0,208,Escalated,Yes,3.0,3
T1940,2026-10-09 08:00:00,CSE,Software,Desktop,Medium,Tech_C,113.0,171,Resolved,No,2.0,1
T1941,2026-10-09 16:00:00,IT,Security,Server,High,Tech_C,42.0,252,Resolved,No,4.0,8
T1942,2026-10-10 00:00:00,CSE,Hardware,Laptop,Low,Tech_A,90.0,162,Resolved,No,2.0,6
T1943,2026-10-10 08:00:00,CSE,Login,Desktop,Low,Tech_B,82.0,204,Pending,Yes,1.0,9
T1944,2026-10-10 16:00:00,CSE,Hardware,Desktop,High,Tech_C,83.0,207,Resolved,No,2.0,3
T1945,2026-10-11 00:00:00,Admin,Printer,Printer,Low,Tech_A,59.0,142,Pending,No,3.0,8
T1946,2026-10-11 08:00:00,Accounts,Network,Router,Medium,Tech_B,114.0,238,Resolved,No,2.0,9
T1947,2026-10-11 16:00:00,CSE,Login,Server,Medium,Tech_C,72.0,184,Resolved,No,3.0,9
T1948,2026-10-12 00:00:00,Admin,Network,Server,Medium,Tech_A,22.0,178,Resolved,No,2.0,7
T1949,2026-10-12 08:00:00,Mechanical,Security,Server,High,Tech_C,69.0,275,Pending,No,,10
T1950,2026-10-12 16:00:00,IT,Printer,Printer,Low,Tech_C,68.0,111,Resolved,No,4.0,3
T1951,2026-10-13 00:00:00,Accounts,Security,Laptop,High,Tech_C,16.0,175,Pending,No,5.0,3
T1952,2026-10-13 08:00:00,IT,Printer,Printer,Low,Tech_D,45.0,105,Resolved,Yes,2.0,2
T1953,2026-10-13 16:00:00,Accounts,Network,Server,Medium,Tech_B,46.0,129,Resolved,No,4.0,1
T1954,2026-10-14 00:00:00,IT,Network,Router,Medium,Tech_C,64.0,142,Resolved,No,2.0,2
T1955,2026-10-14 08:00:00,Accounts,Network,Server,High,Tech_A,54.0,208,Resolved,No,4.0,5
T1956,2026-10-14 16:00:00,IT,Printer,Printer,Low,Tech_D,85.0,127,Resolved,No,3.0,1
T1957,2026-10-15 00:00:00,IT,Software,Server,Medium,Tech_E,87.0,212,Pending,No,4.0,10
T1958,2026-10-15 08:00:00,IT,Network,Server,Medium,Tech_E,40.0,150,Pending,No,5.0,4
T1959,2026-10-15 16:00:00,IT,Security,Server,High,Tech_B,52.0,273,Resolved,No,4.0,10
T1960,2026-10-16 00:00:00,Mechanical,Login,Server,Medium,Tech_A,75.0,197,Resolved,No,5.0,10
T1961,2026-10-16 08:00:00,CSE,Printer,Printer,Low,Tech_D,77.0,110,Resolved,No,5.0,1
T1962,2026-10-16 16:00:00,ENTC,Security,Server,Medium,Tech_A,12.0,201,Escalated,No,4.0,10
T1963,2026-10-17 00:00:00,Admin,Hardware,Laptop,High,Tech_D,29.0,263,Pending,Yes,,8
T1964,2026-10-17 08:00:00,ENTC,Hardware,Laptop,Low,Tech_D,11.0,130,Resolved,No,5.0,5
T1965,2026-10-17 16:00:00,ENTC,Login,Desktop,Low,Tech_E,110.0,212,Resolved,No,3.0,10
T1966,2026-10-18 00:00:00,Accounts,Software,Laptop,Medium,Tech_B,12.0,112,Escalated,No,1.0,4
T1967,2026-10-18 08:00:00,CSE,Network,Server,Medium,Tech_B,,197,Resolved,No,3.0,3
T1968,2026-10-18 16:00:00,Accounts,Printer,Printer,Low,Tech_A,85.0,173,Escalated,No,1.0,9
T1969,2026-10-19 00:00:00,CSE,Security,Server,High,Tech_D,80.0,282,Resolved,Yes,1.0,6
T1970,2026-10-19 08:00:00,CSE,Network,Server,High,Tech_D,114.0,209,Resolved,No,3.0,1
T1971,2026-10-19 16:00:00,IT,Security,Server,High,Tech_C,35.0,253,Resolved,No,5.0,8
T1972,2026-10-20 00:00:00,Mechanical,Printer,Printer,Medium,Tech_B,16.0,202,Resolved,Yes,3.0,10
T1973,2026-10-20 08:00:00,IT,Hardware,Desktop,Low,Tech_D,61.0,135,Pending,No,5.0,2
T1974,2026-10-20 16:00:00,Mechanical,Network,Server,Medium,Tech_A,70.0,207,Resolved,No,3.0,9
T1975,2026-10-21 00:00:00,Accounts,Login,Desktop,Medium,Tech_E,16.0,138,Resolved,No,3.0,7
T1976,2026-10-21 08:00:00,Mechanical,Software,Server,Low,Tech_E,31.0,80,Escalated,No,2.0,3
T1977,2026-10-21 16:00:00,Accounts,Login,Laptop,Low,Tech_B,50.0,116,Resolved,No,4.0,4
T1978,2026-10-22 00:00:00,ENTC,Software,Laptop,Medium,Tech_B,11.0,96,Resolved,No,3.0,3
T1979,2026-10-22 08:00:00,ENTC,Security,Laptop,High,Tech_C,65.0,270,Resolved,No,4.0,6
T1980,2026-10-22 16:00:00,Mechanical,Network,Server,Medium,Tech_B,62.0,201,Resolved,No,5.0,9
T1981,2026-10-23 00:00:00,Mechanical,Network,Router,Medium,Tech_D,62.0,229,Resolved,No,2.0,10
T1982,2026-10-23 08:00:00,Accounts,Software,Desktop,Low,Tech_D,17.0,157,Resolved,No,2.0,9
T1983,2026-10-23 16:00:00,IT,Hardware,Laptop,Medium,Tech_D,57.0,152,Resolved,No,1.0,1
T1984,2026-10-24 00:00:00,Accounts,Printer,Printer,Low,Tech_D,104.0,197,Resolved,No,4.0,10
T1985,2026-10-24 08:00:00,IT,Login,Laptop,Medium,Tech_C,69.0,164,Resolved,No,2.0,6
T1986,2026-10-24 16:00:00,ENTC,Security,Server,High,Tech_B,53.0,224,Resolved,No,5.0,1
T1987,2026-10-25 00:00:00,CSE,Login,Desktop,Medium,Tech_B,39.0,154,Resolved,No,1.0,4
T1988,2026-10-25 08:00:00,Mechanical,Login,Server,High,Tech_B,98.0,240,Resolved,No,2.0,7
T1989,2026-10-25 16:00:00,IT,Security,Server,High,Tech_C,99.0,246,Resolved,No,5.0,4
T1990,2026-10-26 00:00:00,Accounts,Security,Desktop,High,Tech_C,21.0,251,Resolved,Yes,4.0,9
T1991,2026-10-26 08:00:00,ENTC,Network,Router,High,Tech_D,76.0,255,Resolved,No,5.0,10
T1992,2026-10-26 16:00:00,IT,Login,Server,Medium,Tech_C,71.0,172,Escalated,No,5.0,5
T1993,2026-10-27 00:00:00,Accounts,Printer,Printer,Medium,Tech_C,14.0,179,Resolved,No,5.0,9
T1994,2026-10-27 08:00:00,Mechanical,Printer,Printer,Low,Tech_A,38.0,71,Resolved,No,3.0,1
T1995,2026-10-27 16:00:00,Mechanical,Software,Laptop,Medium,Tech_D,90.0,213,Resolved,Yes,2.0,4
T1996,2026-10-28 00:00:00,Admin,Security,Desktop,High,Tech_D,8.0,245,Resolved,Yes,5.0,7
T1997,2026-10-28 08:00:00,CSE,Network,Router,Low,Tech_A,,144,Escalated,No,1.0,2
T1998,2026-10-28 16:00:00,Admin,Printer,Printer,Low,Tech_B,33.0,153,Resolved,No,3.0,9
T1999,2026-10-29 00:00:00,ENTC,Hardware,Desktop,High,Tech_A,50.0,202,Resolved,No,5.0,3
T2000,2026-10-29 08:00:00,IT,Network,Laptop,Medium,Tech_A,79.0,186,Resolved,No,5.0,4
T2001,2026-10-29 16:00:00,ENTC,Network,Router,Low,Tech_A,50.0,124,Resolved,No,2.0,4
T2002,2026-10-30 00:00:00,Accounts,Printer,Printer,Low,Tech_C,81.0,176,Resolved,No,3.0,8
T2003,2026-10-30 08:00:00,Mechanical,Hardware,Desktop,High,Tech_A,63.0,205,Pending,No,5.0,2
T2004,2026-10-30 16:00:00,Admin,Software,Server,High,Tech_E,65.0,210,Resolved,No,5.0,5
T2005,2026-10-31 00:00:00,Admin,Printer,Printer,Low,Tech_A,72.0,145,Resolved,Yes,4.0,2
T2006,2026-10-31 08:00:00,Admin,Hardware,Desktop,High,Tech_B,70.0,229,Resolved,No,1.0,6
T2007,2026-10-31 16:00:00,ENTC,Network,Router,High,Tech_B,38.0,237,Escalated,No,1.0,9
T2008,2026-11-01 00:00:00,Mechanical,Hardware,Laptop,Low,Tech_B,111.0,245,Resolved,No,2.0,9
T2009,2026-11-01 08:00:00,IT,Network,Server,High,Tech_A,90.0,186,Escalated,No,3.0,1
T2010,2026-11-01 16:00:00,Accounts,Printer,Printer,Low,Tech_D,9.0,61,Resolved,No,5.0,4
T2011,2026-11-02 00:00:00,IT,Security,Server,High,Tech_B,13.0,205,Escalated,No,3.0,4
T2012,2026-11-02 08:00:00,ENTC,Printer,Printer,Low,Tech_A,24.0,56,Pending,No,2.0,1
T2013,2026-11-02 16:00:00,Accounts,Login,Desktop,Medium,Tech_B,25.0,165,Resolved,No,4.0,10
T2014,2026-11-03 00:00:00,Admin,Login,Desktop,Medium,Tech_C,21.0,101,Pending,No,2.0,2
T2015,2026-11-03 08:00:00,CSE,Login,Desktop,Medium,Tech_C,16.0,128,Resolved,No,1.0,6
T2016,2026-11-03 16:00:00,ENTC,Printer,Printer,Medium,Tech_A,96.0,224,Resolved,Yes,4.0,10
T2017,2026-11-04 00:00:00,ENTC,Software,Desktop,High,Tech_B,86.0,207,Resolved,No,5.0,3
T2018,2026-11-04 08:00:00,Mechanical,Printer,Printer,Medium,Tech_B,71.0,205,Resolved,No,2.0,9
T2019,2026-11-04 16:00:00,IT,Security,Laptop,High,Tech_E,9.0,161,Resolved,No,3.0,3
T2020,2026-11-05 00:00:00,ENTC,Hardware,Laptop,Low,Tech_B,64.0,165,Resolved,Yes,3.0,3
T2021,2026-11-05 08:00:00,ENTC,Printer,Printer,Low,Tech_D,57.0,147,Resolved,No,1.0,9
T2022,2026-11-05 16:00:00,Admin,Printer,Printer,Medium,Tech_C,56.0,119,Escalated,No,1.0,3
T2023,2026-11-06 00:00:00,Admin,Network,Laptop,Medium,Tech_B,82.0,188,Resolved,No,1.0,6
T2024,2026-11-06 08:00:00,Accounts,Network,Router,High,Tech_D,52.0,214,Resolved,No,1.0,6
T2025,2026-11-06 16:00:00,CSE,Network,Server,High,Tech_A,94.0,244,Resolved,Yes,5.0,1
T2026,2026-11-07 00:00:00,Mechanical,Printer,Printer,Medium,Tech_C,23.0,135,Resolved,No,4.0,7
T2027,2026-11-07 08:00:00,CSE,Software,Desktop,Medium,Tech_A,109.0,243,Resolved,No,1.0,9
T2028,2026-11-07 16:00:00,Accounts,Hardware,Laptop,Medium,Tech_B,21.0,196,Pending,No,2.0,9
T2029,2026-11-08 00:00:00,Admin,Hardware,Laptop,Medium,Tech_A,58.0,189,Resolved,No,5.0,9
T2030,2026-11-08 08:00:00,IT,Security,Laptop,High,Tech_C,107.0,222,Resolved,No,4.0,2
T2031,2026-11-08 16:00:00,Admin,Software,Desktop,High,Tech_A,110.0,221,Resolved,No,5.0,1
T2032,2026-11-09 00:00:00,Mechanical,Software,Desktop,Medium,Tech_A,72.0,172,Resolved,No,3.0,6
T2033,2026-11-09 08:00:00,Admin,Hardware,Laptop,Medium,Tech_A,110.0,232,Resolved,No,5.0,6
T2034,2026-11-09 16:00:00,Mechanical,Login,Laptop,Medium,Tech_D,39.0,134,Resolved,No,5.0,4
T2035,2026-11-10 00:00:00,Mechanical,Network,Router,Low,Tech_D,92.0,170,Resolved,No,3.0,8
T2036,2026-11-10 08:00:00,Mechanical,Network,Router,Low,Tech_B,45.0,126,Resolved,No,3.0,5
T2037,2026-11-10 16:00:00,Accounts,Hardware,Desktop,High,Tech_A,17.0,209,Resolved,No,3.0,7
T2038,2026-11-11 00:00:00,Mechanical,Software,Laptop,Medium,Tech_D,37.0,167,Resolved,No,5.0,9
T2039,2026-11-11 08:00:00,Mechanical,Security,Desktop,High,Tech_C,19.0,159,Resolved,No,3.0,1
T2040,2026-11-11 16:00:00,IT,Login,Desktop,Medium,Tech_C,67.0,182,Pending,No,1.0,9
T2041,2026-11-12 00:00:00,CSE,Hardware,Desktop,Low,Tech_A,19.0,105,Resolved,No,2.0,4
T2042,2026-11-12 08:00:00,ENTC,Network,Router,Low,Tech_B,35.0,138,Resolved,No,2.0,7
T2043,2026-11-12 16:00:00,CSE,Printer,Printer,Medium,Tech_D,111.0,157,Resolved,No,3.0,4
T2044,2026-11-13 00:00:00,Mechanical,Software,Laptop,Medium,Tech_D,32.0,144,Escalated,No,4.0,4
T2045,2026-11-13 08:00:00,IT,Printer,Printer,Low,Tech_D,14.0,65,Pending,No,5.0,4
T2046,2026-11-13 16:00:00,Admin,Security,Server,High,Tech_B,61.0,238,Pending,No,2.0,6
T2047,2026-11-14 00:00:00,IT,Hardware,Laptop,Low,Tech_E,75.0,157,Resolved,No,1.0,5
T2048,2026-11-14 08:00:00,Mechanical,Network,Router,Medium,Tech_D,37.0,139,Pending,No,4.0,2
T2049,2026-11-14 16:00:00,IT,Login,Desktop,Medium,Tech_A,11.0,139,Pending,No,4.0,9
T2050,2026-11-15 00:00:00,IT,Printer,Printer,Medium,Tech_D,9.0,111,Resolved,No,1.0,6
T2051,2026-11-15 08:00:00,Mechanical,Login,Server,Medium,Tech_D,94.0,209,Escalated,No,5.0,10
T2052,2026-11-15 16:00:00,Accounts,Security,Laptop,High,Tech_E,84.0,228,Pending,No,5.0,6
T2053,2026-11-16 00:00:00,IT,Network,Router,High,Tech_A,61.0,248,Escalated,No,3.0,9
T2054,2026-11-16 08:00:00,ENTC,Printer,Printer,Low,Tech_A,76.0,101,Pending,No,1.0,1
T2055,2026-11-16 16:00:00,ENTC,Security,Desktop,Medium,Tech_A,90.0,263,Pending,Yes,1.0,7
T2056,2026-11-17 00:00:00,IT,Login,Desktop,High,Tech_D,102.0,213,Escalated,No,1.0,3
T2057,2026-11-17 08:00:00,Accounts,Login,Laptop,Medium,Tech_D,44.0,160,Resolved,Yes,3.0,4
T2058,2026-11-17 16:00:00,Admin,Printer,Printer,Low,Tech_C,32.0,63,Pending,No,2.0,1
T2059,2026-11-18 00:00:00,Mechanical,Network,Server,Medium,Tech_E,114.0,196,Resolved,No,5.0,3
T2060,2026-11-18 08:00:00,ENTC,Login,Desktop,Medium,Tech_A,40.0,177,Resolved,Yes,3.0,7
T2061,2026-11-18 16:00:00,Admin,Hardware,Laptop,Medium,Tech_A,60.0,202,Pending,No,3.0,6
T2062,2026-11-19 00:00:00,IT,Security,Server,Medium,Tech_C,51.0,148,Resolved,No,3.0,1
T2063,2026-11-19 08:00:00,Admin,Printer,Printer,Low,Tech_D,75.0,196,Pending,Yes,1.0,9
T2064,2026-11-19 16:00:00,CSE,Software,Server,Medium,Tech_C,120.0,204,Resolved,No,3.0,4
T2065,2026-11-20 00:00:00,ENTC,Software,Laptop,Medium,Tech_C,44.0,194,Resolved,No,2.0,7
T2066,2026-11-20 08:00:00,IT,Network,Laptop,Medium,Tech_D,63.0,151,Resolved,No,,4
T2067,2026-11-20 16:00:00,Mechanical,Hardware,Desktop,Medium,Tech_B,47.0,174,Resolved,No,3.0,7
T2068,2026-11-21 00:00:00,Accounts,Login,Laptop,High,Tech_E,96.0,214,Resolved,No,2.0,5
T2069,2026-11-21 08:00:00,IT,Software,Desktop,High,Tech_B,70.0,183,Resolved,Yes,1.0,1
T2070,2026-11-21 16:00:00,Mechanical,Network,Router,Medium,Tech_B,13.0,134,Resolved,No,4.0,4
T2071,2026-11-22 00:00:00,Accounts,Security,Server,High,Tech_E,10.0,177,Resolved,No,5.0,3
T2072,2026-11-22 08:00:00,Accounts,Hardware,Laptop,Medium,Tech_B,69.0,182,Resolved,No,5.0,6
T2073,2026-11-22 16:00:00,IT,Hardware,Desktop,High,Tech_D,7.0,193,Resolved,No,1.0,6
T2074,2026-11-23 00:00:00,Admin,Network,Laptop,Medium,Tech_B,78.0,170,Resolved,No,1.0,1
T2075,2026-11-23 08:00:00,Admin,Network,Laptop,Low,Tech_B,41.0,94,Resolved,No,5.0,2
T2076,2026-11-23 16:00:00,Accounts,Login,Server,Medium,Tech_B,112.0,171,Pending,No,1.0,2
T2077,2026-11-24 00:00:00,Admin,Network,Router,Medium,Tech_D,91.0,212,Resolved,No,5.0,10
T2078,2026-11-24 08:00:00,CSE,Login,Desktop,Low,Tech_C,37.0,99,Resolved,No,1.0,4
T2079,2026-11-24 16:00:00,Accounts,Login,Server,Medium,Tech_A,13.0,159,Resolved,No,5.0,9
T2080,2026-11-25 00:00:00,Accounts,Printer,Printer,High,Tech_E,57.0,154,Escalated,No,2.0,2
T2081,2026-11-25 08:00:00,Mechanical,Hardware,Laptop,Medium,Tech_E,81.0,249,Resolved,Yes,1.0,8
T2082,2026-11-25 16:00:00,Admin,Security,Laptop,High,Tech_D,96.0,212,Resolved,No,5.0,1
T2083,2026-11-26 00:00:00,Accounts,Hardware,Desktop,Medium,Tech_A,55.0,218,Resolved,No,1.0,8
T2084,2026-11-26 08:00:00,CSE,Hardware,Laptop,High,Tech_B,75.0,228,Resolved,Yes,5.0,3
T2085,2026-11-26 16:00:00,Mechanical,Printer,Printer,Low,Tech_E,30.0,88,Resolved,No,5.0,5
T2086,2026-11-27 00:00:00,IT,Login,Server,Medium,Tech_B,20.0,114,Resolved,Yes,4.0,1
T2087,2026-11-27 08:00:00,Accounts,Login,Laptop,Medium,Tech_D,44.0,118,Pending,No,1.0,1
T2088,2026-11-27 16:00:00,CSE,Network,Router,Medium,Tech_D,94.0,211,Resolved,No,2.0,6
T2089,2026-11-28 00:00:00,ENTC,Printer,Printer,Low,Tech_D,55.0,97,Resolved,No,3.0,3
T2090,2026-11-28 08:00:00,CSE,Network,Laptop,Low,Tech_C,43.0,206,Resolved,Yes,3.0,8
T2091,2026-11-28 16:00:00,CSE,Printer,Printer,Low,Tech_D,59.0,114,Resolved,No,1.0,4
T2092,2026-11-29 00:00:00,Mechanical,Network,Server,Medium,Tech_B,100.0,188,Resolved,No,5.0,6
T2093,2026-11-29 08:00:00,IT,Software,Laptop,Medium,Tech_C,40.0,197,Escalated,No,5.0,10
T2094,2026-11-29 16:00:00,ENTC,Hardware,Laptop,Low,Tech_B,110.0,227,Resolved,No,2.0,9
T2095,2026-11-30 00:00:00,Admin,Hardware,Laptop,Medium,Tech_D,69.0,213,Resolved,No,1.0,8
T2096,2026-11-30 08:00:00,Admin,Security,Desktop,High,Tech_C,117.0,299,Resolved,Yes,3.0,4
T2097,2026-11-30 16:00:00,CSE,Login,Laptop,Low,Tech_A,89.0,194,Resolved,No,2.0,10
T2098,2026-12-01 00:00:00,Mechanical,Security,Laptop,High,Tech_D,81.0,269,Resolved,No,1.0,8
T2099,2026-12-01 08:00:00,Mechanical,Software,Server,Low,Tech_C,119.0,182,Resolved,No,1.0,7
T2100,2026-12-01 16:00:00,Admin,Security,Laptop,High,Tech_C,94.0,249,Escalated,No,1.0,5
T2101,2026-12-02 00:00:00,ENTC,Hardware,Laptop,Medium,Tech_C,49.0,193,Resolved,No,4.0,7
T2102,2026-12-02 08:00:00,IT,Login,Laptop,Medium,Tech_E,13.0,131,Escalated,No,2.0,7
T2103,2026-12-02 16:00:00,ENTC,Software,Laptop,Low,Tech_C,41.0,146,Resolved,No,,10
T2104,2026-12-03 00:00:00,Accounts,Hardware,Desktop,Medium,Tech_A,91.0,184,Resolved,No,2.0,2
T2105,2026-12-03 08:00:00,Accounts,Network,Router,Medium,Tech_D,5.0,155,Escalated,No,3.0,7
T2106,2026-12-03 16:00:00,IT,Printer,Printer,Low,Tech_D,70.0,123,Resolved,No,1.0,3
T2107,2026-12-04 00:00:00,Admin,Software,Desktop,Low,Tech_D,67.0,156,Resolved,No,5.0,8
T2108,2026-12-04 08:00:00,IT,Login,Desktop,Low,Tech_C,47.0,147,Resolved,No,1.0,8
T2109,2026-12-04 16:00:00,Mechanical,Security,Server,High,Tech_D,32.0,248,Escalated,No,1.0,9
T2110,2026-12-05 00:00:00,Accounts,Security,Laptop,High,Tech_A,104.0,261,Resolved,No,2.0,4
T2111,2026-12-05 08:00:00,CSE,Software,Server,Low,Tech_E,35.0,169,Pending,No,2.0,10
T2112,2026-12-05 16:00:00,CSE,Login,Server,Medium,Tech_A,109.0,157,Resolved,No,4.0,3
T2113,2026-12-06 00:00:00,Admin,Software,Laptop,Medium,Tech_E,73.0,226,Resolved,No,1.0,9
T2114,2026-12-06 08:00:00,Mechanical,Login,Server,Medium,Tech_D,105.0,235,Resolved,Yes,3.0,9
T2115,2026-12-06 16:00:00,ENTC,Security,Server,High,Tech_B,93.0,208,Escalated,No,2.0,2
T2116,2026-12-07 00:00:00,Mechanical,Hardware,Desktop,Medium,Tech_E,12.0,118,Resolved,No,4.0,6
T2117,2026-12-07 08:00:00,CSE,Network,Router,Low,Tech_A,38.0,119,Resolved,No,5.0,3
T2118,2026-12-07 16:00:00,CSE,Hardware,Laptop,Low,Tech_A,107.0,208,Resolved,No,5.0,5
T2119,2026-12-08 00:00:00,Accounts,Network,Server,Medium,Tech_B,53.0,130,Resolved,No,4.0,2
T2120,2026-12-08 08:00:00,Mechanical,Security,Server,High,Tech_E,100.0,230,Resolved,No,5.0,4
T2121,2026-12-08 16:00:00,Mechanical,Hardware,Laptop,Medium,Tech_E,62.0,174,Resolved,No,1.0,3
T2122,2026-12-09 00:00:00,CSE,Hardware,Laptop,High,Tech_A,79.0,212,Resolved,Yes,2.0,2
T2123,2026-12-09 08:00:00,ENTC,Software,Laptop,High,Tech_E,51.0,205,Resolved,No,3.0,6
T2124,2026-12-09 16:00:00,Admin,Printer,Printer,Low,Tech_B,29.0,73,Escalated,No,5.0,3
T2125,2026-12-10 00:00:00,Admin,Security,Laptop,High,Tech_E,7.0,176,Resolved,No,1.0,4
T2126,2026-12-10 08:00:00,Mechanical,Login,Server,Medium,Tech_E,49.0,160,Resolved,No,2.0,6
T2127,2026-12-10 16:00:00,Admin,Security,Desktop,High,Tech_B,118.0,277,Escalated,No,1.0,5
T2128,2026-12-11 00:00:00,CSE,Login,Desktop,High,Tech_D,56.0,204,Resolved,Yes,1.0,4
T2129,2026-12-11 08:00:00,CSE,Login,Laptop,High,Tech_E,100.0,229,Resolved,No,2.0,4
T2130,2026-12-11 16:00:00,Mechanical,Network,Router,High,Tech_A,120.0,244,Pending,No,5.0,2
T2131,2026-12-12 00:00:00,Mechanical,Login,Laptop,Low,Tech_C,103.0,229,Resolved,No,5.0,10
T2132,2026-12-12 08:00:00,Accounts,Login,Desktop,Low,Tech_A,100.0,174,Resolved,Yes,1.0,4
T2133,2026-12-12 16:00:00,Mechanical,Software,Laptop,Medium,Tech_A,38.0,197,Resolved,Yes,4.0,8
T2134,2026-12-13 00:00:00,ENTC,Hardware,Laptop,Medium,Tech_D,105.0,230,Resolved,No,5.0,5
T2135,2026-12-13 08:00:00,Admin,Security,Laptop,Medium,Tech_D,120.0,277,Resolved,No,1.0,10
T2136,2026-12-13 16:00:00,Mechanical,Security,Desktop,High,Tech_A,73.0,280,Resolved,No,3.0,10
T2137,2026-12-14 00:00:00,IT,Login,Laptop,Medium,Tech_E,113.0,222,Resolved,No,3.0,8
T2138,2026-12-14 08:00:00,Accounts,Printer,Printer,Low,Tech_A,96.0,161,Resolved,No,4.0,6
T2139,2026-12-14 16:00:00,IT,Security,Server,High,Tech_E,96.0,324,Pending,Yes,1.0,10
T2140,2026-12-15 00:00:00,CSE,Login,Server,Medium,Tech_B,12.0,108,Resolved,No,,5
T2141,2026-12-15 08:00:00,Admin,Network,Router,Low,Tech_B,31.0,125,Resolved,No,5.0,4
T2142,2026-12-15 16:00:00,Mechanical,Network,Router,High,Tech_D,84.0,263,Resolved,No,1.0,10
T2143,2026-12-16 00:00:00,IT,Network,Server,Medium,Tech_C,67.0,213,Pending,No,4.0,9
T2144,2026-12-16 08:00:00,Admin,Login,Server,Low,Tech_C,86.0,194,Resolved,No,4.0,10
T2145,2026-12-16 16:00:00,CSE,Software,Laptop,High,Tech_D,29.0,180,Resolved,No,5.0,5
T2146,2026-12-17 00:00:00,ENTC,Printer,Printer,High,Tech_B,62.0,237,Resolved,No,3.0,10
T2147,2026-12-17 08:00:00,Accounts,Login,Server,High,Tech_D,52.0,190,Pending,No,3.0,6
T2148,2026-12-17 16:00:00,Admin,Software,Server,High,Tech_B,5.0,167,Resolved,No,4.0,7
T2149,2026-12-18 00:00:00,Admin,Software,Laptop,Medium,Tech_E,12.0,87,Resolved,No,2.0,1
T2150,2026-12-18 08:00:00,ENTC,Security,Server,High,Tech_B,25.0,226,Resolved,No,4.0,9
T2151,2026-12-18 16:00:00,Admin,Login,Server,Low,Tech_B,102.0,179,Resolved,No,4.0,8
T2152,2026-12-19 00:00:00,CSE,Login,Server,Medium,Tech_B,92.0,185,Escalated,No,1.0,5
T2153,2026-12-19 08:00:00,CSE,Software,Desktop,Medium,Tech_C,105.0,179,Pending,No,5.0,3
T2154,2026-12-19 16:00:00,ENTC,Software,Desktop,Low,Tech_B,94.0,149,Resolved,No,1.0,5
T2155,2026-12-20 00:00:00,Accounts,Software,Server,Medium,Tech_A,,200,Pending,No,4.0,5
T2156,2026-12-20 08:00:00,Mechanical,Security,Server,High,Tech_E,82.0,264,Resolved,No,1.0,9
T2157,2026-12-20 16:00:00,IT,Login,Server,Medium,Tech_C,33.0,154,Pending,No,3.0,7
T2158,2026-12-21 00:00:00,Mechanical,Software,Desktop,Low,Tech_A,34.0,84,Resolved,No,4.0,2
T2159,2026-12-21 08:00:00,Admin,Network,Router,High,Tech_C,7.0,190,Resolved,No,3.0,5
T2160,2026-12-21 16:00:00,IT,Login,Server,Low,Tech_C,11.0,136,Escalated,No,3.0,9
T2161,2026-12-22 00:00:00,ENTC,Security,Server,High,Tech_A,104.0,225,Pending,No,,2
T2162,2026-12-22 08:00:00,ENTC,Network,Laptop,High,Tech_D,15.0,212,Escalated,Yes,3.0,8
T2163,2026-12-22 16:00:00,Accounts,Hardware,Desktop,Medium,Tech_D,36.0,152,Resolved,No,1.0,3
T2164,2026-12-23 00:00:00,IT,Login,Desktop,Medium,Tech_B,63.0,159,Resolved,No,1.0,4
T2165,2026-12-23 08:00:00,CSE,Hardware,Desktop,Low,Tech_A,16.0,142,Resolved,Yes,2.0,2
T2166,2026-12-23 16:00:00,IT,Software,Laptop,Medium,Tech_B,83.0,227,Resolved,No,5.0,9
T2167,2026-12-24 00:00:00,Admin,Security,Desktop,High,Tech_D,42.0,256,Resolved,Yes,2.0,6
T2168,2026-12-24 08:00:00,CSE,Software,Desktop,High,Tech_A,28.0,224,Resolved,No,3.0,9
T2169,2026-12-24 16:00:00,ENTC,Security,Server,High,Tech_A,69.0,290,Resolved,Yes,4.0,8
T2170,2026-12-25 00:00:00,IT,Printer,Printer,Low,Tech_A,22.0,133,Resolved,No,1.0,9
T2171,2026-12-25 08:00:00,Mechanical,Software,Desktop,Medium,Tech_B,50.0,138,Resolved,No,4.0,5
T2172,2026-12-25 16:00:00,Accounts,Hardware,Desktop,Low,Tech_C,60.0,182,Resolved,No,2.0,6
T2173,2026-12-26 00:00:00,Mechanical,Security,Laptop,High,Tech_C,67.0,255,Resolved,No,2.0,7
T2174,2026-12-26 08:00:00,Accounts,Software,Server,Medium,Tech_C,11.0,122,Resolved,No,,5
T2175,2026-12-26 16:00:00,Admin,Login,Laptop,Medium,Tech_A,110.0,147,Escalated,No,2.0,1
T2176,2026-12-27 00:00:00,Mechanical,Security,Laptop,High,Tech_D,109.0,317,Resolved,No,4.0,9
T2177,2026-12-27 08:00:00,IT,Security,Laptop,High,Tech_B,70.0,222,Resolved,No,2.0,2
T2178,2026-12-27 16:00:00,IT,Software,Desktop,Medium,Tech_B,44.0,180,Resolved,Yes,4.0,7
T2179,2026-12-28 00:00:00,Mechanical,Printer,Printer,Medium,Tech_D,58.0,207,Pending,Yes,3.0,8
T2180,2026-12-28 08:00:00,IT,Software,Server,Medium,Tech_C,35.0,178,Resolved,No,5.0,8
T2181,2026-12-28 16:00:00,Admin,Hardware,Laptop,Medium,Tech_E,101.0,160,Escalated,No,1.0,1
T2182,2026-12-29 00:00:00,CSE,Hardware,Desktop,Medium,Tech_D,56.0,255,Resolved,Yes,2.0,10
T2183,2026-12-29 08:00:00,Admin,Security,Desktop,High,Tech_C,98.0,282,Resolved,No,1.0,7
T2184,2026-12-29 16:00:00,Accounts,Security,Server,Low,Tech_A,35.0,195,Resolved,No,2.0,9
T2185,2026-12-30 00:00:00,Admin,Software,Server,Low,Tech_D,38.0,124,Pending,No,3.0,3
T2186,2026-12-30 08:00:00,Accounts,Hardware,Laptop,Medium,Tech_C,11.0,206,Resolved,No,,8
T2187,2026-12-30 16:00:00,IT,Hardware,Desktop,Medium,Tech_B,93.0,247,Resolved,No,1.0,8
T2188,2026-12-31 00:00:00,CSE,Printer,Printer,Medium,Tech_E,20.0,184,Resolved,Yes,3.0,9
T2189,2026-12-31 08:00:00,IT,Login,Server,High,Tech_E,26.0,199,Resolved,No,3.0,8
T2190,2026-12-31 16:00:00,ENTC,Printer,Printer,Low,Tech_E,104.0,163,Escalated,No,5.0,5
T2191,2027-01-01 00:00:00,IT,Network,Router,High,Tech_C,57.0,231,Resolved,No,3.0,5
T2192,2027-01-01 08:00:00,Accounts,Printer,Printer,Low,Tech_C,95.0,135,Resolved,No,5.0,3
T2193,2027-01-01 16:00:00,IT,Software,Server,High,Tech_A,21.0,170,Resolved,No,3.0,6
T2194,2027-01-02 00:00:00,IT,Login,Desktop,Low,Tech_E,8.0,143,Resolved,No,4.0,10
T2195,2027-01-02 08:00:00,CSE,Software,Desktop,Low,Tech_B,65.0,146,Resolved,No,3.0,3
T2196,2027-01-02 16:00:00,IT,Network,Server,Medium,Tech_E,103.0,164,Resolved,No,4.0,2
T2197,2027-01-03 00:00:00,CSE,Login,Server,High,Tech_D,109.0,237,Resolved,No,2.0,7
T2198,2027-01-03 08:00:00,Mechanical,Security,Laptop,Medium,Tech_D,90.0,254,Escalated,No,3.0,10
T2199,2027-01-03 16:00:00,ENTC,Hardware,Laptop,Low,Tech_B,115.0,164,Resolved,No,3.0,3
T2200,2027-01-04 00:00:00,CSE,Printer,Printer,Medium,Tech_C,56.0,127,Pending,No,2.0,4
T2201,2027-01-04 08:00:00,Accounts,Software,Desktop,High,Tech_E,39.0,236,Escalated,No,5.0,10
T2202,2027-01-04 16:00:00,Mechanical,Network,Laptop,Low,Tech_D,48.0,166,Resolved,No,4.0,8
T2203,2027-01-05 00:00:00,CSE,Hardware,Laptop,Medium,Tech_B,19.0,98,Resolved,No,2.0,1
T2204,2027-01-05 08:00:00,CSE,Printer,Printer,Low,Tech_A,65.0,198,Pending,Yes,2.0,9
T2205,2027-01-05 16:00:00,ENTC,Hardware,Laptop,Medium,Tech_D,120.0,238,Resolved,No,1.0,6
T2206,2027-01-06 00:00:00,Accounts,Printer,Printer,Low,Tech_D,108.0,145,Resolved,No,2.0,2
T2207,2027-01-06 08:00:00,Admin,Security,Server,High,Tech_E,48.0,196,Resolved,No,5.0,3
T2208,2027-01-06 16:00:00,Admin,Login,Laptop,Medium,Tech_C,25.0,114,Resolved,No,5.0,5
T2209,2027-01-07 00:00:00,CSE,Hardware,Desktop,Medium,Tech_D,81.0,213,Resolved,No,5.0,6
T2210,2027-01-07 08:00:00,IT,Hardware,Desktop,Medium,Tech_D,51.0,219,Resolved,No,4.0,9
T2211,2027-01-07 16:00:00,Accounts,Hardware,Laptop,Medium,Tech_E,79.0,179,Resolved,Yes,4.0,2
T2212,2027-01-08 00:00:00,Mechanical,Login,Desktop,Medium,Tech_C,53.0,153,Pending,No,3.0,5
T2213,2027-01-08 08:00:00,IT,Network,Router,Medium,Tech_A,57.0,178,Resolved,No,2.0,7
T2214,2027-01-08 16:00:00,IT,Printer,Printer,Low,Tech_A,31.0,133,Resolved,No,5.0,7
T2215,2027-01-09 00:00:00,Accounts,Security,Laptop,High,Tech_A,35.0,210,Resolved,No,2.0,4
T2216,2027-01-09 08:00:00,CSE,Hardware,Desktop,Medium,Tech_A,48.0,168,Resolved,No,3.0,3
T2217,2027-01-09 16:00:00,CSE,Login,Desktop,Medium,Tech_C,36.0,179,Pending,Yes,3.0,8
T2218,2027-01-10 00:00:00,CSE,Network,Router,Medium,Tech_A,120.0,180,Resolved,No,5.0,2
T2219,2027-01-10 08:00:00,CSE,Printer,Printer,Low,Tech_E,34.0,101,Pending,No,2.0,5
T2220,2027-01-10 16:00:00,Admin,Login,Desktop,Medium,Tech_E,22.0,165,Pending,No,3.0,10
T2221,2027-01-11 00:00:00,CSE,Security,Server,High,Tech_E,67.0,240,Resolved,No,1.0,5
T2222,2027-01-11 08:00:00,Admin,Security,Server,High,Tech_A,20.0,151,Resolved,No,4.0,1
T2223,2027-01-11 16:00:00,Admin,Printer,Printer,Low,Tech_E,39.0,146,Escalated,No,2.0,7
T2224,2027-01-12 00:00:00,CSE,Hardware,Laptop,Medium,Tech_E,66.0,196,Resolved,No,5.0,4
T2225,2027-01-12 08:00:00,ENTC,Security,Server,High,Tech_B,13.0,253,Escalated,No,3.0,10
T2226,2027-01-12 16:00:00,Mechanical,Network,Router,High,Tech_A,66.0,214,Resolved,Yes,3.0,2
T2227,2027-01-13 00:00:00,IT,Login,Server,Medium,Tech_E,43.0,168,Resolved,No,3.0,8
T2228,2027-01-13 08:00:00,Admin,Network,Router,Medium,Tech_C,55.0,160,Pending,No,4.0,4
T2229,2027-01-13 16:00:00,Accounts,Hardware,Laptop,Medium,Tech_E,105.0,169,Pending,No,2.0,1
T2230,2027-01-14 00:00:00,Accounts,Network,Server,Medium,Tech_B,119.0,243,Pending,No,3.0,8
T2231,2027-01-14 08:00:00,Mechanical,Network,Router,Medium,Tech_C,14.0,158,Resolved,No,4.0,7
T2232,2027-01-14 16:00:00,Accounts,Software,Desktop,Medium,Tech_C,56.0,154,Pending,Yes,1.0,3
T2233,2027-01-15 00:00:00,ENTC,Network,Router,High,Tech_D,16.0,173,Resolved,No,2.0,3
T2234,2027-01-15 08:00:00,Accounts,Printer,Printer,Medium,Tech_B,76.0,179,Resolved,No,5.0,7
T2235,2027-01-15 16:00:00,IT,Login,Laptop,Medium,Tech_B,66.0,145,Escalated,Yes,2.0,2
T2236,2027-01-16 00:00:00,IT,Software,Laptop,High,Tech_E,7.0,153,Resolved,No,3.0,5
T2237,2027-01-16 08:00:00,Admin,Login,Server,Medium,Tech_B,87.0,186,Resolved,No,5.0,7
T2238,2027-01-16 16:00:00,CSE,Login,Desktop,Medium,Tech_C,15.0,120,Resolved,No,2.0,6
T2239,2027-01-17 00:00:00,ENTC,Hardware,Laptop,Medium,Tech_C,12.0,208,Resolved,No,5.0,10
T2240,2027-01-17 08:00:00,Admin,Hardware,Laptop,Low,Tech_E,94.0,199,Pending,No,2.0,7
T2241,2027-01-17 16:00:00,ENTC,Software,Server,Medium,Tech_C,113.0,210,Resolved,Yes,1.0,2
T2242,2027-01-18 00:00:00,CSE,Security,Laptop,High,Tech_E,27.0,228,Pending,No,1.0,7
T2243,2027-01-18 08:00:00,Accounts,Hardware,Desktop,High,Tech_D,14.0,184,Pending,Yes,1.0,2
T2244,2027-01-18 16:00:00,Accounts,Hardware,Laptop,Medium,Tech_B,22.0,169,Resolved,No,2.0,7
T2245,2027-01-19 00:00:00,CSE,Hardware,Desktop,Medium,Tech_B,80.0,217,Resolved,No,5.0,8
T2246,2027-01-19 08:00:00,Admin,Login,Server,Medium,Tech_B,43.0,203,Resolved,No,1.0,10
T2247,2027-01-19 16:00:00,CSE,Software,Server,Low,Tech_D,30.0,147,Pending,No,4.0,8
T2248,2027-01-20 00:00:00,Mechanical,Login,Laptop,Medium,Tech_B,15.0,119,Resolved,No,4.0,5
T2249,2027-01-20 08:00:00,IT,Printer,Printer,Low,Tech_D,14.0,120,Pending,No,1.0,7
T2250,2027-01-20 16:00:00,Admin,Login,Desktop,Medium,Tech_D,7.0,160,Resolved,No,1.0,8
T2251,2027-01-21 00:00:00,ENTC,Printer,Printer,Low,Tech_E,66.0,125,Resolved,No,3.0,4
T2252,2027-01-21 08:00:00,Mechanical,Network,Laptop,Medium,Tech_A,75.0,173,Resolved,No,4.0,2
T2253,2027-01-21 16:00:00,Admin,Network,Server,Medium,Tech_A,65.0,186,Resolved,No,4.0,7
T2254,2027-01-22 00:00:00,CSE,Printer,Printer,Medium,Tech_E,8.0,64,Resolved,No,1.0,1
T2255,2027-01-22 08:00:00,CSE,Printer,Printer,Low,Tech_E,65.0,98,Pending,No,3.0,2
T2256,2027-01-22 16:00:00,CSE,Login,Desktop,Medium,Tech_E,108.0,236,Resolved,No,5.0,10
T2257,2027-01-23 00:00:00,CSE,Printer,Printer,Low,Tech_B,12.0,126,Resolved,No,3.0,7
T2258,2027-01-23 08:00:00,ENTC,Software,Desktop,Low,Tech_C,106.0,210,Resolved,No,3.0,10
T2259,2027-01-23 16:00:00,Mechanical,Network,Server,Medium,Tech_E,17.0,106,Resolved,No,4.0,1
T2260,2027-01-24 00:00:00,Accounts,Network,Router,Medium,Tech_D,16.0,168,Resolved,No,1.0,7
T2261,2027-01-24 08:00:00,IT,Security,Server,Medium,Tech_A,39.0,185,Resolved,No,1.0,5
T2262,2027-01-24 16:00:00,ENTC,Printer,Printer,Low,Tech_B,106.0,161,Resolved,Yes,1.0,3
T2263,2027-01-25 00:00:00,ENTC,Hardware,Laptop,Medium,Tech_C,58.0,136,Resolved,No,3.0,2
T2264,2027-01-25 08:00:00,Accounts,Hardware,Laptop,Low,Tech_A,55.0,184,Pending,No,3.0,7
T2265,2027-01-25 16:00:00,Accounts,Printer,Printer,Low,Tech_A,47.0,139,Resolved,No,2.0,9
T2266,2027-01-26 00:00:00,IT,Software,Laptop,High,Tech_A,104.0,259,Resolved,No,5.0,9
T2267,2027-01-26 08:00:00,IT,Hardware,Laptop,High,Tech_D,115.0,327,Resolved,Yes,2.0,10
T2268,2027-01-26 16:00:00,Accounts,Security,Laptop,Low,Tech_D,70.0,238,Pending,No,5.0,10
T2269,2027-01-27 00:00:00,CSE,Printer,Printer,Low,Tech_D,19.0,133,Resolved,No,2.0,8
T2270,2027-01-27 08:00:00,ENTC,Software,Server,High,Tech_C,53.0,190,Resolved,Yes,2.0,2
T2271,2027-01-27 16:00:00,Admin,Software,Desktop,Low,Tech_A,38.0,97,Escalated,No,2.0,1
T2272,2027-01-28 00:00:00,IT,Login,Desktop,High,Tech_E,43.0,221,Resolved,No,2.0,8
T2273,2027-01-28 08:00:00,IT,Software,Laptop,Medium,Tech_C,30.0,105,Resolved,No,3.0,2
T2274,2027-01-28 16:00:00,Accounts,Hardware,Laptop,High,Tech_D,116.0,243,Resolved,No,5.0,4
T2275,2027-01-29 00:00:00,Mechanical,Hardware,Laptop,High,Tech_D,73.0,225,Resolved,No,2.0,4
T2276,2027-01-29 08:00:00,Admin,Printer,Printer,Low,Tech_D,52.0,137,Resolved,Yes,2.0,2
T2277,2027-01-29 16:00:00,Admin,Printer,Printer,Low,Tech_B,93.0,132,Resolved,No,1.0,4
T2278,2027-01-30 00:00:00,IT,Software,Server,Medium,Tech_A,55.0,177,Resolved,Yes,3.0,7
T2279,2027-01-30 08:00:00,CSE,Security,Desktop,Medium,Tech_E,102.0,243,Resolved,No,4.0,6
T2280,2027-01-30 16:00:00,Mechanical,Network,Server,Medium,Tech_A,115.0,273,Resolved,No,1.0,10
T2281,2027-01-31 00:00:00,Admin,Login,Desktop,Low,Tech_C,8.0,127,Resolved,Yes,4.0,6
T2282,2027-01-31 08:00:00,IT,Network,Server,Medium,Tech_B,102.0,224,Resolved,No,2.0,4
T2283,2027-01-31 16:00:00,Admin,Software,Server,Medium,Tech_C,31.0,101,Resolved,No,5.0,2
T2284,2027-02-01 00:00:00,Mechanical,Software,Desktop,High,Tech_D,46.0,176,Resolved,No,4.0,5
T2285,2027-02-01 08:00:00,Mechanical,Network,Router,Low,Tech_D,60.0,118,Resolved,No,4.0,3
T2286,2027-02-01 16:00:00,ENTC,Login,Server,Medium,Tech_E,97.0,166,Resolved,No,4.0,3
T2287,2027-02-02 00:00:00,Accounts,Network,Laptop,Medium,Tech_A,73.0,172,Resolved,No,5.0,4
T2288,2027-02-02 08:00:00,Accounts,Printer,Printer,Low,Tech_C,22.0,87,Resolved,No,1.0,5
T2289,2027-02-02 16:00:00,IT,Hardware,Desktop,Low,Tech_D,65.0,145,Resolved,No,3.0,2
T2290,2027-02-03 00:00:00,Mechanical,Security,Desktop,High,Tech_E,,203,Resolved,No,5.0,6
T2291,2027-02-03 08:00:00,ENTC,Printer,Printer,Low,Tech_E,5.0,105,Pending,Yes,1.0,6
T2292,2027-02-03 16:00:00,ENTC,Hardware,Desktop,Medium,Tech_C,54.0,210,Resolved,No,2.0,8
T2293,2027-02-04 00:00:00,Admin,Security,Server,Low,Tech_A,88.0,159,Resolved,No,1.0,2
T2294,2027-02-04 08:00:00,Admin,Security,Laptop,High,Tech_B,74.0,294,Resolved,Yes,4.0,8
T2295,2027-02-04 16:00:00,ENTC,Security,Server,High,Tech_E,24.0,241,Resolved,No,1.0,8
T2296,2027-02-05 00:00:00,Admin,Software,Server,Medium,Tech_C,24.0,136,Resolved,No,1.0,4
T2297,2027-02-05 08:00:00,Mechanical,Security,Server,High,Tech_D,50.0,251,Resolved,No,2.0,7
T2298,2027-02-05 16:00:00,CSE,Login,Laptop,Low,Tech_B,31.0,127,Escalated,No,2.0,7
T2299,2027-02-06 00:00:00,Mechanical,Network,Router,High,Tech_B,30.0,135,Resolved,No,1.0,1
T2300,2027-02-06 08:00:00,ENTC,Login,Server,Low,Tech_A,36.0,97,Resolved,Yes,5.0,1
T2301,2027-02-06 16:00:00,ENTC,Network,Server,High,Tech_C,14.0,198,Resolved,No,2.0,8
T2302,2027-02-07 00:00:00,Mechanical,Printer,Printer,Low,Tech_A,86.0,152,Pending,Yes,4.0,1
T2303,2027-02-07 08:00:00,Admin,Printer,Printer,Low,Tech_E,109.0,137,Escalated,No,5.0,3
T2304,2027-02-07 16:00:00,Admin,Network,Server,Medium,Tech_E,16.0,148,Escalated,No,1.0,6
T2305,2027-02-08 00:00:00,Accounts,Login,Laptop,Low,Tech_C,78.0,156,Resolved,No,4.0,8
T2306,2027-02-08 08:00:00,ENTC,Network,Server,Medium,Tech_D,92.0,198,Resolved,No,4.0,5
T2307,2027-02-08 16:00:00,IT,Security,Laptop,High,Tech_E,28.0,205,Resolved,No,5.0,5
T2308,2027-02-09 00:00:00,Accounts,Software,Desktop,Low,Tech_E,55.0,121,Resolved,No,1.0,4
T2309,2027-02-09 08:00:00,Admin,Printer,Printer,Medium,Tech_D,42.0,163,Pending,Yes,4.0,4
T2310,2027-02-09 16:00:00,Mechanical,Software,Desktop,Low,Tech_B,50.0,137,Resolved,No,2.0,7
T2311,2027-02-10 00:00:00,Admin,Security,Laptop,High,Tech_C,93.0,281,Resolved,No,2.0,6
T2312,2027-02-10 08:00:00,Mechanical,Security,Desktop,High,Tech_B,12.0,212,Resolved,No,5.0,8
T2313,2027-02-10 16:00:00,Accounts,Printer,Printer,Low,Tech_A,59.0,150,Resolved,No,2.0,6
T2314,2027-02-11 00:00:00,ENTC,Printer,Printer,Low,Tech_D,82.0,167,Resolved,No,3.0,10
T2315,2027-02-11 08:00:00,Admin,Security,Server,High,Tech_C,111.0,290,Resolved,No,1.0,7
T2316,2027-02-11 16:00:00,Mechanical,Hardware,Desktop,Medium,Tech_D,35.0,214,Resolved,No,4.0,10
T2317,2027-02-12 00:00:00,ENTC,Software,Server,Medium,Tech_D,92.0,225,Resolved,No,4.0,10
T2318,2027-02-12 08:00:00,IT,Software,Desktop,Medium,Tech_B,20.0,133,Resolved,No,5.0,5
T2319,2027-02-12 16:00:00,Mechanical,Hardware,Desktop,High,Tech_B,24.0,193,Pending,No,5.0,6
T2320,2027-02-13 00:00:00,Accounts,Login,Desktop,Medium,Tech_A,42.0,111,Resolved,No,4.0,1
T2321,2027-02-13 08:00:00,IT,Software,Laptop,Medium,Tech_C,115.0,186,Resolved,No,2.0,3
T2322,2027-02-13 16:00:00,IT,Network,Router,Medium,Tech_D,19.0,193,Resolved,No,5.0,8
T2323,2027-02-14 00:00:00,CSE,Security,Desktop,Low,Tech_A,82.0,152,Resolved,No,3.0,3
T2324,2027-02-14 08:00:00,Admin,Security,Server,High,Tech_D,80.0,211,Pending,No,5.0,1
T2325,2027-02-14 16:00:00,Mechanical,Hardware,Desktop,Medium,Tech_A,38.0,140,Escalated,No,2.0,3
T2326,2027-02-15 00:00:00,IT,Software,Laptop,High,Tech_D,76.0,199,Resolved,No,1.0,4
T2327,2027-02-15 08:00:00,CSE,Login,Desktop,High,Tech_B,23.0,188,Resolved,No,3.0,8
T2328,2027-02-15 16:00:00,Accounts,Software,Desktop,Medium,Tech_E,114.0,232,Resolved,No,5.0,9
T2329,2027-02-16 00:00:00,ENTC,Security,Server,High,Tech_A,73.0,224,Resolved,No,1.0,4
T2330,2027-02-16 08:00:00,Mechanical,Printer,Printer,Low,Tech_A,95.0,178,Escalated,No,1.0,7
T2331,2027-02-16 16:00:00,IT,Network,Router,Medium,Tech_E,67.0,135,Resolved,No,4.0,1
T2332,2027-02-17 00:00:00,Admin,Hardware,Desktop,Medium,Tech_B,109.0,252,Resolved,No,2.0,9
T2333,2027-02-17 08:00:00,CSE,Printer,Printer,Medium,Tech_A,81.0,159,Resolved,No,4.0,4
T2334,2027-02-17 16:00:00,IT,Login,Laptop,Low,Tech_B,36.0,139,Resolved,No,2.0,9
T2335,2027-02-18 00:00:00,Admin,Printer,Printer,Low,Tech_D,99.0,144,Resolved,No,1.0,3
T2336,2027-02-18 08:00:00,IT,Printer,Printer,Medium,Tech_D,109.0,200,Pending,Yes,5.0,5
T2337,2027-02-18 16:00:00,Mechanical,Login,Server,Medium,Tech_E,114.0,165,Resolved,No,2.0,1
T2338,2027-02-19 00:00:00,Mechanical,Printer,Printer,Low,Tech_C,41.0,98,Escalated,No,2.0,3
T2339,2027-02-19 08:00:00,Mechanical,Hardware,Laptop,Low,Tech_B,70.0,161,Resolved,No,1.0,5
T2340,2027-02-19 16:00:00,Accounts,Security,Laptop,High,Tech_C,11.0,189,Resolved,No,3.0,6
T2341,2027-02-20 00:00:00,Accounts,Software,Laptop,Medium,Tech_C,52.0,181,Resolved,No,1.0,8
T2342,2027-02-20 08:00:00,CSE,Printer,Printer,Low,Tech_B,15.0,43,Resolved,No,1.0,1
T2343,2027-02-20 16:00:00,Mechanical,Hardware,Desktop,Medium,Tech_C,79.0,200,Resolved,Yes,2.0,3
T2344,2027-02-21 00:00:00,Admin,Software,Desktop,High,Tech_A,91.0,217,Resolved,Yes,1.0,1
T2345,2027-02-21 08:00:00,IT,Software,Laptop,Medium,Tech_D,35.0,141,Resolved,No,4.0,5
T2346,2027-02-21 16:00:00,ENTC,Printer,Printer,Low,Tech_E,48.0,183,Resolved,Yes,1.0,8
T2347,2027-02-22 00:00:00,Admin,Hardware,Laptop,Medium,Tech_B,49.0,166,Resolved,No,5.0,4
T2348,2027-02-22 08:00:00,Accounts,Security,Server,Medium,Tech_E,76.0,252,Resolved,No,1.0,9
T2349,2027-02-22 16:00:00,Accounts,Printer,Printer,Low,Tech_D,60.0,143,Pending,No,1.0,6
T2350,2027-02-23 00:00:00,Admin,Login,Desktop,High,Tech_E,36.0,198,Resolved,No,5.0,6
T2351,2027-02-23 08:00:00,Accounts,Software,Server,High,Tech_B,116.0,221,Resolved,No,3.0,5
T2352,2027-02-23 16:00:00,Mechanical,Printer,Printer,Low,Tech_E,25.0,137,Resolved,No,3.0,10
T2353,2027-02-24 00:00:00,CSE,Software,Server,High,Tech_C,35.0,177,Pending,No,3.0,5
T2354,2027-02-24 08:00:00,IT,Hardware,Laptop,Medium,Tech_C,5.0,191,Pending,Yes,4.0,7
T2355,2027-02-24 16:00:00,CSE,Network,Router,Medium,Tech_D,81.0,240,Resolved,Yes,5.0,8
T2356,2027-02-25 00:00:00,IT,Printer,Printer,Low,Tech_C,15.0,109,Pending,No,4.0,7
T2357,2027-02-25 08:00:00,IT,Security,Laptop,High,Tech_E,97.0,234,Pending,No,4.0,1
T2358,2027-02-25 16:00:00,CSE,Printer,Printer,Low,Tech_A,72.0,94,Resolved,No,4.0,1
T2359,2027-02-26 00:00:00,Admin,Software,Laptop,Medium,Tech_E,40.0,210,Resolved,Yes,5.0,10
T2360,2027-02-26 08:00:00,IT,Hardware,Desktop,Medium,Tech_A,83.0,212,Resolved,No,2.0,6
T2361,2027-02-26 16:00:00,CSE,Login,Laptop,Low,Tech_E,63.0,143,Resolved,No,2.0,3
T2362,2027-02-27 00:00:00,IT,Security,Desktop,High,Tech_A,71.0,274,Resolved,No,3.0,9
T2363,2027-02-27 08:00:00,ENTC,Hardware,Laptop,Low,Tech_A,60.0,165,Resolved,No,4.0,7
T2364,2027-02-27 16:00:00,Admin,Printer,Printer,Low,Tech_B,55.0,87,Resolved,No,3.0,2
T2365,2027-02-28 00:00:00,Mechanical,Login,Desktop,Medium,Tech_B,33.0,112,Resolved,No,4.0,3
T2366,2027-02-28 08:00:00,IT,Hardware,Laptop,Medium,Tech_E,89.0,245,Pending,No,3.0,8
T2367,2027-02-28 16:00:00,ENTC,Network,Router,High,Tech_C,6.0,124,Resolved,No,1.0,1
T2368,2027-03-01 00:00:00,Mechanical,Security,Server,High,Tech_B,10.0,196,Resolved,No,5.0,5
T2369,2027-03-01 08:00:00,Mechanical,Software,Server,Low,Tech_A,35.0,160,Escalated,No,4.0,10
T2370,2027-03-01 16:00:00,IT,Hardware,Laptop,Medium,Tech_E,58.0,127,Resolved,No,4.0,1
T2371,2027-03-02 00:00:00,CSE,Hardware,Laptop,Medium,Tech_C,92.0,236,Resolved,No,4.0,9
T2372,2027-03-02 08:00:00,IT,Network,Laptop,High,Tech_E,44.0,181,Resolved,No,5.0,7
T2373,2027-03-02 16:00:00,ENTC,Printer,Printer,Low,Tech_A,21.0,123,Pending,Yes,1.0,5
T2374,2027-03-03 00:00:00,Mechanical,Security,Server,High,Tech_B,9.0,207,Resolved,No,2.0,6
T2375,2027-03-03 08:00:00,IT,Security,Laptop,High,Tech_B,6.0,161,Resolved,No,5.0,3
T2376,2027-03-03 16:00:00,CSE,Software,Server,High,Tech_D,62.0,172,Escalated,No,1.0,3
T2377,2027-03-04 00:00:00,IT,Hardware,Laptop,Medium,Tech_D,16.0,149,Resolved,No,3.0,7
T2378,2027-03-04 08:00:00,Admin,Login,Server,Medium,Tech_E,9.0,133,Resolved,Yes,4.0,7
T2379,2027-03-04 16:00:00,CSE,Hardware,Desktop,Medium,Tech_E,110.0,217,Resolved,No,4.0,7
T2380,2027-03-05 00:00:00,ENTC,Software,Laptop,Low,Tech_C,64.0,119,Resolved,No,2.0,2
T2381,2027-03-05 08:00:00,Mechanical,Hardware,Laptop,High,Tech_B,45.0,173,Resolved,No,3.0,2
T2382,2027-03-05 16:00:00,IT,Network,Server,Medium,Tech_B,24.0,146,Pending,No,1.0,5
T2383,2027-03-06 00:00:00,CSE,Hardware,Desktop,Medium,Tech_D,76.0,207,Resolved,No,3.0,4
T2384,2027-03-06 08:00:00,Admin,Hardware,Laptop,Medium,Tech_A,5.0,169,Resolved,No,3.0,7
T2385,2027-03-06 16:00:00,CSE,Login,Desktop,Medium,Tech_A,60.0,143,Resolved,No,2.0,3
T2386,2027-03-07 00:00:00,Accounts,Network,Laptop,Medium,Tech_D,74.0,175,Resolved,No,1.0,5
T2387,2027-03-07 08:00:00,Admin,Network,Laptop,Medium,Tech_E,60.0,162,Resolved,No,2.0,2
T2388,2027-03-07 16:00:00,ENTC,Hardware,Laptop,Medium,Tech_B,58.0,157,Resolved,No,1.0,1
T2389,2027-03-08 00:00:00,Mechanical,Security,Server,High,Tech_B,15.0,243,Pending,No,5.0,9
T2390,2027-03-08 08:00:00,ENTC,Login,Desktop,Medium,Tech_B,7.0,131,Resolved,Yes,5.0,4
T2391,2027-03-08 16:00:00,IT,Hardware,Desktop,High,Tech_A,99.0,285,Escalated,Yes,4.0,8
T2392,2027-03-09 00:00:00,CSE,Hardware,Laptop,High,Tech_E,32.0,230,Escalated,No,2.0,7
T2393,2027-03-09 08:00:00,Accounts,Software,Desktop,Medium,Tech_A,115.0,176,Resolved,No,5.0,1
T2394,2027-03-09 16:00:00,Admin,Software,Laptop,Medium,Tech_E,111.0,266,Resolved,Yes,3.0,10
T2395,2027-03-10 00:00:00,Admin,Security,Server,High,Tech_D,9.0,206,Resolved,No,3.0,7
T2396,2027-03-10 08:00:00,CSE,Login,Desktop,Medium,Tech_E,94.0,139,Resolved,No,5.0,2
T2397,2027-03-10 16:00:00,Accounts,Printer,Printer,High,Tech_A,20.0,146,Resolved,No,2.0,3
T2398,2027-03-11 00:00:00,CSE,Software,Laptop,Medium,Tech_B,35.0,107,Resolved,No,4.0,1
T2399,2027-03-11 08:00:00,IT,Printer,Printer,Low,Tech_A,32.0,127,Resolved,No,3.0,7
T2400,2027-03-11 16:00:00,ENTC,Network,Server,High,Tech_D,11.0,161,Resolved,No,4.0,3
T2401,2027-03-12 00:00:00,Admin,Software,Server,Medium,Tech_B,106.0,212,Resolved,No,3.0,6
T2402,2027-03-12 08:00:00,IT,Software,Laptop,Medium,Tech_A,13.0,132,Resolved,No,,7
T2403,2027-03-12 16:00:00,ENTC,Login,Server,High,Tech_B,43.0,160,Resolved,No,5.0,3
T2404,2027-03-13 00:00:00,IT,Security,Laptop,High,Tech_D,103.0,240,Resolved,No,2.0,2
T2405,2027-03-13 08:00:00,Accounts,Printer,Printer,Low,Tech_E,47.0,182,Escalated,Yes,3.0,9
T2406,2027-03-13 16:00:00,Admin,Software,Laptop,Medium,Tech_E,31.0,155,Resolved,No,5.0,9
T2407,2027-03-14 00:00:00,CSE,Software,Laptop,Medium,Tech_C,80.0,181,Escalated,No,4.0,7
T2408,2027-03-14 08:00:00,CSE,Login,Desktop,Medium,Tech_B,93.0,188,Resolved,No,2.0,5
T2409,2027-03-14 16:00:00,ENTC,Login,Desktop,Low,Tech_D,111.0,167,Resolved,No,2.0,4
T2410,2027-03-15 00:00:00,Mechanical,Security,Laptop,Medium,Tech_A,97.0,233,Resolved,No,5.0,4
T2411,2027-03-15 08:00:00,Accounts,Printer,Printer,Low,Tech_A,99.0,100,Pending,No,5.0,1
T2412,2027-03-15 16:00:00,ENTC,Network,Router,Medium,Tech_C,102.0,203,Resolved,No,5.0,4
T2413,2027-03-16 00:00:00,Mechanical,Security,Server,Medium,Tech_A,37.0,200,Escalated,No,1.0,7
T2414,2027-03-16 08:00:00,IT,Network,Router,High,Tech_D,95.0,219,Resolved,No,1.0,5
T2415,2027-03-16 16:00:00,Accounts,Hardware,Laptop,Medium,Tech_D,60.0,195,Resolved,No,2.0,9
T2416,2027-03-17 00:00:00,IT,Software,Desktop,Low,Tech_E,6.0,97,Resolved,No,5.0,4
T2417,2027-03-17 08:00:00,Admin,Printer,Printer,Low,Tech_B,18.0,64,Pending,No,1.0,3
T2418,2027-03-17 16:00:00,Accounts,Security,Server,High,Tech_B,17.0,191,Escalated,No,2.0,6
T2419,2027-03-18 00:00:00,Mechanical,Software,Server,Medium,Tech_A,28.0,132,Resolved,No,3.0,4
T2420,2027-03-18 08:00:00,Admin,Printer,Printer,Low,Tech_B,73.0,108,Pending,No,5.0,2
T2421,2027-03-18 16:00:00,CSE,Printer,Printer,Low,Tech_C,38.0,140,Resolved,Yes,1.0,5
T2422,2027-03-19 00:00:00,Mechanical,Printer,Printer,Low,Tech_B,91.0,144,Resolved,No,2.0,4
T2423,2027-03-19 08:00:00,ENTC,Software,Server,Medium,Tech_A,23.0,172,Resolved,No,5.0,5
T2424,2027-03-19 16:00:00,CSE,Security,Desktop,High,Tech_B,34.0,255,Resolved,No,2.0,9
T2425,2027-03-20 00:00:00,CSE,Login,Desktop,High,Tech_D,53.0,184,Resolved,No,3.0,4
T2426,2027-03-20 08:00:00,ENTC,Software,Laptop,Medium,Tech_D,47.0,149,Pending,No,2.0,6
T2427,2027-03-20 16:00:00,Accounts,Printer,Printer,Medium,Tech_E,20.0,130,Resolved,No,2.0,4
T2428,2027-03-21 00:00:00,CSE,Security,Laptop,High,Tech_E,56.0,185,Pending,No,,1
T2429,2027-03-21 08:00:00,Mechanical,Hardware,Desktop,High,Tech_E,118.0,246,Pending,Yes,4.0,2
T2430,2027-03-21 16:00:00,Admin,Network,Server,High,Tech_E,120.0,281,Pending,Yes,5.0,6
T2431,2027-03-22 00:00:00,CSE,Printer,Printer,Medium,Tech_B,108.0,218,Resolved,No,3.0,8
T2432,2027-03-22 08:00:00,Mechanical,Hardware,Laptop,Medium,Tech_A,102.0,242,Resolved,No,3.0,9
T2433,2027-03-22 16:00:00,IT,Login,Server,Medium,Tech_B,53.0,130,Resolved,No,5.0,4
T2434,2027-03-23 00:00:00,Mechanical,Printer,Printer,Low,Tech_A,15.0,89,Escalated,No,2.0,6
T2435,2027-03-23 08:00:00,Admin,Hardware,Laptop,High,Tech_A,82.0,216,Resolved,No,1.0,3
T2436,2027-03-23 16:00:00,Mechanical,Printer,Printer,Low,Tech_A,116.0,210,Resolved,No,5.0,9
T2437,2027-03-24 00:00:00,ENTC,Software,Server,Low,Tech_A,51.0,188,Resolved,Yes,3.0,8
T2438,2027-03-24 08:00:00,Admin,Security,Server,Medium,Tech_D,83.0,158,Resolved,No,2.0,1
T2439,2027-03-24 16:00:00,Accounts,Hardware,Laptop,High,Tech_A,39.0,162,Resolved,No,4.0,2
T2440,2027-03-25 00:00:00,IT,Security,Desktop,High,Tech_B,75.0,322,Resolved,Yes,2.0,10
T2441,2027-03-25 08:00:00,ENTC,Software,Laptop,Medium,Tech_A,33.0,171,Resolved,No,1.0,9
T2442,2027-03-25 16:00:00,Accounts,Software,Laptop,Medium,Tech_D,112.0,246,Escalated,No,2.0,10
T2443,2027-03-26 00:00:00,Mechanical,Security,Server,High,Tech_B,58.0,242,Resolved,No,1.0,3
T2444,2027-03-26 08:00:00,Admin,Hardware,Desktop,Low,Tech_C,90.0,132,Resolved,No,4.0,3
T2445,2027-03-26 16:00:00,IT,Security,Laptop,High,Tech_B,27.0,249,Resolved,No,4.0,10
T2446,2027-03-27 00:00:00,ENTC,Security,Server,High,Tech_D,28.0,275,Pending,Yes,2.0,9
T2447,2027-03-27 08:00:00,Accounts,Network,Router,High,Tech_D,103.0,207,Escalated,No,5.0,3
T2448,2027-03-27 16:00:00,Accounts,Hardware,Desktop,Medium,Tech_E,119.0,268,Escalated,No,5.0,10
T2449,2027-03-28 00:00:00,IT,Network,Router,Medium,Tech_C,14.0,121,Resolved,No,5.0,5
T2450,2027-03-28 08:00:00,Mechanical,Printer,Printer,Medium,Tech_A,65.0,195,Pending,Yes,4.0,6
T2451,2027-03-28 16:00:00,IT,Security,Server,High,Tech_D,12.0,168,Resolved,No,1.0,3
T2452,2027-03-29 00:00:00,Accounts,Printer,Printer,Low,Tech_E,52.0,159,Resolved,No,3.0,10
T2453,2027-03-29 08:00:00,CSE,Hardware,Laptop,Medium,Tech_E,116.0,260,Resolved,No,2.0,8
T2454,2027-03-29 16:00:00,ENTC,Security,Laptop,High,Tech_A,80.0,250,Resolved,Yes,1.0,2
T2455,2027-03-30 00:00:00,IT,Printer,Printer,Low,Tech_B,97.0,173,Resolved,No,3.0,6
T2456,2027-03-30 08:00:00,Accounts,Login,Desktop,Medium,Tech_C,33.0,129,Resolved,No,4.0,2
T2457,2027-03-30 16:00:00,Mechanical,Software,Server,High,Tech_A,91.0,255,Pending,No,3.0,9
T2458,2027-03-31 00:00:00,Accounts,Security,Server,High,Tech_A,30.0,242,Resolved,No,4.0,6
T2459,2027-03-31 08:00:00,Mechanical,Software,Laptop,Medium,Tech_B,41.0,184,Resolved,No,4.0,9
T2460,2027-03-31 16:00:00,IT,Network,Router,Medium,Tech_B,100.0,207,Resolved,No,1.0,4
T2461,2027-04-01 00:00:00,Mechanical,Printer,Printer,Medium,Tech_D,56.0,129,Resolved,No,5.0,3
T2462,2027-04-01 08:00:00,Admin,Network,Server,High,Tech_B,42.0,175,Resolved,No,5.0,2
T2463,2027-04-01 16:00:00,Admin,Security,Desktop,High,Tech_B,10.0,214,Resolved,No,1.0,8
T2464,2027-04-02 00:00:00,Admin,Software,Server,Medium,Tech_C,12.0,131,Escalated,No,2.0,4
T2465,2027-04-02 08:00:00,CSE,Software,Server,Medium,Tech_C,21.0,118,Pending,No,4.0,2
T2466,2027-04-02 16:00:00,IT,Printer,Printer,Low,Tech_C,80.0,173,Resolved,No,2.0,9
T2467,2027-04-03 00:00:00,Accounts,Security,Laptop,High,Tech_A,66.0,263,Resolved,No,,8
T2468,2027-04-03 08:00:00,Accounts,Login,Server,High,Tech_C,90.0,201,Resolved,No,4.0,5
T2469,2027-04-03 16:00:00,CSE,Login,Laptop,High,Tech_C,82.0,245,Resolved,No,5.0,8
T2470,2027-04-04 00:00:00,Mechanical,Printer,Printer,Low,Tech_E,38.0,119,Resolved,No,5.0,5
T2471,2027-04-04 08:00:00,CSE,Security,Laptop,High,Tech_C,23.0,205,Resolved,No,4.0,7
T2472,2027-04-04 16:00:00,Mechanical,Printer,Printer,Low,Tech_A,74.0,162,Resolved,No,5.0,5
T2473,2027-04-05 00:00:00,Mechanical,Security,Server,High,Tech_E,86.0,254,Resolved,No,5.0,5
T2474,2027-04-05 08:00:00,ENTC,Network,Laptop,Medium,Tech_A,104.0,191,Resolved,No,3.0,4
T2475,2027-04-05 16:00:00,Accounts,Printer,Printer,Low,Tech_A,41.0,125,Escalated,No,3.0,5
T2476,2027-04-06 00:00:00,Admin,Security,Server,Medium,Tech_E,42.0,193,Escalated,No,4.0,7
T2477,2027-04-06 08:00:00,Mechanical,Login,Laptop,Medium,Tech_E,19.0,122,Escalated,No,5.0,3
T2478,2027-04-06 16:00:00,ENTC,Security,Desktop,Medium,Tech_E,106.0,206,Escalated,No,3.0,4
T2479,2027-04-07 00:00:00,Accounts,Security,Server,High,Tech_E,44.0,242,Resolved,No,2.0,8
T2480,2027-04-07 08:00:00,Admin,Printer,Printer,Low,Tech_A,13.0,98,Resolved,No,4.0,6
T2481,2027-04-07 16:00:00,Mechanical,Network,Server,High,Tech_E,57.0,248,Resolved,Yes,4.0,8
T2482,2027-04-08 00:00:00,Mechanical,Network,Router,Medium,Tech_B,74.0,145,Pending,No,2.0,2
T2483,2027-04-08 08:00:00,CSE,Network,Router,Medium,Tech_C,70.0,208,Pending,No,4.0,9
T2484,2027-04-08 16:00:00,CSE,Network,Router,Medium,Tech_C,84.0,200,Resolved,No,5.0,7
T2485,2027-04-09 00:00:00,Accounts,Hardware,Desktop,Medium,Tech_B,56.0,171,Resolved,No,3.0,5
T2486,2027-04-09 08:00:00,Admin,Printer,Printer,Low,Tech_A,5.0,144,Resolved,Yes,1.0,7
T2487,2027-04-09 16:00:00,Mechanical,Software,Server,Medium,Tech_A,34.0,119,Resolved,No,3.0,2
T2488,2027-04-10 00:00:00,Accounts,Printer,Printer,Low,Tech_C,116.0,157,Escalated,No,2.0,4
T2489,2027-04-10 08:00:00,Accounts,Hardware,Laptop,Medium,Tech_D,101.0,263,Pending,Yes,1.0,7
T2490,2027-04-10 16:00:00,IT,Network,Router,Medium,Tech_B,5.0,101,Resolved,No,5.0,2
T2491,2027-04-11 00:00:00,CSE,Hardware,Laptop,Medium,Tech_B,43.0,185,Resolved,No,5.0,8
T2492,2027-04-11 08:00:00,Admin,Login,Server,Medium,Tech_C,20.0,151,Resolved,No,3.0,10
T2493,2027-04-11 16:00:00,Mechanical,Login,Laptop,Low,Tech_E,21.0,183,Escalated,Yes,4.0,10
T2494,2027-04-12 00:00:00,Accounts,Printer,Printer,Low,Tech_D,116.0,140,Escalated,No,4.0,5
T2495,2027-04-12 08:00:00,Mechanical,Printer,Printer,Low,Tech_A,116.0,174,Resolved,Yes,2.0,5
T2496,2027-04-12 16:00:00,IT,Software,Laptop,High,Tech_A,106.0,288,Resolved,Yes,4.0,8
T2497,2027-04-13 00:00:00,Admin,Software,Laptop,Medium,Tech_A,86.0,143,Resolved,No,5.0,1
T2498,2027-04-13 08:00:00,Accounts,Login,Desktop,High,Tech_A,26.0,191,Resolved,No,1.0,6
T2499,2027-04-13 16:00:00,Mechanical,Network,Router,Medium,Tech_B,90.0,158,Escalated,No,3.0,2
T2500,2027-04-14 00:00:00,CSE,Hardware,Laptop,Medium,Tech_B,103.0,210,Resolved,Yes,3.0,1
T2501,2027-04-14 08:00:00,IT,Software,Desktop,Medium,Tech_E,35.0,157,Resolved,No,3.0,7
T2502,2027-04-14 16:00:00,Admin,Security,Laptop,High,Tech_B,44.0,216,Resolved,No,4.0,4
T2503,2027-04-15 00:00:00,IT,Software,Laptop,High,Tech_E,31.0,139,Resolved,No,1.0,1
T2504,2027-04-15 08:00:00,CSE,Network,Router,High,Tech_E,40.0,266,Resolved,Yes,4.0,10
T2505,2027-04-15 16:00:00,Admin,Network,Server,Medium,Tech_A,8.0,143,Resolved,No,4.0,6
T2506,2027-04-16 00:00:00,IT,Printer,Printer,Medium,Tech_A,117.0,241,Pending,No,5.0,10
T2507,2027-04-16 08:00:00,ENTC,Hardware,Laptop,Medium,Tech_B,73.0,186,Pending,No,5.0,6
T2508,2027-04-16 16:00:00,CSE,Network,Router,Medium,Tech_B,29.0,130,Resolved,No,4.0,3
T2509,2027-04-17 00:00:00,CSE,Software,Laptop,Medium,Tech_E,99.0,205,Resolved,No,2.0,6
T2510,2027-04-17 08:00:00,CSE,Software,Desktop,High,Tech_C,82.0,256,Resolved,No,2.0,10
T2511,2027-04-17 16:00:00,ENTC,Login,Laptop,Medium,Tech_A,34.0,170,Resolved,No,2.0,9
T2512,2027-04-18 00:00:00,ENTC,Network,Router,High,Tech_D,51.0,185,Resolved,No,4.0,6
T2513,2027-04-18 08:00:00,Mechanical,Security,Laptop,High,Tech_C,16.0,179,Escalated,No,1.0,1
T2514,2027-04-18 16:00:00,Accounts,Printer,Printer,Low,Tech_A,31.0,132,Escalated,No,2.0,10
T2515,2027-04-19 00:00:00,IT,Hardware,Desktop,Medium,Tech_A,49.0,173,Resolved,No,5.0,6
T2516,2027-04-19 08:00:00,Mechanical,Security,Desktop,High,Tech_B,92.0,272,Pending,No,3.0,8
T2517,2027-04-19 16:00:00,IT,Printer,Printer,Medium,Tech_D,67.0,177,Resolved,No,3.0,7
T2518,2027-04-20 00:00:00,Accounts,Software,Laptop,Medium,Tech_D,59.0,190,Escalated,No,4.0,8
T2519,2027-04-20 08:00:00,ENTC,Security,Server,High,Tech_A,34.0,245,Resolved,No,3.0,8
T2520,2027-04-20 16:00:00,Accounts,Printer,Printer,Medium,Tech_E,86.0,214,Resolved,No,4.0,9
T2521,2027-04-21 00:00:00,ENTC,Software,Laptop,Medium,Tech_D,18.0,131,Resolved,No,3.0,3
T2522,2027-04-21 08:00:00,Accounts,Software,Desktop,High,Tech_C,60.0,209,Resolved,No,1.0,7
T2523,2027-04-21 16:00:00,Mechanical,Software,Laptop,Medium,Tech_E,,131,Resolved,No,1.0,6
T2524,2027-04-22 00:00:00,Admin,Software,Desktop,Medium,Tech_B,90.0,153,Resolved,No,1.0,2
T2525,2027-04-22 08:00:00,Mechanical,Software,Desktop,Medium,Tech_A,30.0,149,Resolved,Yes,1.0,5
T2526,2027-04-22 16:00:00,IT,Login,Desktop,Medium,Tech_A,75.0,169,Resolved,Yes,2.0,3
T2527,2027-04-23 00:00:00,Mechanical,Security,Server,High,Tech_C,96.0,263,Resolved,Yes,5.0,5
T2528,2027-04-23 08:00:00,CSE,Printer,Printer,Medium,Tech_C,42.0,162,Resolved,No,1.0,9
T2529,2027-04-23 16:00:00,IT,Login,Laptop,Medium,Tech_B,73.0,172,Escalated,No,2.0,8
T2530,2027-04-24 00:00:00,Accounts,Login,Desktop,Medium,Tech_B,40.0,191,Resolved,No,4.0,9
T2531,2027-04-24 08:00:00,IT,Network,Router,Medium,Tech_D,22.0,179,Escalated,No,3.0,9
T2532,2027-04-24 16:00:00,Admin,Network,Router,Low,Tech_E,61.0,195,Resolved,No,3.0,8
T2533,2027-04-25 00:00:00,ENTC,Network,Server,Medium,Tech_A,82.0,227,Resolved,No,2.0,8
T2534,2027-04-25 08:00:00,Accounts,Hardware,Laptop,Medium,Tech_D,116.0,246,Resolved,No,3.0,6
T2535,2027-04-25 16:00:00,IT,Network,Router,Medium,Tech_B,27.0,153,Resolved,No,1.0,6
T2536,2027-04-26 00:00:00,Accounts,Printer,Printer,Medium,Tech_C,120.0,210,Resolved,No,3.0,6
T2537,2027-04-26 08:00:00,Accounts,Login,Desktop,Medium,Tech_D,18.0,183,Pending,Yes,1.0,10
T2538,2027-04-26 16:00:00,Accounts,Printer,Printer,Low,Tech_C,100.0,158,Resolved,No,1.0,6
T2539,2027-04-27 00:00:00,ENTC,Security,Server,Medium,Tech_E,73.0,241,Escalated,No,3.0,9
T2540,2027-04-27 08:00:00,Mechanical,Network,Router,Medium,Tech_C,26.0,169,Escalated,No,2.0,10
T2541,2027-04-27 16:00:00,Accounts,Hardware,Laptop,High,Tech_A,32.0,152,Resolved,No,4.0,1
T2542,2027-04-28 00:00:00,CSE,Security,Desktop,Medium,Tech_E,47.0,240,Resolved,No,2.0,10
T2543,2027-04-28 08:00:00,Admin,Hardware,Desktop,Medium,Tech_C,80.0,198,Escalated,No,5.0,6
T2544,2027-04-28 16:00:00,ENTC,Security,Server,High,Tech_D,22.0,220,Escalated,No,5.0,8
T2545,2027-04-29 00:00:00,IT,Login,Desktop,Low,Tech_A,104.0,147,Pending,Yes,1.0,1
T2546,2027-04-29 08:00:00,ENTC,Printer,Printer,Low,Tech_A,99.0,172,Pending,No,1.0,6
T2547,2027-04-29 16:00:00,IT,Software,Desktop,Medium,Tech_B,81.0,216,Resolved,No,2.0,9
T2548,2027-04-30 00:00:00,ENTC,Printer,Printer,Medium,Tech_B,88.0,202,Pending,Yes,2.0,6
T2549,2027-04-30 08:00:00,IT,Network,Router,Medium,Tech_D,113.0,183,Resolved,No,1.0,2
T2550,2027-04-30 16:00:00,Accounts,Software,Laptop,Medium,Tech_B,40.0,119,Resolved,No,4.0,1
T2551,2027-05-01 00:00:00,Mechanical,Hardware,Desktop,Medium,Tech_C,11.0,175,Resolved,Yes,4.0,4
T2552,2027-05-01 08:00:00,IT,Login,Desktop,Low,Tech_B,27.0,109,Resolved,No,5.0,6
T2553,2027-05-01 16:00:00,IT,Login,Desktop,Medium,Tech_A,38.0,183,Resolved,No,4.0,10
T2554,2027-05-02 00:00:00,CSE,Hardware,Laptop,Medium,Tech_D,118.0,283,Pending,No,3.0,10
T2555,2027-05-02 08:00:00,IT,Network,Router,Medium,Tech_C,100.0,242,Pending,No,1.0,9
T2556,2027-05-02 16:00:00,CSE,Hardware,Desktop,High,Tech_A,25.0,172,Resolved,No,2.0,5
T2557,2027-05-03 00:00:00,Admin,Security,Server,Medium,Tech_A,74.0,213,Resolved,No,1.0,7
T2558,2027-05-03 08:00:00,Accounts,Network,Server,High,Tech_E,84.0,222,Escalated,No,3.0,6
T2559,2027-05-03 16:00:00,CSE,Software,Laptop,Medium,Tech_B,103.0,196,Resolved,No,4.0,6
T2560,2027-05-04 00:00:00,Mechanical,Hardware,Desktop,Low,Tech_C,51.0,214,Resolved,Yes,1.0,9
T2561,2027-05-04 08:00:00,Accounts,Network,Router,Medium,Tech_D,57.0,190,Resolved,No,3.0,5
T2562,2027-05-04 16:00:00,CSE,Software,Server,Medium,Tech_D,88.0,153,Escalated,No,4.0,2
T2563,2027-05-05 00:00:00,Accounts,Hardware,Desktop,Medium,Tech_D,110.0,252,Resolved,No,5.0,8
T2564,2027-05-05 08:00:00,Accounts,Login,Laptop,Medium,Tech_E,45.0,139,Escalated,No,5.0,3
T2565,2027-05-05 16:00:00,Accounts,Hardware,Desktop,Low,Tech_C,79.0,223,Resolved,No,5.0,9
T2566,2027-05-06 00:00:00,Admin,Printer,Printer,Medium,Tech_A,36.0,146,Resolved,No,3.0,5
T2567,2027-05-06 08:00:00,Mechanical,Hardware,Laptop,Medium,Tech_E,18.0,104,Resolved,No,3.0,1
T2568,2027-05-06 16:00:00,ENTC,Printer,Printer,Low,Tech_B,92.0,123,Resolved,No,2.0,4
T2569,2027-05-07 00:00:00,ENTC,Software,Desktop,High,Tech_A,112.0,262,Resolved,No,2.0,9
T2570,2027-05-07 08:00:00,CSE,Hardware,Laptop,Medium,Tech_D,107.0,181,Resolved,No,5.0,1
T2571,2027-05-07 16:00:00,Accounts,Software,Server,Medium,Tech_B,111.0,216,Resolved,No,1.0,8
T2572,2027-05-08 00:00:00,CSE,Software,Laptop,Medium,Tech_C,99.0,222,Resolved,Yes,4.0,8
T2573,2027-05-08 08:00:00,Admin,Network,Server,Medium,Tech_C,21.0,162,Pending,No,2.0,9
T2574,2027-05-08 16:00:00,Admin,Software,Server,Low,Tech_E,29.0,209,Pending,Yes,4.0,9
T2575,2027-05-09 00:00:00,IT,Software,Server,Medium,Tech_C,68.0,172,Resolved,No,1.0,6
T2576,2027-05-09 08:00:00,Admin,Hardware,Desktop,High,Tech_D,77.0,274,Escalated,Yes,5.0,5
T2577,2027-05-09 16:00:00,IT,Hardware,Laptop,Low,Tech_E,90.0,193,Resolved,No,4.0,7
T2578,2027-05-10 00:00:00,Mechanical,Login,Laptop,Medium,Tech_E,113.0,240,Resolved,No,5.0,9
T2579,2027-05-10 08:00:00,CSE,Network,Server,Medium,Tech_D,52.0,162,Resolved,No,4.0,5
T2580,2027-05-10 16:00:00,Mechanical,Software,Laptop,Medium,Tech_C,39.0,126,Resolved,No,1.0,3
T2581,2027-05-11 00:00:00,Admin,Network,Laptop,High,Tech_B,41.0,236,Resolved,No,2.0,9
T2582,2027-05-11 08:00:00,Mechanical,Printer,Printer,Low,Tech_E,59.0,164,Escalated,No,3.0,10
T2583,2027-05-11 16:00:00,Mechanical,Software,Laptop,Low,Tech_B,21.0,55,Pending,No,5.0,1
T2584,2027-05-12 00:00:00,Mechanical,Network,Router,Medium,Tech_B,32.0,103,Resolved,No,2.0,1
T2585,2027-05-12 08:00:00,Admin,Login,Server,Low,Tech_B,5.0,124,Resolved,No,4.0,10
T2586,2027-05-12 16:00:00,Accounts,Login,Laptop,Medium,Tech_B,57.0,145,Resolved,No,2.0,4
T2587,2027-05-13 00:00:00,Mechanical,Software,Desktop,Low,Tech_D,77.0,98,Escalated,No,3.0,2
T2588,2027-05-13 08:00:00,IT,Printer,Printer,Low,Tech_A,59.0,146,Resolved,No,5.0,7
T2589,2027-05-13 16:00:00,Admin,Login,Server,Medium,Tech_C,117.0,186,Resolved,No,5.0,2
T2590,2027-05-14 00:00:00,Mechanical,Login,Laptop,Medium,Tech_A,65.0,171,Escalated,No,2.0,7
T2591,2027-05-14 08:00:00,Accounts,Printer,Printer,Low,Tech_A,17.0,137,Escalated,Yes,1.0,8
T2592,2027-05-14 16:00:00,Admin,Network,Laptop,Medium,Tech_E,51.0,214,Resolved,No,4.0,8
T2593,2027-05-15 00:00:00,ENTC,Login,Laptop,High,Tech_A,68.0,196,Resolved,No,2.0,3
T2594,2027-05-15 08:00:00,Accounts,Hardware,Desktop,Medium,Tech_A,36.0,203,Resolved,No,1.0,9
T2595,2027-05-15 16:00:00,IT,Security,Desktop,High,Tech_D,32.0,245,Pending,No,5.0,10
T2596,2027-05-16 00:00:00,Mechanical,Security,Desktop,High,Tech_B,57.0,280,Resolved,No,4.0,10
T2597,2027-05-16 08:00:00,ENTC,Login,Laptop,Medium,Tech_A,35.0,169,Escalated,No,5.0,10
T2598,2027-05-16 16:00:00,ENTC,Network,Router,Medium,Tech_A,12.0,127,Resolved,No,3.0,6
T2599,2027-05-17 00:00:00,Admin,Network,Server,Medium,Tech_E,76.0,203,Resolved,Yes,1.0,4
T2600,2027-05-17 08:00:00,ENTC,Software,Laptop,Medium,Tech_C,102.0,213,Resolved,No,3.0,8
T2601,2027-05-17 16:00:00,IT,Hardware,Laptop,Medium,Tech_E,91.0,170,Resolved,No,3.0,4
T2602,2027-05-18 00:00:00,IT,Network,Router,Medium,Tech_C,78.0,182,Resolved,No,3.0,4
T2603,2027-05-18 08:00:00,CSE,Printer,Printer,Low,Tech_C,105.0,203,Resolved,No,1.0,8
T2604,2027-05-18 16:00:00,IT,Hardware,Laptop,Medium,Tech_C,116.0,221,Pending,No,4.0,4
T2605,2027-05-19 00:00:00,Accounts,Security,Laptop,Medium,Tech_D,29.0,130,Resolved,No,5.0,1
T2606,2027-05-19 08:00:00,ENTC,Hardware,Desktop,Medium,Tech_D,119.0,208,Resolved,No,4.0,6
T2607,2027-05-19 16:00:00,IT,Printer,Printer,Low,Tech_B,37.0,137,Resolved,No,4.0,8
T2608,2027-05-20 00:00:00,Admin,Login,Desktop,Low,Tech_C,113.0,144,Resolved,No,4.0,3
T2609,2027-05-20 08:00:00,CSE,Printer,Printer,Low,Tech_D,72.0,96,Escalated,No,5.0,2
T2610,2027-05-20 16:00:00,ENTC,Printer,Printer,Low,Tech_D,11.0,74,Resolved,No,5.0,6
T2611,2027-05-21 00:00:00,CSE,Login,Desktop,Medium,Tech_A,101.0,172,Resolved,No,1.0,1
T2612,2027-05-21 08:00:00,ENTC,Login,Server,Medium,Tech_C,70.0,149,Resolved,No,2.0,5
T2613,2027-05-21 16:00:00,Admin,Login,Laptop,Medium,Tech_E,116.0,184,Resolved,No,5.0,6
T2614,2027-05-22 00:00:00,CSE,Login,Laptop,High,Tech_A,50.0,230,Resolved,No,5.0,8
T2615,2027-05-22 08:00:00,Mechanical,Login,Desktop,Medium,Tech_D,100.0,203,Pending,No,2.0,7
T2616,2027-05-22 16:00:00,Accounts,Printer,Printer,Medium,Tech_D,9.0,119,Resolved,No,5.0,6
T2617,2027-05-23 00:00:00,Accounts,Software,Laptop,Medium,Tech_D,114.0,177,Resolved,No,4.0,2
T2618,2027-05-23 08:00:00,ENTC,Software,Server,High,Tech_D,21.0,198,Resolved,No,5.0,8
T2619,2027-05-23 16:00:00,Mechanical,Network,Laptop,High,Tech_E,80.0,250,Resolved,No,1.0,8
T2620,2027-05-24 00:00:00,CSE,Software,Server,Medium,Tech_B,56.0,139,Resolved,No,5.0,5
T2621,2027-05-24 08:00:00,Mechanical,Security,Server,High,Tech_B,16.0,185,Resolved,Yes,2.0,3
T2622,2027-05-24 16:00:00,Mechanical,Software,Desktop,Medium,Tech_C,66.0,183,Resolved,No,4.0,8
T2623,2027-05-25 00:00:00,CSE,Printer,Printer,Low,Tech_D,39.0,103,Pending,No,2.0,5
T2624,2027-05-25 08:00:00,Admin,Login,Laptop,High,Tech_C,66.0,172,Pending,No,5.0,3
T2625,2027-05-25 16:00:00,Mechanical,Login,Server,High,Tech_E,25.0,227,Resolved,Yes,5.0,9
T2626,2027-05-26 00:00:00,Mechanical,Printer,Printer,Medium,Tech_C,89.0,204,Resolved,No,1.0,9
T2627,2027-05-26 08:00:00,Admin,Security,Laptop,High,Tech_B,70.0,247,Pending,No,4.0,7
T2628,2027-05-26 16:00:00,Mechanical,Software,Desktop,High,Tech_B,57.0,224,Resolved,No,5.0,8
T2629,2027-05-27 00:00:00,Mechanical,Printer,Printer,Low,Tech_B,25.0,107,Escalated,No,1.0,5
T2630,2027-05-27 08:00:00,Mechanical,Network,Server,Medium,Tech_C,19.0,130,Resolved,No,1.0,5
T2631,2027-05-27 16:00:00,Accounts,Login,Laptop,Medium,Tech_D,79.0,153,Resolved,No,2.0,5
T2632,2027-05-28 00:00:00,IT,Hardware,Laptop,Medium,Tech_A,78.0,169,Resolved,No,4.0,2
T2633,2027-05-28 08:00:00,Admin,Network,Router,Low,Tech_B,86.0,166,Resolved,Yes,3.0,3
T2634,2027-05-28 16:00:00,Mechanical,Security,Laptop,High,Tech_C,27.0,242,Resolved,No,1.0,8
T2635,2027-05-29 00:00:00,Accounts,Network,Server,Medium,Tech_A,35.0,148,Resolved,No,3.0,6
T2636,2027-05-29 08:00:00,Admin,Printer,Printer,Low,Tech_B,58.0,145,Resolved,No,2.0,9
T2637,2027-05-29 16:00:00,ENTC,Software,Desktop,High,Tech_B,59.0,205,Resolved,No,1.0,7
T2638,2027-05-30 00:00:00,ENTC,Login,Laptop,Medium,Tech_E,30.0,148,Resolved,No,4.0,6
T2639,2027-05-30 08:00:00,Mechanical,Security,Desktop,Medium,Tech_B,57.0,180,Resolved,No,3.0,4
T2640,2027-05-30 16:00:00,Accounts,Security,Laptop,High,Tech_A,70.0,254,Resolved,No,4.0,7
T2641,2027-05-31 00:00:00,Accounts,Hardware,Desktop,Medium,Tech_A,43.0,177,Resolved,Yes,3.0,4
T2642,2027-05-31 08:00:00,Admin,Network,Router,Medium,Tech_D,11.0,163,Resolved,No,2.0,7
T2643,2027-05-31 16:00:00,Admin,Hardware,Desktop,Medium,Tech_A,92.0,235,Resolved,Yes,1.0,5
T2644,2027-06-01 00:00:00,Accounts,Software,Laptop,Medium,Tech_C,43.0,102,Resolved,No,1.0,2
T2645,2027-06-01 08:00:00,Admin,Software,Desktop,High,Tech_C,36.0,206,Escalated,No,2.0,7
T2646,2027-06-01 16:00:00,Accounts,Hardware,Laptop,Medium,Tech_B,30.0,217,Pending,Yes,5.0,8
T2647,2027-06-02 00:00:00,IT,Login,Server,Low,Tech_D,91.0,236,Resolved,Yes,3.0,10
T2648,2027-06-02 08:00:00,Accounts,Software,Server,Medium,Tech_B,82.0,143,Resolved,No,3.0,2
T2649,2027-06-02 16:00:00,ENTC,Hardware,Laptop,High,Tech_D,33.0,192,Resolved,No,5.0,6
T2650,2027-06-03 00:00:00,Admin,Network,Router,Medium,Tech_E,29.0,137,Resolved,No,2.0,4
T2651,2027-06-03 08:00:00,Accounts,Hardware,Laptop,High,Tech_D,60.0,217,Resolved,No,4.0,5
T2652,2027-06-03 16:00:00,Accounts,Hardware,Desktop,Medium,Tech_E,35.0,139,Resolved,No,4.0,1
T2653,2027-06-04 00:00:00,Admin,Printer,Printer,Medium,Tech_E,70.0,174,Resolved,No,2.0,6
T2654,2027-06-04 08:00:00,IT,Software,Server,Medium,Tech_B,6.0,148,Resolved,No,4.0,8
T2655,2027-06-04 16:00:00,IT,Login,Desktop,Medium,Tech_C,91.0,175,Resolved,Yes,2.0,2
T2656,2027-06-05 00:00:00,Admin,Login,Laptop,Medium,Tech_D,51.0,112,Resolved,No,3.0,1
T2657,2027-06-05 08:00:00,CSE,Printer,Printer,Medium,Tech_B,79.0,196,Resolved,No,3.0,9
T2658,2027-06-05 16:00:00,Admin,Security,Laptop,High,Tech_E,33.0,191,Resolved,No,5.0,2
T2659,2027-06-06 00:00:00,Admin,Login,Laptop,High,Tech_E,110.0,237,Resolved,No,2.0,8
T2660,2027-06-06 08:00:00,IT,Hardware,Laptop,Medium,Tech_A,103.0,212,Resolved,No,4.0,5
T2661,2027-06-06 16:00:00,IT,Printer,Printer,Low,Tech_A,53.0,130,Resolved,Yes,2.0,2
T2662,2027-06-07 00:00:00,Admin,Network,Laptop,Medium,Tech_D,77.0,169,Resolved,No,1.0,5
T2663,2027-06-07 08:00:00,Admin,Software,Laptop,Medium,Tech_C,36.0,226,Pending,Yes,5.0,9
T2664,2027-06-07 16:00:00,Admin,Software,Laptop,Medium,Tech_A,34.0,137,Resolved,No,1.0,6
T2665,2027-06-08 00:00:00,IT,Software,Server,Medium,Tech_E,19.0,105,Resolved,No,5.0,3
T2666,2027-06-08 08:00:00,Admin,Hardware,Laptop,Medium,Tech_B,66.0,224,Resolved,No,5.0,8
T2667,2027-06-08 16:00:00,Admin,Network,Router,High,Tech_C,82.0,203,Resolved,No,5.0,1
T2668,2027-06-09 00:00:00,Mechanical,Printer,Printer,Low,Tech_D,119.0,210,Pending,No,1.0,9
T2669,2027-06-09 08:00:00,CSE,Printer,Printer,Low,Tech_B,21.0,136,Pending,No,5.0,9
T2670,2027-06-09 16:00:00,ENTC,Software,Desktop,High,Tech_D,26.0,182,Resolved,No,2.0,4
T2671,2027-06-10 00:00:00,CSE,Network,Laptop,Medium,Tech_B,120.0,226,Resolved,No,2.0,8
T2672,2027-06-10 08:00:00,Mechanical,Network,Router,Medium,Tech_B,34.0,112,Resolved,No,1.0,3
T2673,2027-06-10 16:00:00,ENTC,Network,Laptop,Medium,Tech_C,85.0,175,Escalated,No,3.0,6
T2674,2027-06-11 00:00:00,Admin,Login,Desktop,Medium,Tech_D,20.0,160,Pending,No,3.0,10
T2675,2027-06-11 08:00:00,Mechanical,Login,Desktop,Low,Tech_A,56.0,163,Resolved,No,1.0,10
T2676,2027-06-11 16:00:00,Admin,Software,Server,Medium,Tech_B,12.0,156,Resolved,No,5.0,8
T2677,2027-06-12 00:00:00,IT,Network,Laptop,High,Tech_B,68.0,259,Pending,No,5.0,9
T2678,2027-06-12 08:00:00,Accounts,Security,Server,High,Tech_A,43.0,255,Resolved,No,5.0,8
T2679,2027-06-12 16:00:00,Mechanical,Network,Server,Low,Tech_C,35.0,173,Resolved,No,1.0,9
T2680,2027-06-13 00:00:00,IT,Printer,Printer,Medium,Tech_C,16.0,97,Resolved,No,5.0,4
T2681,2027-06-13 08:00:00,Mechanical,Printer,Printer,Low,Tech_C,37.0,157,Resolved,No,2.0,10
T2682,2027-06-13 16:00:00,Mechanical,Software,Laptop,Low,Tech_E,62.0,92,Pending,No,5.0,1
T2683,2027-06-14 00:00:00,IT,Security,Server,High,Tech_E,16.0,222,Pending,No,1.0,7
T2684,2027-06-14 08:00:00,ENTC,Network,Router,Medium,Tech_C,29.0,217,Resolved,Yes,5.0,10
T2685,2027-06-14 16:00:00,CSE,Security,Desktop,High,Tech_C,42.0,243,Resolved,Yes,2.0,4
T2686,2027-06-15 00:00:00,Admin,Software,Server,Medium,Tech_A,52.0,172,Resolved,Yes,1.0,1
T2687,2027-06-15 08:00:00,Mechanical,Printer,Printer,Medium,Tech_E,86.0,151,Resolved,No,3.0,3
T2688,2027-06-15 16:00:00,Admin,Printer,Printer,Low,Tech_D,87.0,175,Resolved,Yes,1.0,7
T2689,2027-06-16 00:00:00,Accounts,Login,Server,Medium,Tech_C,59.0,142,Resolved,Yes,4.0,3
T2690,2027-06-16 08:00:00,IT,Software,Desktop,Medium,Tech_C,7.0,73,Escalated,No,3.0,1
T2691,2027-06-16 16:00:00,Admin,Software,Laptop,High,Tech_C,103.0,258,Resolved,No,3.0,7
T2692,2027-06-17 00:00:00,IT,Network,Laptop,Medium,Tech_B,73.0,213,Resolved,No,1.0,8
T2693,2027-06-17 08:00:00,Admin,Network,Server,Medium,Tech_E,39.0,157,Resolved,No,4.0,5
T2694,2027-06-17 16:00:00,CSE,Login,Laptop,High,Tech_D,55.0,200,Resolved,No,3.0,6
T2695,2027-06-18 00:00:00,CSE,Hardware,Desktop,Medium,Tech_B,31.0,149,Resolved,No,5.0,3
T2696,2027-06-18 08:00:00,CSE,Security,Server,Medium,Tech_B,41.0,187,Resolved,Yes,4.0,5
T2697,2027-06-18 16:00:00,CSE,Hardware,Laptop,Low,Tech_D,114.0,189,Resolved,No,4.0,3
T2698,2027-06-19 00:00:00,CSE,Hardware,Desktop,Medium,Tech_D,89.0,204,Resolved,Yes,1.0,2
T2699,2027-06-19 08:00:00,CSE,Software,Laptop,High,Tech_D,20.0,166,Resolved,No,1.0,7
T2700,2027-06-19 16:00:00,IT,Security,Desktop,High,Tech_D,96.0,331,Resolved,Yes,1.0,10
T2701,2027-06-20 00:00:00,Mechanical,Software,Server,High,Tech_D,29.0,174,Resolved,No,4.0,7
T2702,2027-06-20 08:00:00,Admin,Security,Server,High,Tech_C,37.0,271,Resolved,Yes,2.0,8
T2703,2027-06-20 16:00:00,CSE,Printer,Printer,Low,Tech_D,66.0,120,Resolved,Yes,1.0,1
T2704,2027-06-21 00:00:00,IT,Software,Laptop,Low,Tech_D,21.0,67,Resolved,No,2.0,2
T2705,2027-06-21 08:00:00,IT,Software,Laptop,High,Tech_E,47.0,188,Resolved,Yes,3.0,2
T2706,2027-06-21 16:00:00,IT,Software,Server,Low,Tech_C,34.0,107,Resolved,No,5.0,3
T2707,2027-06-22 00:00:00,Mechanical,Login,Desktop,Medium,Tech_B,45.0,155,Resolved,No,5.0,7
T2708,2027-06-22 08:00:00,Admin,Software,Server,Medium,Tech_C,8.0,148,Resolved,No,2.0,7
T2709,2027-06-22 16:00:00,Mechanical,Network,Laptop,Medium,Tech_A,70.0,192,Resolved,No,4.0,7
T2710,2027-06-23 00:00:00,ENTC,Network,Router,Medium,Tech_D,64.0,147,Resolved,No,5.0,1
T2711,2027-06-23 08:00:00,IT,Security,Laptop,Medium,Tech_B,13.0,132,Resolved,No,2.0,2
T2712,2027-06-23 16:00:00,ENTC,Printer,Printer,Medium,Tech_A,35.0,172,Escalated,No,1.0,8
T2713,2027-06-24 00:00:00,Accounts,Login,Laptop,Medium,Tech_B,93.0,205,Resolved,No,2.0,9
T2714,2027-06-24 08:00:00,CSE,Security,Laptop,High,Tech_C,105.0,298,Pending,No,3.0,10
T2715,2027-06-24 16:00:00,CSE,Network,Laptop,Medium,Tech_A,104.0,212,Resolved,No,2.0,7
T2716,2027-06-25 00:00:00,Mechanical,Login,Laptop,Medium,Tech_D,73.0,130,Resolved,No,1.0,1
T2717,2027-06-25 08:00:00,Admin,Login,Desktop,High,Tech_D,28.0,155,Escalated,No,2.0,4
T2718,2027-06-25 16:00:00,ENTC,Printer,Printer,Low,Tech_A,28.0,149,Pending,No,1.0,10
T2719,2027-06-26 00:00:00,Admin,Login,Laptop,Low,Tech_C,97.0,171,Resolved,No,1.0,8
T2720,2027-06-26 08:00:00,Mechanical,Software,Laptop,Low,Tech_A,118.0,170,Resolved,No,3.0,5
T2721,2027-06-26 16:00:00,CSE,Login,Laptop,High,Tech_C,49.0,161,Resolved,No,3.0,1
T2722,2027-06-27 00:00:00,Admin,Printer,Printer,Medium,Tech_B,99.0,202,Pending,No,5.0,7
T2723,2027-06-27 08:00:00,Admin,Security,Server,High,Tech_C,41.0,232,Resolved,No,1.0,6
T2724,2027-06-27 16:00:00,CSE,Printer,Printer,Low,Tech_A,62.0,159,Resolved,No,1.0,9
T2725,2027-06-28 00:00:00,ENTC,Printer,Printer,Low,Tech_A,87.0,165,Resolved,Yes,1.0,4
T2726,2027-06-28 08:00:00,CSE,Network,Router,Medium,Tech_B,27.0,131,Resolved,No,5.0,4
T2727,2027-06-28 16:00:00,Admin,Software,Laptop,Medium,Tech_A,39.0,149,Resolved,No,4.0,8
T2728,2027-06-29 00:00:00,ENTC,Network,Router,Low,Tech_E,67.0,154,Resolved,No,3.0,4
T2729,2027-06-29 08:00:00,ENTC,Security,Desktop,High,Tech_A,118.0,258,Resolved,No,3.0,3
T2730,2027-06-29 16:00:00,CSE,Hardware,Laptop,Medium,Tech_E,10.0,152,Resolved,No,1.0,7
T2731,2027-06-30 00:00:00,Admin,Security,Laptop,High,Tech_A,10.0,193,Pending,No,5.0,5
T2732,2027-06-30 08:00:00,Mechanical,Software,Desktop,Medium,Tech_A,105.0,224,Resolved,No,1.0,9
T2733,2027-06-30 16:00:00,Admin,Login,Desktop,Medium,Tech_B,34.0,153,Resolved,No,3.0,5
T2734,2027-07-01 00:00:00,IT,Printer,Printer,Low,Tech_E,5.0,128,Resolved,No,5.0,9
T2735,2027-07-01 08:00:00,Accounts,Hardware,Laptop,Low,Tech_B,67.0,155,Resolved,No,2.0,6
T2736,2027-07-01 16:00:00,Mechanical,Software,Desktop,Medium,Tech_E,12.0,118,Escalated,No,3.0,6
T2737,2027-07-02 00:00:00,ENTC,Network,Router,Medium,Tech_E,32.0,161,Resolved,No,2.0,6
T2738,2027-07-02 08:00:00,Mechanical,Printer,Printer,Low,Tech_D,93.0,169,Resolved,No,4.0,7
T2739,2027-07-02 16:00:00,ENTC,Security,Server,High,Tech_E,37.0,210,Resolved,No,2.0,4
T2740,2027-07-03 00:00:00,ENTC,Network,Router,High,Tech_B,57.0,217,Resolved,Yes,5.0,4
T2741,2027-07-03 08:00:00,Mechanical,Software,Desktop,Low,Tech_B,42.0,150,Resolved,No,2.0,9
T2742,2027-07-03 16:00:00,ENTC,Software,Desktop,Low,Tech_C,56.0,156,Pending,No,4.0,7
T2743,2027-07-04 00:00:00,ENTC,Security,Laptop,Medium,Tech_A,82.0,264,Resolved,No,3.0,10
T2744,2027-07-04 08:00:00,IT,Hardware,Desktop,Medium,Tech_D,15.0,170,Resolved,No,4.0,6
T2745,2027-07-04 16:00:00,Admin,Security,Server,High,Tech_A,6.0,187,Resolved,Yes,5.0,1
T2746,2027-07-05 00:00:00,Admin,Login,Laptop,Low,Tech_B,57.0,136,Resolved,No,2.0,7
T2747,2027-07-05 08:00:00,Accounts,Network,Server,High,Tech_D,98.0,246,Pending,No,2.0,6
T2748,2027-07-05 16:00:00,Accounts,Hardware,Desktop,Medium,Tech_E,98.0,221,Resolved,Yes,5.0,4
T2749,2027-07-06 00:00:00,IT,Printer,Printer,Low,Tech_B,72.0,150,Pending,No,1.0,8
T2750,2027-07-06 08:00:00,Accounts,Login,Desktop,Medium,Tech_B,81.0,192,Resolved,Yes,5.0,7
T2751,2027-07-06 16:00:00,Mechanical,Hardware,Laptop,Medium,Tech_B,11.0,197,Escalated,No,5.0,8
T2752,2027-07-07 00:00:00,CSE,Network,Router,Medium,Tech_B,106.0,234,Resolved,No,4.0,9
T2753,2027-07-07 08:00:00,CSE,Software,Laptop,Medium,Tech_D,71.0,131,Resolved,No,4.0,1
T2754,2027-07-07 16:00:00,CSE,Printer,Printer,Low,Tech_A,13.0,99,Escalated,Yes,5.0,3
T2755,2027-07-08 00:00:00,IT,Security,Laptop,High,Tech_A,82.0,221,Resolved,No,3.0,2
T2756,2027-07-08 08:00:00,IT,Network,Router,Medium,Tech_E,120.0,167,Resolved,No,2.0,3
T2757,2027-07-08 16:00:00,ENTC,Login,Laptop,Medium,Tech_B,67.0,131,Escalated,No,5.0,2
T2758,2027-07-09 00:00:00,CSE,Login,Desktop,Medium,Tech_B,,152,Escalated,No,1.0,6
T2759,2027-07-09 08:00:00,Mechanical,Software,Laptop,Low,Tech_A,41.0,154,Pending,No,2.0,9
T2760,2027-07-09 16:00:00,Accounts,Software,Desktop,High,Tech_E,18.0,156,Resolved,No,3.0,2
T2761,2027-07-10 00:00:00,Mechanical,Printer,Printer,Low,Tech_C,23.0,114,Resolved,Yes,5.0,4
T2762,2027-07-10 08:00:00,Accounts,Security,Server,High,Tech_D,12.0,215,Resolved,Yes,3.0,5
T2763,2027-07-10 16:00:00,CSE,Printer,Printer,Low,Tech_A,11.0,90,Resolved,No,2.0,5
T2764,2027-07-11 00:00:00,CSE,Software,Server,High,Tech_D,63.0,162,Resolved,No,1.0,1
T2765,2027-07-11 08:00:00,CSE,Software,Server,Medium,Tech_A,67.0,174,Resolved,No,2.0,6
T2766,2027-07-11 16:00:00,IT,Login,Desktop,High,Tech_E,11.0,146,Resolved,No,2.0,5
T2767,2027-07-12 00:00:00,Accounts,Software,Server,Medium,Tech_B,59.0,177,Resolved,Yes,5.0,6
T2768,2027-07-12 08:00:00,IT,Hardware,Laptop,Medium,Tech_C,7.0,138,Resolved,No,2.0,4
T2769,2027-07-12 16:00:00,IT,Network,Router,Medium,Tech_D,71.0,188,Resolved,No,5.0,6
T2770,2027-07-13 00:00:00,Admin,Software,Desktop,Medium,Tech_C,22.0,187,Pending,No,5.0,9
T2771,2027-07-13 08:00:00,Mechanical,Printer,Printer,Low,Tech_B,49.0,80,Resolved,No,3.0,1
T2772,2027-07-13 16:00:00,Mechanical,Security,Server,High,Tech_A,101.0,252,Resolved,No,1.0,6
T2773,2027-07-14 00:00:00,ENTC,Security,Desktop,High,Tech_E,105.0,232,Resolved,No,5.0,1
T2774,2027-07-14 08:00:00,IT,Security,Desktop,Medium,Tech_B,96.0,241,Resolved,No,4.0,7
T2775,2027-07-14 16:00:00,Accounts,Hardware,Desktop,Medium,Tech_C,40.0,176,Resolved,Yes,3.0,4
T2776,2027-07-15 00:00:00,Admin,Printer,Printer,Low,Tech_C,20.0,111,Resolved,No,5.0,6
T2777,2027-07-15 08:00:00,Admin,Hardware,Laptop,Low,Tech_C,83.0,221,Resolved,Yes,5.0,7
T2778,2027-07-15 16:00:00,Mechanical,Software,Server,High,Tech_A,33.0,185,Escalated,Yes,3.0,5
T2779,2027-07-16 00:00:00,IT,Network,Router,High,Tech_C,63.0,263,Resolved,Yes,2.0,9
T2780,2027-07-16 08:00:00,ENTC,Security,Desktop,High,Tech_A,22.0,267,Resolved,Yes,5.0,8
T2781,2027-07-16 16:00:00,IT,Printer,Printer,Medium,Tech_C,53.0,115,Resolved,No,1.0,3
T2782,2027-07-17 00:00:00,CSE,Security,Desktop,Medium,Tech_D,114.0,197,Pending,No,5.0,1
T2783,2027-07-17 08:00:00,IT,Hardware,Laptop,High,Tech_D,50.0,255,Resolved,No,3.0,10
T2784,2027-07-17 16:00:00,CSE,Login,Server,Medium,Tech_B,87.0,188,Pending,No,4.0,8
T2785,2027-07-18 00:00:00,CSE,Software,Desktop,Low,Tech_B,33.0,130,Resolved,Yes,3.0,4
T2786,2027-07-18 08:00:00,ENTC,Network,Server,High,Tech_E,74.0,232,Resolved,No,3.0,7
T2787,2027-07-18 16:00:00,Accounts,Software,Desktop,Medium,Tech_C,113.0,187,Resolved,No,1.0,4
T2788,2027-07-19 00:00:00,Mechanical,Login,Server,Medium,Tech_C,54.0,150,Resolved,No,2.0,7
T2789,2027-07-19 08:00:00,IT,Network,Router,Medium,Tech_A,115.0,200,Resolved,Yes,1.0,1
T2790,2027-07-19 16:00:00,CSE,Login,Desktop,Medium,Tech_B,59.0,111,Resolved,No,1.0,1
T2791,2027-07-20 00:00:00,IT,Software,Laptop,Medium,Tech_D,31.0,149,Pending,Yes,5.0,2
T2792,2027-07-20 08:00:00,Accounts,Hardware,Laptop,Medium,Tech_A,11.0,148,Resolved,No,4.0,5
T2793,2027-07-20 16:00:00,Mechanical,Software,Laptop,Low,Tech_D,95.0,197,Resolved,No,3.0,10
T2794,2027-07-21 00:00:00,Accounts,Software,Desktop,Medium,Tech_A,87.0,185,Resolved,No,1.0,6
T2795,2027-07-21 08:00:00,Mechanical,Software,Laptop,Medium,Tech_B,85.0,153,Resolved,No,1.0,2
T2796,2027-07-21 16:00:00,Admin,Printer,Printer,Low,Tech_C,45.0,73,Resolved,No,2.0,1
T2797,2027-07-22 00:00:00,Mechanical,Login,Laptop,High,Tech_C,15.0,174,Resolved,No,2.0,9
T2798,2027-07-22 08:00:00,ENTC,Login,Desktop,Medium,Tech_B,9.0,163,Resolved,Yes,4.0,7
T2799,2027-07-22 16:00:00,Accounts,Security,Desktop,High,Tech_D,70.0,271,Resolved,No,3.0,8
T2800,2027-07-23 00:00:00,CSE,Login,Desktop,Low,Tech_E,115.0,189,Pending,No,1.0,6
T2801,2027-07-23 08:00:00,Admin,Security,Server,High,Tech_E,60.0,277,Resolved,No,5.0,9
T2802,2027-07-23 16:00:00,ENTC,Printer,Printer,Low,Tech_B,16.0,109,Resolved,No,2.0,8
T2803,2027-07-24 00:00:00,IT,Hardware,Laptop,Medium,Tech_A,46.0,170,Escalated,No,1.0,4
T2804,2027-07-24 08:00:00,Accounts,Security,Laptop,Medium,Tech_C,110.0,219,Pending,No,5.0,5
T2805,2027-07-24 16:00:00,CSE,Software,Desktop,Medium,Tech_D,120.0,207,Resolved,Yes,1.0,2
T2806,2027-07-25 00:00:00,Mechanical,Hardware,Laptop,Medium,Tech_E,79.0,150,Resolved,No,4.0,1
T2807,2027-07-25 08:00:00,CSE,Printer,Printer,Low,Tech_C,14.0,105,Escalated,No,4.0,6
T2808,2027-07-25 16:00:00,IT,Login,Desktop,Medium,Tech_B,32.0,98,Pending,No,5.0,3
T2809,2027-07-26 00:00:00,Admin,Security,Laptop,High,Tech_C,11.0,216,Resolved,Yes,2.0,4
T2810,2027-07-26 08:00:00,Admin,Software,Server,Medium,Tech_E,18.0,83,Resolved,No,4.0,1
T2811,2027-07-26 16:00:00,Accounts,Network,Laptop,Medium,Tech_D,81.0,201,Resolved,No,2.0,6
T2812,2027-07-27 00:00:00,Admin,Network,Router,Medium,Tech_A,73.0,211,Resolved,No,5.0,8
T2813,2027-07-27 08:00:00,Accounts,Hardware,Desktop,Medium,Tech_A,65.0,233,Resolved,No,5.0,10
T2814,2027-07-27 16:00:00,Accounts,Login,Laptop,High,Tech_C,55.0,178,Resolved,No,1.0,4
T2815,2027-07-28 00:00:00,Accounts,Network,Laptop,High,Tech_A,46.0,225,Resolved,No,5.0,10
T2816,2027-07-28 08:00:00,Mechanical,Hardware,Desktop,Medium,Tech_E,12.0,189,Resolved,No,1.0,8
T2817,2027-07-28 16:00:00,ENTC,Printer,Printer,Low,Tech_D,54.0,164,Pending,No,2.0,10
T2818,2027-07-29 00:00:00,Accounts,Hardware,Desktop,Medium,Tech_A,5.0,119,Resolved,No,1.0,3
T2819,2027-07-29 08:00:00,Accounts,Hardware,Laptop,Medium,Tech_A,73.0,224,Resolved,No,2.0,7
T2820,2027-07-29 16:00:00,ENTC,Hardware,Laptop,Medium,Tech_B,15.0,143,Resolved,Yes,4.0,3
T2821,2027-07-30 00:00:00,CSE,Software,Server,High,Tech_A,120.0,248,Resolved,No,2.0,6
T2822,2027-07-30 08:00:00,Accounts,Hardware,Laptop,Medium,Tech_A,111.0,211,Resolved,No,3.0,4
T2823,2027-07-30 16:00:00,Mechanical,Security,Laptop,Medium,Tech_E,52.0,195,Resolved,No,1.0,6
T2824,2027-07-31 00:00:00,Admin,Hardware,Laptop,Low,Tech_A,14.0,142,Resolved,No,4.0,7
T2825,2027-07-31 08:00:00,Admin,Software,Desktop,High,Tech_B,19.0,184,Resolved,No,2.0,8
T2826,2027-07-31 16:00:00,IT,Software,Desktop,Low,Tech_B,107.0,178,Resolved,No,5.0,6
T2827,2027-08-01 00:00:00,IT,Printer,Printer,Low,Tech_B,51.0,111,Resolved,No,1.0,4
T2828,2027-08-01 08:00:00,Admin,Login,Desktop,Medium,Tech_A,97.0,235,Pending,No,2.0,9
T2829,2027-08-01 16:00:00,Admin,Network,Router,Low,Tech_C,29.0,160,Resolved,No,4.0,7
T2830,2027-08-02 00:00:00,Mechanical,Network,Router,Low,Tech_C,116.0,225,Escalated,No,5.0,9
T2831,2027-08-02 08:00:00,ENTC,Hardware,Desktop,Medium,Tech_E,10.0,139,Resolved,No,1.0,3
T2832,2027-08-02 16:00:00,IT,Printer,Printer,Low,Tech_C,15.0,83,Resolved,No,4.0,5
T2833,2027-08-03 00:00:00,ENTC,Hardware,Laptop,Medium,Tech_E,21.0,142,Resolved,No,5.0,1
T2834,2027-08-03 08:00:00,Mechanical,Network,Server,Medium,Tech_E,19.0,163,Resolved,No,3.0,8
T2835,2027-08-03 16:00:00,Admin,Software,Server,Medium,Tech_B,20.0,94,Escalated,No,5.0,1
T2836,2027-08-04 00:00:00,Accounts,Login,Laptop,Medium,Tech_D,60.0,150,Resolved,Yes,1.0,1
T2837,2027-08-04 08:00:00,ENTC,Printer,Printer,Low,Tech_E,70.0,186,Resolved,Yes,3.0,7
T2838,2027-08-04 16:00:00,Admin,Software,Laptop,Medium,Tech_A,40.0,170,Resolved,No,2.0,8
T2839,2027-08-05 00:00:00,Admin,Login,Server,Medium,Tech_B,87.0,133,Resolved,No,3.0,3
T2840,2027-08-05 08:00:00,CSE,Printer,Printer,Low,Tech_A,42.0,92,Resolved,No,3.0,2
T2841,2027-08-05 16:00:00,ENTC,Printer,Printer,Medium,Tech_A,118.0,201,Resolved,No,3.0,7
T2842,2027-08-06 00:00:00,Accounts,Network,Server,Medium,Tech_C,89.0,246,Pending,No,5.0,10
T2843,2027-08-06 08:00:00,ENTC,Software,Server,Medium,Tech_A,79.0,183,Resolved,No,3.0,5
T2844,2027-08-06 16:00:00,Admin,Printer,Printer,Medium,Tech_E,109.0,153,Resolved,No,3.0,1
T2845,2027-08-07 00:00:00,Accounts,Security,Laptop,High,Tech_A,7.0,199,Resolved,Yes,2.0,2
T2846,2027-08-07 08:00:00,Mechanical,Printer,Printer,Low,Tech_A,102.0,133,Resolved,No,3.0,3
T2847,2027-08-07 16:00:00,CSE,Login,Laptop,Medium,Tech_C,22.0,152,Escalated,No,5.0,6
T2848,2027-08-08 00:00:00,Admin,Network,Server,Medium,Tech_A,83.0,153,Resolved,No,4.0,1
T2849,2027-08-08 08:00:00,IT,Hardware,Desktop,Medium,Tech_E,93.0,230,Resolved,No,4.0,8
T2850,2027-08-08 16:00:00,IT,Network,Server,High,Tech_E,58.0,190,Resolved,No,5.0,2
T2851,2027-08-09 00:00:00,CSE,Hardware,Desktop,Medium,Tech_A,118.0,216,Resolved,No,5.0,5
T2852,2027-08-09 08:00:00,Mechanical,Software,Desktop,Medium,Tech_E,119.0,206,Resolved,No,3.0,8
T2853,2027-08-09 16:00:00,Admin,Software,Server,High,Tech_E,83.0,197,Pending,No,5.0,5
T2854,2027-08-10 00:00:00,ENTC,Printer,Printer,Low,Tech_C,98.0,198,Resolved,No,3.0,8
T2855,2027-08-10 08:00:00,CSE,Security,Desktop,High,Tech_B,21.0,238,Resolved,Yes,1.0,6
T2856,2027-08-10 16:00:00,Mechanical,Software,Laptop,High,Tech_B,86.0,235,Pending,No,2.0,7
T2857,2027-08-11 00:00:00,ENTC,Printer,Printer,Medium,Tech_D,99.0,217,Resolved,No,2.0,8
T2858,2027-08-11 08:00:00,IT,Network,Server,Low,Tech_B,118.0,174,Resolved,No,2.0,3
T2859,2027-08-11 16:00:00,IT,Software,Laptop,Medium,Tech_A,111.0,220,Resolved,Yes,1.0,5
T2860,2027-08-12 00:00:00,ENTC,Network,Router,Medium,Tech_E,86.0,229,Resolved,No,2.0,10
T2861,2027-08-12 08:00:00,CSE,Network,Laptop,Medium,Tech_B,103.0,206,Resolved,No,3.0,7
T2862,2027-08-12 16:00:00,IT,Security,Server,High,Tech_C,17.0,221,Resolved,No,4.0,9
T2863,2027-08-13 00:00:00,Admin,Software,Server,Low,Tech_D,67.0,151,Resolved,No,2.0,6
T2864,2027-08-13 08:00:00,Accounts,Network,Router,Medium,Tech_A,18.0,182,Resolved,No,2.0,10
T2865,2027-08-13 16:00:00,ENTC,Security,Laptop,High,Tech_B,63.0,202,Resolved,No,3.0,1
T2866,2027-08-14 00:00:00,ENTC,Security,Server,High,Tech_E,40.0,241,Resolved,No,3.0,8
T2867,2027-08-14 08:00:00,IT,Software,Desktop,Medium,Tech_C,22.0,128,Resolved,No,2.0,6
T2868,2027-08-14 16:00:00,CSE,Security,Server,Medium,Tech_B,9.0,149,Resolved,Yes,5.0,1
T2869,2027-08-15 00:00:00,Admin,Software,Server,Low,Tech_E,18.0,97,Resolved,No,1.0,4
T2870,2027-08-15 08:00:00,CSE,Software,Server,Medium,Tech_B,29.0,146,Resolved,No,4.0,6
T2871,2027-08-15 16:00:00,Mechanical,Hardware,Desktop,Medium,Tech_A,48.0,218,Pending,No,4.0,10
T2872,2027-08-16 00:00:00,Mechanical,Network,Laptop,Low,Tech_D,43.0,120,Pending,No,1.0,1
T2873,2027-08-16 08:00:00,Accounts,Login,Laptop,Medium,Tech_E,16.0,153,Resolved,No,2.0,10
T2874,2027-08-16 16:00:00,IT,Software,Server,Medium,Tech_D,108.0,185,Pending,No,2.0,5
T2875,2027-08-17 00:00:00,IT,Network,Laptop,Medium,Tech_D,65.0,135,Resolved,No,2.0,3
T2876,2027-08-17 08:00:00,IT,Security,Server,High,Tech_C,66.0,254,Resolved,No,2.0,7
T2877,2027-08-17 16:00:00,Accounts,Printer,Printer,Medium,Tech_E,57.0,152,Resolved,No,2.0,8
T2878,2027-08-18 00:00:00,Mechanical,Software,Desktop,High,Tech_C,57.0,177,Resolved,No,4.0,3
T2879,2027-08-18 08:00:00,CSE,Security,Server,High,Tech_D,32.0,253,Resolved,No,2.0,10
T2880,2027-08-18 16:00:00,Accounts,Security,Server,High,Tech_A,39.0,189,Resolved,No,3.0,3
T2881,2027-08-19 00:00:00,Accounts,Security,Desktop,High,Tech_A,69.0,249,Resolved,Yes,5.0,3
T2882,2027-08-19 08:00:00,CSE,Security,Desktop,Medium,Tech_B,7.0,168,Resolved,No,2.0,6
T2883,2027-08-19 16:00:00,IT,Security,Laptop,Low,Tech_B,47.0,189,Resolved,No,3.0,6
T2884,2027-08-20 00:00:00,Admin,Software,Desktop,Low,Tech_E,54.0,120,Resolved,No,4.0,3
T2885,2027-08-20 08:00:00,CSE,Login,Server,Medium,Tech_A,75.0,174,Resolved,No,3.0,6
T2886,2027-08-20 16:00:00,Mechanical,Hardware,Laptop,Medium,Tech_D,13.0,153,Resolved,No,1.0,9
T2887,2027-08-21 00:00:00,ENTC,Security,Server,Medium,Tech_A,40.0,218,Resolved,No,1.0,8
T2888,2027-08-21 08:00:00,ENTC,Security,Server,High,Tech_E,27.0,235,Pending,No,3.0,7
T2889,2027-08-21 16:00:00,Accounts,Hardware,Desktop,High,Tech_B,92.0,273,Resolved,No,2.0,7
T2890,2027-08-22 00:00:00,ENTC,Software,Desktop,Low,Tech_B,78.0,148,Resolved,No,2.0,8
T2891,2027-08-22 08:00:00,Admin,Network,Laptop,Medium,Tech_C,54.0,186,Resolved,No,2.0,7
T2892,2027-08-22 16:00:00,IT,Printer,Printer,Low,Tech_B,59.0,114,Pending,No,3.0,3
T2893,2027-08-23 00:00:00,Mechanical,Printer,Printer,Medium,Tech_D,116.0,233,Resolved,No,1.0,8
T2894,2027-08-23 08:00:00,Admin,Network,Server,Medium,Tech_E,16.0,171,Resolved,No,1.0,8
T2895,2027-08-23 16:00:00,Mechanical,Software,Server,High,Tech_B,87.0,180,Resolved,No,4.0,1
T2896,2027-08-24 00:00:00,Mechanical,Printer,Printer,Low,Tech_B,36.0,140,Resolved,No,1.0,10
T2897,2027-08-24 08:00:00,IT,Hardware,Desktop,High,Tech_D,28.0,190,Resolved,No,1.0,5
T2898,2027-08-24 16:00:00,Accounts,Network,Laptop,Medium,Tech_B,90.0,197,Resolved,No,5.0,5
T2899,2027-08-25 00:00:00,ENTC,Login,Laptop,Medium,Tech_D,71.0,137,Resolved,No,1.0,1
T2900,2027-08-25 08:00:00,IT,Software,Desktop,Low,Tech_B,108.0,161,Resolved,No,3.0,6
T2901,2027-08-25 16:00:00,Admin,Network,Server,Medium,Tech_D,31.0,161,Resolved,No,2.0,6
T2902,2027-08-26 00:00:00,Accounts,Printer,Printer,Medium,Tech_B,65.0,127,Resolved,No,3.0,4
T2903,2027-08-26 08:00:00,Admin,Software,Desktop,Medium,Tech_E,23.0,144,Resolved,No,2.0,6
T2904,2027-08-26 16:00:00,Accounts,Hardware,Laptop,Medium,Tech_C,77.0,188,Escalated,No,2.0,6
T2905,2027-08-27 00:00:00,Admin,Software,Server,High,Tech_C,55.0,138,Escalated,No,4.0,1
T2906,2027-08-27 08:00:00,IT,Software,Server,Medium,Tech_A,68.0,188,Pending,No,1.0,5
T2907,2027-08-27 16:00:00,Accounts,Hardware,Laptop,High,Tech_C,117.0,214,Escalated,No,4.0,2
T2908,2027-08-28 00:00:00,Accounts,Security,Laptop,Medium,Tech_D,81.0,221,Resolved,No,2.0,7
T2909,2027-08-28 08:00:00,Mechanical,Hardware,Laptop,High,Tech_D,6.0,210,Pending,No,5.0,9
T2910,2027-08-28 16:00:00,Mechanical,Software,Server,Low,Tech_C,40.0,131,Resolved,No,5.0,9
T2911,2027-08-29 00:00:00,CSE,Hardware,Desktop,Medium,Tech_D,97.0,253,Resolved,No,4.0,9
T2912,2027-08-29 08:00:00,Admin,Security,Laptop,High,Tech_E,15.0,206,Resolved,No,4.0,7
T2913,2027-08-29 16:00:00,Mechanical,Network,Server,Medium,Tech_D,,207,Resolved,No,1.0,7
T2914,2027-08-30 00:00:00,CSE,Hardware,Desktop,Medium,Tech_E,72.0,164,Escalated,No,4.0,1
T2915,2027-08-30 08:00:00,Mechanical,Hardware,Laptop,Medium,Tech_E,72.0,182,Resolved,No,4.0,6
T2916,2027-08-30 16:00:00,Admin,Software,Desktop,High,Tech_E,120.0,245,Pending,No,3.0,5
T2917,2027-08-31 00:00:00,Accounts,Network,Router,High,Tech_B,68.0,238,Resolved,No,4.0,8
T2918,2027-08-31 08:00:00,ENTC,Login,Desktop,High,Tech_A,5.0,176,Resolved,No,4.0,8
T2919,2027-08-31 16:00:00,Admin,Login,Desktop,High,Tech_D,93.0,205,Resolved,No,3.0,4
T2920,2027-09-01 00:00:00,IT,Printer,Printer,Medium,Tech_B,30.0,93,Resolved,No,2.0,1
T2921,2027-09-01 08:00:00,Mechanical,Hardware,Desktop,High,Tech_A,15.0,188,Escalated,Yes,2.0,6
T2922,2027-09-01 16:00:00,Mechanical,Hardware,Laptop,High,Tech_B,91.0,273,Escalated,No,3.0,10
T2923,2027-09-02 00:00:00,Accounts,Network,Router,Medium,Tech_D,6.0,83,Resolved,No,1.0,1
T2924,2027-09-02 08:00:00,IT,Security,Laptop,High,Tech_E,87.0,264,Pending,No,4.0,5
T2925,2027-09-02 16:00:00,Accounts,Login,Server,High,Tech_B,97.0,220,Resolved,No,1.0,5
T2926,2027-09-03 00:00:00,IT,Printer,Printer,Medium,Tech_A,44.0,145,Resolved,Yes,5.0,3
T2927,2027-09-03 08:00:00,ENTC,Network,Router,Medium,Tech_A,120.0,237,Resolved,No,1.0,5
T2928,2027-09-03 16:00:00,Mechanical,Hardware,Laptop,Low,Tech_A,8.0,101,Resolved,No,4.0,6
T2929,2027-09-04 00:00:00,Mechanical,Login,Laptop,High,Tech_B,84.0,225,Resolved,No,2.0,5
T2930,2027-09-04 08:00:00,ENTC,Printer,Printer,Medium,Tech_A,115.0,180,Resolved,Yes,4.0,1
T2931,2027-09-04 16:00:00,CSE,Software,Server,Medium,Tech_C,41.0,155,Resolved,No,4.0,7
T2932,2027-09-05 00:00:00,Accounts,Login,Desktop,Low,Tech_A,65.0,134,Resolved,Yes,4.0,3
T2933,2027-09-05 08:00:00,ENTC,Printer,Printer,Low,Tech_A,95.0,163,Resolved,No,1.0,7
T2934,2027-09-05 16:00:00,Accounts,Network,Laptop,Medium,Tech_B,9.0,150,Resolved,No,2.0,5
T2935,2027-09-06 00:00:00,Admin,Software,Server,Medium,Tech_D,19.0,114,Pending,No,2.0,3
T2936,2027-09-06 08:00:00,Mechanical,Printer,Printer,Low,Tech_B,91.0,165,Resolved,No,1.0,6
T2937,2027-09-06 16:00:00,Accounts,Printer,Printer,Medium,Tech_B,117.0,148,Resolved,No,1.0,1
T2938,2027-09-07 00:00:00,IT,Hardware,Laptop,Medium,Tech_C,71.0,199,Pending,No,1.0,6
T2939,2027-09-07 08:00:00,Accounts,Security,Laptop,High,Tech_D,86.0,251,Resolved,No,5.0,4
T2940,2027-09-07 16:00:00,Admin,Login,Laptop,High,Tech_B,111.0,233,Resolved,No,5.0,4
T2941,2027-09-08 00:00:00,Mechanical,Hardware,Laptop,Medium,Tech_C,30.0,141,Resolved,No,4.0,5
T2942,2027-09-08 08:00:00,ENTC,Software,Desktop,Low,Tech_B,10.0,168,Resolved,Yes,5.0,9
T2943,2027-09-08 16:00:00,Admin,Security,Desktop,High,Tech_C,48.0,183,Resolved,No,1.0,1
T2944,2027-09-09 00:00:00,Mechanical,Printer,Printer,Low,Tech_E,62.0,113,Resolved,No,1.0,3
T2945,2027-09-09 08:00:00,Accounts,Hardware,Desktop,High,Tech_A,85.0,218,Resolved,No,1.0,4
T2946,2027-09-09 16:00:00,CSE,Security,Desktop,High,Tech_A,50.0,214,Resolved,No,2.0,2
T2947,2027-09-10 00:00:00,CSE,Login,Laptop,Medium,Tech_B,106.0,229,Resolved,No,2.0,9
T2948,2027-09-10 08:00:00,IT,Software,Desktop,Low,Tech_C,46.0,135,Pending,No,5.0,7
T2949,2027-09-10 16:00:00,Mechanical,Network,Server,Low,Tech_E,52.0,122,Resolved,Yes,3.0,1
T2950,2027-09-11 00:00:00,CSE,Hardware,Laptop,Medium,Tech_A,118.0,270,Resolved,No,3.0,9
T2951,2027-09-11 08:00:00,ENTC,Software,Server,Medium,Tech_B,31.0,156,Resolved,No,1.0,6
T2952,2027-09-11 16:00:00,Mechanical,Network,Server,Medium,Tech_B,24.0,117,Pending,No,2.0,2
T2953,2027-09-12 00:00:00,ENTC,Hardware,Laptop,Medium,Tech_C,74.0,150,Resolved,No,4.0,1
T2954,2027-09-12 08:00:00,ENTC,Software,Laptop,High,Tech_D,119.0,260,Resolved,No,5.0,6
T2955,2027-09-12 16:00:00,CSE,Software,Desktop,High,Tech_B,39.0,191,Resolved,No,2.0,7
T2956,2027-09-13 00:00:00,Mechanical,Security,Server,Medium,Tech_E,80.0,248,Resolved,No,1.0,10
T2957,2027-09-13 08:00:00,Accounts,Hardware,Laptop,Medium,Tech_E,52.0,213,Resolved,No,1.0,6
T2958,2027-09-13 16:00:00,Admin,Software,Server,Medium,Tech_D,71.0,216,Resolved,Yes,3.0,7
T2959,2027-09-14 00:00:00,CSE,Printer,Printer,Low,Tech_E,116.0,175,Resolved,No,1.0,6
T2960,2027-09-14 08:00:00,CSE,Hardware,Laptop,Medium,Tech_C,72.0,236,Resolved,Yes,1.0,8
T2961,2027-09-14 16:00:00,Accounts,Software,Laptop,Low,Tech_B,56.0,127,Resolved,Yes,4.0,2
T2962,2027-09-15 00:00:00,Mechanical,Security,Server,High,Tech_C,113.0,321,Resolved,No,5.0,9
T2963,2027-09-15 08:00:00,Mechanical,Network,Router,Medium,Tech_D,72.0,225,Resolved,No,4.0,9
T2964,2027-09-15 16:00:00,ENTC,Network,Router,Medium,Tech_D,8.0,159,Resolved,No,3.0,9
T2965,2027-09-16 00:00:00,Accounts,Printer,Printer,Low,Tech_C,43.0,126,Pending,No,2.0,7
T2966,2027-09-16 08:00:00,Accounts,Hardware,Desktop,Medium,Tech_A,25.0,199,Resolved,Yes,3.0,9
T2967,2027-09-16 16:00:00,Mechanical,Security,Server,Medium,Tech_D,112.0,201,Escalated,No,1.0,1
T2968,2027-09-17 00:00:00,ENTC,Software,Server,Medium,Tech_B,70.0,127,Resolved,Yes,5.0,3
T2969,2027-09-17 08:00:00,CSE,Software,Desktop,Medium,Tech_D,20.0,85,Resolved,No,1.0,2
T2970,2027-09-17 16:00:00,IT,Network,Router,Medium,Tech_C,11.0,98,Resolved,No,5.0,1
T2971,2027-09-18 00:00:00,Admin,Security,Desktop,High,Tech_C,87.0,219,Resolved,No,5.0,5
T2972,2027-09-18 08:00:00,CSE,Printer,Printer,Low,Tech_E,111.0,155,Resolved,No,5.0,1
T2973,2027-09-18 16:00:00,Mechanical,Network,Server,Medium,Tech_A,101.0,172,Resolved,No,2.0,3
T2974,2027-09-19 00:00:00,Admin,Network,Router,Medium,Tech_C,13.0,150,Resolved,No,3.0,6
T2975,2027-09-19 08:00:00,IT,Printer,Printer,Medium,Tech_E,105.0,208,Pending,No,2.0,6
T2976,2027-09-19 16:00:00,IT,Hardware,Desktop,High,Tech_E,21.0,171,Resolved,No,2.0,3
T2977,2027-09-20 00:00:00,ENTC,Software,Desktop,Medium,Tech_B,95.0,177,Escalated,No,2.0,4
T2978,2027-09-20 08:00:00,Admin,Hardware,Desktop,Medium,Tech_E,101.0,222,Escalated,No,4.0,7
T2979,2027-09-20 16:00:00,ENTC,Security,Laptop,Medium,Tech_A,117.0,231,Resolved,No,4.0,6
T2980,2027-09-21 00:00:00,CSE,Login,Server,High,Tech_B,16.0,124,Resolved,No,4.0,2
T2981,2027-09-21 08:00:00,Accounts,Login,Desktop,Medium,Tech_C,61.0,193,Resolved,No,2.0,9
T2982,2027-09-21 16:00:00,Accounts,Login,Laptop,High,Tech_C,49.0,190,Resolved,No,1.0,6
T2983,2027-09-22 00:00:00,Accounts,Printer,Printer,Low,Tech_E,15.0,53,Resolved,No,4.0,2
T2984,2027-09-22 08:00:00,Admin,Network,Router,Medium,Tech_D,17.0,169,Resolved,No,4.0,7
T2985,2027-09-22 16:00:00,Accounts,Hardware,Laptop,High,Tech_A,35.0,224,Resolved,No,2.0,10
T2986,2027-09-23 00:00:00,CSE,Software,Laptop,High,Tech_A,81.0,263,Resolved,No,3.0,10
T2987,2027-09-23 08:00:00,ENTC,Login,Desktop,Low,Tech_E,106.0,166,Resolved,No,1.0,4
T2988,2027-09-23 16:00:00,Admin,Hardware,Desktop,Medium,Tech_A,30.0,124,Resolved,No,5.0,1
T2989,2027-09-24 00:00:00,ENTC,Login,Desktop,Medium,Tech_B,67.0,225,Resolved,No,5.0,10
T2990,2027-09-24 08:00:00,Admin,Login,Server,Medium,Tech_E,35.0,177,Pending,No,1.0,9
T2991,2027-09-24 16:00:00,ENTC,Software,Server,Medium,Tech_D,26.0,196,Pending,No,2.0,10
T2992,2027-09-25 00:00:00,IT,Security,Server,High,Tech_C,10.0,187,Resolved,No,3.0,8
T2993,2027-09-25 08:00:00,ENTC,Security,Server,High,Tech_A,24.0,214,Escalated,No,3.0,5
T2994,2027-09-25 16:00:00,Accounts,Security,Desktop,Medium,Tech_C,89.0,231,Resolved,Yes,5.0,3
T2995,2027-09-26 00:00:00,IT,Printer,Printer,Low,Tech_D,14.0,113,Pending,Yes,3.0,4
T2996,2027-09-26 08:00:00,ENTC,Network,Router,Medium,Tech_D,87.0,180,Resolved,No,5.0,3
T2997,2027-09-26 16:00:00,Admin,Printer,Printer,Low,Tech_B,39.0,148,Resolved,No,4.0,10
T2998,2027-09-27 00:00:00,Admin,Hardware,Desktop,Medium,Tech_D,30.0,219,Resolved,Yes,2.0,8
T2999,2027-09-27 08:00:00,Admin,Printer,Printer,Low,Tech_D,75.0,158,Resolved,No,3.0,5
T3000,2027-09-27 16:00:00,Mechanical,Hardware,Desktop,Medium,Tech_A,41.0,170,Pending,No,2.0,8
T3001,2027-09-28 00:00:00,CSE,Hardware,Desktop,Medium,Tech_C,12.0,122,Resolved,No,4.0,1
T3002,2027-09-28 08:00:00,Admin,Network,Server,Medium,Tech_A,9.0,191,Resolved,Yes,1.0,9
T3003,2027-09-28 16:00:00,IT,Software,Laptop,Medium,Tech_A,48.0,188,Resolved,No,1.0,10
T3004,2027-09-29 00:00:00,Admin,Network,Laptop,Medium,Tech_E,104.0,170,Resolved,No,1.0,3
T3005,2027-09-29 08:00:00,Mechanical,Security,Server,Medium,Tech_E,119.0,208,Resolved,No,5.0,1
T3006,2027-09-29 16:00:00,Accounts,Security,Server,High,Tech_B,96.0,258,Escalated,No,5.0,3
T3007,2027-09-30 00:00:00,IT,Printer,Printer,High,Tech_B,118.0,197,Resolved,No,1.0,2
T3008,2027-09-30 08:00:00,Mechanical,Hardware,Laptop,Low,Tech_D,71.0,189,Resolved,No,4.0,7
T3009,2027-09-30 16:00:00,Accounts,Login,Laptop,Medium,Tech_B,107.0,235,Escalated,No,5.0,10
T3010,2027-10-01 00:00:00,IT,Login,Desktop,Medium,Tech_B,76.0,138,Resolved,No,1.0,4
T3011,2027-10-01 08:00:00,ENTC,Hardware,Laptop,Medium,Tech_D,83.0,238,Resolved,Yes,2.0,7
T3012,2027-10-01 16:00:00,CSE,Network,Laptop,Medium,Tech_C,95.0,170,Resolved,No,1.0,3
T3013,2027-10-02 00:00:00,CSE,Software,Laptop,Medium,Tech_D,53.0,152,Resolved,No,1.0,6
T3014,2027-10-02 08:00:00,Mechanical,Network,Router,Medium,Tech_D,119.0,227,Resolved,No,2.0,7
T3015,2027-10-02 16:00:00,Accounts,Hardware,Desktop,High,Tech_C,40.0,214,Resolved,No,5.0,7
T3016,2027-10-03 00:00:00,CSE,Hardware,Desktop,Medium,Tech_D,84.0,210,Resolved,No,2.0,5
T3017,2027-10-03 08:00:00,Accounts,Software,Server,Medium,Tech_E,30.0,147,Pending,No,5.0,6
T3018,2027-10-03 16:00:00,Accounts,Printer,Printer,Medium,Tech_B,49.0,107,Resolved,No,4.0,3
T3019,2027-10-04 00:00:00,Mechanical,Printer,Printer,Low,Tech_D,65.0,134,Pending,No,5.0,4
T3020,2027-10-04 08:00:00,Mechanical,Software,Desktop,Medium,Tech_A,48.0,165,Resolved,No,3.0,6
T3021,2027-10-04 16:00:00,Mechanical,Printer,Printer,Low,Tech_B,8.0,71,Resolved,No,5.0,3
T3022,2027-10-05 00:00:00,CSE,Login,Server,Medium,Tech_E,80.0,198,Resolved,No,3.0,7
T3023,2027-10-05 08:00:00,Mechanical,Printer,Printer,Low,Tech_E,85.0,125,Resolved,No,5.0,3
T3024,2027-10-05 16:00:00,CSE,Printer,Printer,Low,Tech_D,62.0,156,Resolved,No,2.0,9
T3025,2027-10-06 00:00:00,Mechanical,Printer,Printer,Low,Tech_C,109.0,157,Resolved,No,5.0,4
T3026,2027-10-06 08:00:00,Admin,Login,Server,Low,Tech_A,112.0,149,Pending,No,1.0,2
T3027,2027-10-06 16:00:00,Accounts,Printer,Printer,High,Tech_D,30.0,176,Resolved,No,5.0,6
T3028,2027-10-07 00:00:00,Mechanical,Security,Laptop,Low,Tech_C,99.0,245,Resolved,No,2.0,9
T3029,2027-10-07 08:00:00,IT,Login,Server,Low,Tech_E,83.0,193,Resolved,No,2.0,10
T3030,2027-10-07 16:00:00,Accounts,Software,Laptop,High,Tech_B,120.0,273,Pending,No,5.0,10
T3031,2027-10-08 00:00:00,Accounts,Network,Router,Medium,Tech_E,102.0,167,Resolved,No,5.0,2
T3032,2027-10-08 08:00:00,Mechanical,Software,Desktop,Medium,Tech_D,33.0,172,Resolved,Yes,5.0,4
T3033,2027-10-08 16:00:00,ENTC,Network,Router,Low,Tech_C,13.0,135,Pending,Yes,4.0,5
T3034,2027-10-09 00:00:00,Mechanical,Software,Server,Medium,Tech_D,82.0,199,Pending,No,3.0,9
T3035,2027-10-09 08:00:00,Accounts,Security,Server,Medium,Tech_E,40.0,183,Resolved,No,5.0,7
T3036,2027-10-09 16:00:00,IT,Network,Router,Medium,Tech_A,8.0,115,Resolved,No,5.0,5
T3037,2027-10-10 00:00:00,Accounts,Network,Router,High,Tech_E,63.0,226,Resolved,No,3.0,6
T3038,2027-10-10 08:00:00,IT,Hardware,Desktop,Medium,Tech_D,106.0,254,Escalated,No,1.0,9
T3039,2027-10-10 16:00:00,CSE,Network,Server,Medium,Tech_C,41.0,169,Resolved,No,4.0,4
T3040,2027-10-11 00:00:00,Admin,Network,Server,Medium,Tech_D,92.0,174,Resolved,No,4.0,2
T3041,2027-10-11 08:00:00,Accounts,Hardware,Laptop,Medium,Tech_B,85.0,206,Resolved,No,1.0,5
T3042,2027-10-11 16:00:00,Mechanical,Printer,Printer,Low,Tech_B,17.0,135,Resolved,No,3.0,7
T3043,2027-10-12 00:00:00,CSE,Printer,Printer,Low,Tech_C,24.0,77,Resolved,No,3.0,4
T3044,2027-10-12 08:00:00,Admin,Hardware,Laptop,Medium,Tech_E,21.0,97,Resolved,No,2.0,1
T3045,2027-10-12 16:00:00,Mechanical,Login,Desktop,Medium,Tech_D,55.0,185,Resolved,No,3.0,8
T3046,2027-10-13 00:00:00,ENTC,Network,Server,High,Tech_B,95.0,228,Escalated,No,4.0,5
T3047,2027-10-13 08:00:00,Mechanical,Network,Router,High,Tech_A,59.0,253,Pending,No,2.0,10
T3048,2027-10-13 16:00:00,IT,Hardware,Laptop,Medium,Tech_B,37.0,150,Escalated,No,5.0,2
T3049,2027-10-14 00:00:00,IT,Hardware,Laptop,Medium,Tech_E,25.0,145,Pending,No,5.0,3
T3050,2027-10-14 08:00:00,ENTC,Login,Server,Medium,Tech_C,85.0,237,Resolved,No,5.0,10
T3051,2027-10-14 16:00:00,CSE,Security,Server,High,Tech_A,26.0,264,Resolved,Yes,2.0,10
T3052,2027-10-15 00:00:00,Admin,Printer,Printer,Low,Tech_D,29.0,113,Resolved,No,4.0,5
T3053,2027-10-15 08:00:00,Mechanical,Software,Server,Medium,Tech_D,71.0,150,Resolved,No,3.0,4
T3054,2027-10-15 16:00:00,IT,Security,Server,High,Tech_C,95.0,312,Resolved,No,2.0,9
T3055,2027-10-16 00:00:00,CSE,Printer,Printer,Low,Tech_A,95.0,193,Resolved,No,4.0,9
T3056,2027-10-16 08:00:00,ENTC,Network,Router,High,Tech_A,114.0,279,Escalated,No,3.0,8
T3057,2027-10-16 16:00:00,Accounts,Security,Server,High,Tech_A,16.0,163,Resolved,No,1.0,2
T3058,2027-10-17 00:00:00,IT,Hardware,Laptop,Medium,Tech_C,19.0,143,Resolved,No,4.0,5
T3059,2027-10-17 08:00:00,ENTC,Login,Laptop,Medium,Tech_C,106.0,221,Resolved,No,1.0,8
T3060,2027-10-17 16:00:00,Mechanical,Printer,Printer,Medium,Tech_D,88.0,219,Pending,No,5.0,8
T3061,2027-10-18 00:00:00,Admin,Login,Laptop,Medium,Tech_B,90.0,214,Escalated,No,5.0,7
T3062,2027-10-18 08:00:00,IT,Printer,Printer,Low,Tech_E,6.0,80,Resolved,No,4.0,4
T3063,2027-10-18 16:00:00,IT,Security,Server,High,Tech_D,8.0,168,Resolved,No,1.0,3
T3064,2027-10-19 00:00:00,Mechanical,Network,Laptop,High,Tech_A,49.0,231,Resolved,No,2.0,8
T3065,2027-10-19 08:00:00,Accounts,Software,Laptop,Medium,Tech_B,17.0,170,Escalated,No,3.0,8
T3066,2027-10-19 16:00:00,CSE,Login,Server,Medium,Tech_E,59.0,202,Resolved,No,5.0,10
T3067,2027-10-20 00:00:00,Admin,Login,Laptop,High,Tech_A,36.0,167,Resolved,No,5.0,5
T3068,2027-10-20 08:00:00,IT,Software,Laptop,High,Tech_C,26.0,160,Resolved,No,5.0,3
T3069,2027-10-20 16:00:00,Admin,Login,Laptop,Medium,Tech_B,93.0,177,Resolved,No,5.0,5
T3070,2027-10-21 00:00:00,IT,Login,Server,Low,Tech_C,95.0,143,Resolved,No,4.0,4
T3071,2027-10-21 08:00:00,Admin,Printer,Printer,Low,Tech_E,59.0,151,Pending,No,4.0,8
T3072,2027-10-21 16:00:00,ENTC,Printer,Printer,Low,Tech_E,21.0,77,Escalated,No,1.0,2
T3073,2027-10-22 00:00:00,IT,Software,Server,Medium,Tech_A,74.0,195,Pending,No,2.0,8
T3074,2027-10-22 08:00:00,Admin,Network,Router,Medium,Tech_C,111.0,253,Resolved,No,1.0,10
T3075,2027-10-22 16:00:00,CSE,Security,Laptop,Medium,Tech_D,55.0,202,Resolved,No,2.0,6
T3076,2027-10-23 00:00:00,ENTC,Security,Laptop,High,Tech_D,84.0,234,Pending,No,4.0,4
T3077,2027-10-23 08:00:00,ENTC,Login,Server,Medium,Tech_C,12.0,145,Resolved,Yes,5.0,3
T3078,2027-10-23 16:00:00,CSE,Network,Router,Medium,Tech_E,65.0,241,Escalated,No,1.0,10
T3079,2027-10-24 00:00:00,Admin,Software,Laptop,Medium,Tech_B,101.0,212,Resolved,Yes,2.0,5
T3080,2027-10-24 08:00:00,Mechanical,Software,Laptop,Medium,Tech_C,14.0,125,Escalated,No,3.0,6
T3081,2027-10-24 16:00:00,CSE,Printer,Printer,Low,Tech_A,102.0,140,Pending,Yes,2.0,1
T3082,2027-10-25 00:00:00,Admin,Login,Server,Medium,Tech_D,23.0,97,Resolved,No,1.0,1
T3083,2027-10-25 08:00:00,CSE,Hardware,Desktop,Low,Tech_A,18.0,167,Resolved,No,4.0,10
T3084,2027-10-25 16:00:00,CSE,Software,Server,Medium,Tech_B,71.0,135,Resolved,No,5.0,3
T3085,2027-10-26 00:00:00,IT,Login,Laptop,Medium,Tech_D,59.0,125,Resolved,No,3.0,2
T3086,2027-10-26 08:00:00,Admin,Network,Server,Medium,Tech_D,65.0,143,Resolved,No,1.0,1
T3087,2027-10-26 16:00:00,Mechanical,Printer,Printer,Low,Tech_D,60.0,164,Resolved,No,4.0,8
T3088,2027-10-27 00:00:00,IT,Security,Desktop,High,Tech_A,67.0,220,Resolved,No,2.0,1
T3089,2027-10-27 08:00:00,CSE,Network,Router,High,Tech_E,109.0,281,Resolved,No,4.0,10
T3090,2027-10-27 16:00:00,Accounts,Software,Server,Low,Tech_A,91.0,178,Escalated,No,4.0,8
T3091,2027-10-28 00:00:00,CSE,Software,Desktop,Medium,Tech_E,108.0,193,Resolved,No,5.0,5
T3092,2027-10-28 08:00:00,CSE,Network,Laptop,Medium,Tech_C,15.0,141,Pending,Yes,1.0,4
T3093,2027-10-28 16:00:00,Admin,Software,Desktop,Low,Tech_D,51.0,147,Resolved,No,4.0,8
T3094,2027-10-29 00:00:00,Admin,Login,Server,Low,Tech_A,10.0,111,Pending,No,2.0,8
T3095,2027-10-29 08:00:00,IT,Software,Laptop,Medium,Tech_B,38.0,174,Resolved,No,2.0,8
T3096,2027-10-29 16:00:00,Mechanical,Printer,Printer,Low,Tech_B,69.0,129,Resolved,Yes,5.0,3
T3097,2027-10-30 00:00:00,IT,Login,Desktop,Low,Tech_E,103.0,199,Resolved,No,4.0,8
T3098,2027-10-30 08:00:00,ENTC,Hardware,Laptop,Medium,Tech_E,93.0,183,Escalated,No,2.0,1
T3099,2027-10-30 16:00:00,CSE,Software,Laptop,Low,Tech_D,68.0,118,Resolved,No,2.0,4
T3100,2027-10-31 00:00:00,Accounts,Software,Laptop,Medium,Tech_E,97.0,172,Resolved,No,5.0,5
T3101,2027-10-31 08:00:00,CSE,Printer,Printer,Low,Tech_B,91.0,151,Pending,No,4.0,6
T3102,2027-10-31 16:00:00,CSE,Printer,Printer,Low,Tech_A,86.0,140,Resolved,No,5.0,5
T3103,2027-11-01 00:00:00,IT,Security,Server,High,Tech_A,82.0,262,Resolved,No,4.0,5
T3104,2027-11-01 08:00:00,Accounts,Network,Server,Medium,Tech_E,85.0,188,Resolved,No,2.0,5
T3105,2027-11-01 16:00:00,Accounts,Network,Server,Medium,Tech_E,70.0,219,Resolved,No,1.0,9
T3106,2027-11-02 00:00:00,Accounts,Network,Laptop,Low,Tech_B,35.0,176,Resolved,No,2.0,10
T3107,2027-11-02 08:00:00,IT,Printer,Printer,Low,Tech_C,87.0,180,Resolved,No,1.0,10
T3108,2027-11-02 16:00:00,CSE,Network,Router,Medium,Tech_A,100.0,179,Resolved,No,4.0,3
T3109,2027-11-03 00:00:00,IT,Network,Router,Low,Tech_E,66.0,122,Resolved,No,4.0,2
T3110,2027-11-03 08:00:00,Admin,Hardware,Laptop,Medium,Tech_D,58.0,228,Resolved,No,3.0,10
T3111,2027-11-03 16:00:00,Admin,Network,Server,High,Tech_E,96.0,188,Pending,No,4.0,2
T3112,2027-11-04 00:00:00,IT,Software,Server,Medium,Tech_E,109.0,217,Escalated,No,4.0,8
T3113,2027-11-04 08:00:00,Accounts,Security,Laptop,Low,Tech_A,12.0,134,Resolved,No,3.0,5
T3114,2027-11-04 16:00:00,CSE,Printer,Printer,Medium,Tech_E,46.0,134,Pending,No,1.0,5
T3115,2027-11-05 00:00:00,IT,Login,Laptop,Low,Tech_D,45.0,136,Escalated,Yes,4.0,6
T3116,2027-11-05 08:00:00,IT,Security,Server,High,Tech_D,63.0,260,Resolved,No,5.0,9
T3117,2027-11-05 16:00:00,IT,Hardware,Laptop,Medium,Tech_D,44.0,169,Escalated,No,4.0,7
T3118,2027-11-06 00:00:00,ENTC,Printer,Printer,Low,Tech_B,107.0,177,Resolved,No,4.0,5
T3119,2027-11-06 08:00:00,Admin,Printer,Printer,Low,Tech_D,26.0,96,Pending,No,2.0,5
T3120,2027-11-06 16:00:00,Accounts,Software,Laptop,High,Tech_A,28.0,215,Resolved,No,4.0,10
T3121,2027-11-07 00:00:00,Mechanical,Security,Laptop,High,Tech_C,42.0,241,Resolved,No,4.0,9
T3122,2027-11-07 08:00:00,Accounts,Security,Laptop,High,Tech_E,6.0,228,Resolved,No,5.0,9
T3123,2027-11-07 16:00:00,Mechanical,Network,Router,Medium,Tech_E,45.0,140,Resolved,No,3.0,2
T3124,2027-11-08 00:00:00,ENTC,Software,Laptop,Medium,Tech_E,109.0,204,Resolved,No,3.0,7
T3125,2027-11-08 08:00:00,IT,Network,Router,Medium,Tech_D,23.0,177,Resolved,No,3.0,10
T3126,2027-11-08 16:00:00,ENTC,Network,Router,High,Tech_D,109.0,200,Resolved,No,2.0,1
T3127,2027-11-09 00:00:00,ENTC,Printer,Printer,Low,Tech_D,6.0,59,Resolved,No,4.0,4
T3128,2027-11-09 08:00:00,CSE,Security,Server,High,Tech_C,96.0,235,Resolved,No,1.0,2
T3129,2027-11-09 16:00:00,Admin,Network,Router,High,Tech_C,100.0,289,Resolved,No,1.0,10
T3130,2027-11-10 00:00:00,Mechanical,Hardware,Laptop,High,Tech_C,66.0,238,Resolved,No,5.0,9
T3131,2027-11-10 08:00:00,IT,Hardware,Laptop,Low,Tech_C,87.0,195,Resolved,No,2.0,6
T3132,2027-11-10 16:00:00,Mechanical,Security,Laptop,Medium,Tech_C,20.0,167,Pending,No,2.0,4
T3133,2027-11-11 00:00:00,Accounts,Hardware,Laptop,High,Tech_E,98.0,191,Pending,No,4.0,3
T3134,2027-11-11 08:00:00,Mechanical,Printer,Printer,Low,Tech_E,26.0,77,Resolved,No,1.0,4
T3135,2027-11-11 16:00:00,Accounts,Software,Server,Medium,Tech_C,18.0,94,Escalated,No,2.0,2
T3136,2027-11-12 00:00:00,Admin,Login,Desktop,Low,Tech_E,120.0,182,Pending,No,5.0,5
T3137,2027-11-12 08:00:00,Accounts,Network,Server,High,Tech_C,60.0,246,Resolved,No,1.0,9
T3138,2027-11-12 16:00:00,Mechanical,Login,Laptop,Medium,Tech_C,69.0,160,Resolved,No,2.0,6
T3139,2027-11-13 00:00:00,Mechanical,Software,Desktop,Low,Tech_C,49.0,119,Resolved,No,4.0,2
T3140,2027-11-13 08:00:00,Accounts,Software,Laptop,Medium,Tech_E,58.0,159,Resolved,No,4.0,6
T3141,2027-11-13 16:00:00,ENTC,Printer,Printer,Medium,Tech_B,70.0,183,Pending,No,4.0,9
T3142,2027-11-14 00:00:00,Admin,Hardware,Laptop,Medium,Tech_B,90.0,180,Resolved,No,4.0,4
T3143,2027-11-14 08:00:00,CSE,Hardware,Desktop,Medium,Tech_B,50.0,134,Pending,No,1.0,1
T3144,2027-11-14 16:00:00,IT,Software,Desktop,Medium,Tech_A,37.0,152,Resolved,Yes,1.0,2
T3145,2027-11-15 00:00:00,Mechanical,Printer,Printer,Medium,Tech_B,83.0,181,Resolved,Yes,2.0,5
T3146,2027-11-15 08:00:00,IT,Printer,Printer,Medium,Tech_B,54.0,193,Resolved,No,5.0,10
T3147,2027-11-15 16:00:00,CSE,Security,Laptop,High,Tech_B,109.0,287,Resolved,No,3.0,7
T3148,2027-11-16 00:00:00,IT,Network,Router,High,Tech_D,26.0,206,Resolved,No,3.0,8
T3149,2027-11-16 08:00:00,CSE,Hardware,Laptop,Medium,Tech_C,44.0,154,Pending,No,4.0,3
T3150,2027-11-16 16:00:00,Accounts,Software,Desktop,Medium,Tech_E,43.0,194,Pending,No,2.0,9
T3151,2027-11-17 00:00:00,ENTC,Security,Desktop,High,Tech_D,109.0,243,Resolved,No,3.0,2
T3152,2027-11-17 08:00:00,Mechanical,Login,Laptop,Medium,Tech_C,45.0,147,Resolved,No,3.0,4
T3153,2027-11-17 16:00:00,CSE,Hardware,Laptop,Medium,Tech_B,79.0,172,Resolved,No,3.0,4
T3154,2027-11-18 00:00:00,IT,Network,Server,Low,Tech_B,72.0,158,Pending,No,3.0,6
T3155,2027-11-18 08:00:00,Mechanical,Printer,Printer,Low,Tech_D,11.0,120,Resolved,No,3.0,10
T3156,2027-11-18 16:00:00,ENTC,Software,Desktop,Medium,Tech_E,89.0,197,Resolved,No,2.0,6
T3157,2027-11-19 00:00:00,Accounts,Hardware,Laptop,Low,Tech_D,75.0,188,Resolved,Yes,3.0,3
T3158,2027-11-19 08:00:00,Mechanical,Login,Server,High,Tech_D,8.0,208,Resolved,Yes,3.0,9
T3159,2027-11-19 16:00:00,CSE,Network,Router,Medium,Tech_C,80.0,188,Resolved,No,2.0,5
T3160,2027-11-20 00:00:00,ENTC,Network,Server,Medium,Tech_A,95.0,151,Escalated,No,1.0,2
T3161,2027-11-20 08:00:00,IT,Security,Laptop,High,Tech_E,63.0,267,Pending,Yes,1.0,6
T3162,2027-11-20 16:00:00,ENTC,Hardware,Desktop,Medium,Tech_E,85.0,161,Pending,No,1.0,3
T3163,2027-11-21 00:00:00,ENTC,Login,Laptop,Low,Tech_D,88.0,179,Resolved,No,3.0,8
T3164,2027-11-21 08:00:00,Admin,Network,Laptop,Medium,Tech_D,99.0,158,Resolved,No,2.0,3
T3165,2027-11-21 16:00:00,ENTC,Software,Server,Low,Tech_B,30.0,133,Escalated,No,1.0,5
T3166,2027-11-22 00:00:00,ENTC,Network,Laptop,Medium,Tech_D,35.0,142,Resolved,No,4.0,4
T3167,2027-11-22 08:00:00,Mechanical,Login,Laptop,Low,Tech_C,103.0,152,Resolved,No,4.0,4
T3168,2027-11-22 16:00:00,IT,Printer,Printer,Low,Tech_B,77.0,134,Resolved,No,2.0,2
T3169,2027-11-23 00:00:00,Mechanical,Printer,Printer,Low,Tech_A,73.0,188,Resolved,Yes,3.0,8
T3170,2027-11-23 08:00:00,Mechanical,Security,Server,High,Tech_C,56.0,190,Resolved,No,1.0,3
T3171,2027-11-23 16:00:00,CSE,Hardware,Laptop,High,Tech_E,116.0,243,Pending,No,3.0,4
T3172,2027-11-24 00:00:00,Mechanical,Login,Desktop,Medium,Tech_E,76.0,199,Escalated,No,1.0,6
T3173,2027-11-24 08:00:00,Admin,Security,Desktop,High,Tech_C,25.0,229,Resolved,No,5.0,9
T3174,2027-11-24 16:00:00,Admin,Network,Server,Medium,Tech_D,20.0,126,Resolved,No,5.0,4
T3175,2027-11-25 00:00:00,CSE,Network,Server,Medium,Tech_D,55.0,167,Resolved,No,3.0,3
T3176,2027-11-25 08:00:00,Accounts,Printer,Printer,Low,Tech_D,20.0,86,Resolved,No,4.0,5
T3177,2027-11-25 16:00:00,IT,Security,Laptop,High,Tech_E,22.0,261,Escalated,Yes,3.0,9
T3178,2027-11-26 00:00:00,IT,Printer,Printer,Low,Tech_C,51.0,98,Resolved,No,1.0,1
T3179,2027-11-26 08:00:00,Mechanical,Software,Laptop,Medium,Tech_D,60.0,153,Resolved,No,3.0,5
T3180,2027-11-26 16:00:00,Mechanical,Printer,Printer,Low,Tech_B,32.0,85,Resolved,No,3.0,4
T3181,2027-11-27 00:00:00,Accounts,Software,Server,Medium,Tech_E,86.0,157,Pending,No,1.0,5
T3182,2027-11-27 08:00:00,Mechanical,Network,Router,High,Tech_C,82.0,226,Resolved,No,4.0,7
T3183,2027-11-27 16:00:00,IT,Security,Laptop,Medium,Tech_C,60.0,202,Resolved,No,5.0,7
T3184,2027-11-28 00:00:00,ENTC,Software,Laptop,Low,Tech_C,116.0,216,Resolved,Yes,1.0,7
T3185,2027-11-28 08:00:00,Admin,Security,Desktop,High,Tech_C,41.0,184,Resolved,No,3.0,1
T3186,2027-11-28 16:00:00,ENTC,Security,Server,High,Tech_A,108.0,326,Resolved,Yes,2.0,9
T3187,2027-11-29 00:00:00,ENTC,Software,Desktop,Medium,Tech_B,20.0,133,Pending,No,3.0,7
T3188,2027-11-29 08:00:00,IT,Hardware,Desktop,Medium,Tech_A,89.0,209,Resolved,No,3.0,4
T3189,2027-11-29 16:00:00,ENTC,Printer,Printer,Low,Tech_D,69.0,110,Resolved,No,2.0,4
T3190,2027-11-30 00:00:00,Accounts,Software,Server,Medium,Tech_A,64.0,158,Resolved,No,3.0,2
T3191,2027-11-30 08:00:00,CSE,Network,Laptop,Medium,Tech_A,65.0,185,Resolved,No,2.0,6
T3192,2027-11-30 16:00:00,Mechanical,Security,Desktop,High,Tech_E,15.0,254,Pending,No,3.0,10
T3193,2027-12-01 00:00:00,CSE,Login,Laptop,Low,Tech_C,79.0,133,Resolved,No,4.0,3
T3194,2027-12-01 08:00:00,Admin,Software,Laptop,Medium,Tech_A,70.0,150,Resolved,No,5.0,1
T3195,2027-12-01 16:00:00,Mechanical,Printer,Printer,Low,Tech_C,36.0,106,Pending,No,4.0,5
T3196,2027-12-02 00:00:00,ENTC,Security,Server,Low,Tech_B,23.0,173,Resolved,Yes,1.0,6
T3197,2027-12-02 08:00:00,Admin,Hardware,Laptop,Medium,Tech_A,60.0,184,Resolved,No,1.0,5
T3198,2027-12-02 16:00:00,Mechanical,Network,Router,Medium,Tech_E,9.0,128,Pending,No,3.0,5
T3199,2027-12-03 00:00:00,Accounts,Hardware,Desktop,Medium,Tech_E,7.0,191,Pending,No,,10
T3200,2027-12-03 08:00:00,Accounts,Login,Desktop,High,Tech_D,32.0,240,Resolved,Yes,1.0,8
T3201,2027-12-03 16:00:00,Accounts,Software,Server,Medium,Tech_A,94.0,210,Resolved,No,3.0,10
T3202,2027-12-04 00:00:00,Accounts,Security,Laptop,High,Tech_B,,216,Resolved,No,3.0,1
T3203,2027-12-04 08:00:00,ENTC,Software,Desktop,High,Tech_C,98.0,277,Pending,No,5.0,8
T3204,2027-12-04 16:00:00,CSE,Printer,Printer,Medium,Tech_A,76.0,175,Escalated,No,2.0,7
T3205,2027-12-05 00:00:00,Mechanical,Software,Server,Low,Tech_D,104.0,144,Resolved,No,3.0,1
T3206,2027-12-05 08:00:00,ENTC,Network,Router,High,Tech_E,33.0,231,Resolved,No,5.0,9
T3207,2027-12-05 16:00:00,Accounts,Login,Desktop,Medium,Tech_A,81.0,144,Pending,No,4.0,4
T3208,2027-12-06 00:00:00,CSE,Hardware,Laptop,Medium,Tech_D,63.0,204,Resolved,No,1.0,7
T3209,2027-12-06 08:00:00,Admin,Login,Server,Medium,Tech_B,29.0,116,Resolved,No,2.0,3
T3210,2027-12-06 16:00:00,Admin,Security,Laptop,High,Tech_C,26.0,270,Resolved,No,4.0,8
T3211,2027-12-07 00:00:00,Admin,Software,Laptop,High,Tech_B,114.0,195,Resolved,No,3.0,4
T3212,2027-12-07 08:00:00,Accounts,Security,Server,High,Tech_B,101.0,214,Escalated,No,4.0,2
T3213,2027-12-07 16:00:00,Admin,Hardware,Laptop,High,Tech_C,105.0,219,Escalated,No,5.0,2
T3214,2027-12-08 00:00:00,IT,Security,Desktop,High,Tech_A,75.0,264,Resolved,No,3.0,8
T3215,2027-12-08 08:00:00,Mechanical,Printer,Printer,Low,Tech_C,27.0,117,Escalated,No,3.0,8
T3216,2027-12-08 16:00:00,Mechanical,Login,Server,Medium,Tech_D,74.0,145,Resolved,Yes,2.0,1
T3217,2027-12-09 00:00:00,Accounts,Hardware,Desktop,Medium,Tech_B,83.0,239,Pending,Yes,5.0,6
T3218,2027-12-09 08:00:00,IT,Hardware,Laptop,Low,Tech_C,83.0,198,Resolved,No,1.0,9
T3219,2027-12-09 16:00:00,ENTC,Hardware,Desktop,Medium,Tech_E,44.0,198,Pending,No,4.0,9
T3220,2027-12-10 00:00:00,ENTC,Network,Router,High,Tech_C,102.0,221,Resolved,No,2.0,2
T3221,2027-12-10 08:00:00,Admin,Login,Desktop,High,Tech_C,18.0,221,Resolved,Yes,2.0,8
T3222,2027-12-10 16:00:00,CSE,Security,Server,High,Tech_D,33.0,231,Escalated,No,3.0,8
T3223,2027-12-11 00:00:00,ENTC,Hardware,Laptop,Medium,Tech_B,20.0,148,Resolved,Yes,4.0,4
T3224,2027-12-11 08:00:00,CSE,Login,Server,Medium,Tech_D,97.0,184,Escalated,No,2.0,4
T3225,2027-12-11 16:00:00,Mechanical,Hardware,Desktop,Medium,Tech_D,91.0,192,Resolved,No,3.0,5
T3226,2027-12-12 00:00:00,CSE,Printer,Printer,Low,Tech_E,14.0,176,Resolved,Yes,3.0,10
T3227,2027-12-12 08:00:00,Mechanical,Printer,Printer,Low,Tech_D,51.0,141,Pending,No,5.0,7
T3228,2027-12-12 16:00:00,IT,Printer,Printer,Medium,Tech_D,8.0,98,Resolved,Yes,3.0,1
T3229,2027-12-13 00:00:00,IT,Software,Desktop,Medium,Tech_E,16.0,168,Resolved,No,1.0,9
T3230,2027-12-13 08:00:00,Accounts,Hardware,Laptop,Medium,Tech_A,46.0,128,Resolved,No,5.0,3
T3231,2027-12-13 16:00:00,Accounts,Software,Desktop,Medium,Tech_D,102.0,200,Resolved,No,5.0,4
T3232,2027-12-14 00:00:00,Admin,Login,Laptop,Low,Tech_C,8.0,106,Resolved,No,1.0,7
T3233,2027-12-14 08:00:00,ENTC,Software,Laptop,Medium,Tech_D,88.0,183,Resolved,No,1.0,5
T3234,2027-12-14 16:00:00,Admin,Login,Laptop,Medium,Tech_B,96.0,200,Resolved,Yes,2.0,5
T3235,2027-12-15 00:00:00,Mechanical,Login,Laptop,High,Tech_C,96.0,179,Resolved,No,2.0,1
T3236,2027-12-15 08:00:00,Admin,Login,Laptop,Medium,Tech_C,10.0,110,Escalated,No,1.0,2
T3237,2027-12-15 16:00:00,CSE,Security,Laptop,High,Tech_A,18.0,195,Resolved,No,2.0,5
T3238,2027-12-16 00:00:00,Mechanical,Software,Server,Medium,Tech_B,39.0,112,Resolved,No,1.0,2
T3239,2027-12-16 08:00:00,Accounts,Security,Server,High,Tech_B,51.0,220,Resolved,Yes,1.0,1
T3240,2027-12-16 16:00:00,IT,Hardware,Laptop,Medium,Tech_B,62.0,230,Resolved,No,3.0,10
T3241,2027-12-17 00:00:00,Accounts,Software,Laptop,Medium,Tech_D,69.0,167,Resolved,No,2.0,3
T3242,2027-12-17 08:00:00,ENTC,Hardware,Desktop,Medium,Tech_D,23.0,117,Resolved,Yes,5.0,1
T3243,2027-12-17 16:00:00,Mechanical,Hardware,Laptop,Medium,Tech_C,61.0,220,Pending,No,5.0,10
T3244,2027-12-18 00:00:00,Mechanical,Login,Desktop,Medium,Tech_A,69.0,197,Pending,Yes,2.0,8
T3245,2027-12-18 08:00:00,CSE,Software,Laptop,Low,Tech_D,17.0,145,Resolved,No,2.0,8
T3246,2027-12-18 16:00:00,ENTC,Hardware,Laptop,High,Tech_D,12.0,190,Resolved,No,2.0,8
T3247,2027-12-19 00:00:00,IT,Printer,Printer,Low,Tech_A,22.0,118,Resolved,No,2.0,7
T3248,2027-12-19 08:00:00,Mechanical,Hardware,Desktop,Low,Tech_B,39.0,142,Resolved,No,3.0,7
T3249,2027-12-19 16:00:00,Mechanical,Printer,Printer,Low,Tech_C,91.0,115,Pending,No,1.0,2
T3250,2027-12-20 00:00:00,CSE,Software,Laptop,High,Tech_D,118.0,288,Resolved,Yes,2.0,9
T3251,2027-12-20 08:00:00,Admin,Security,Laptop,High,Tech_A,120.0,293,Resolved,No,2.0,7
T3252,2027-12-20 16:00:00,IT,Software,Server,Medium,Tech_A,30.0,162,Resolved,No,1.0,5
T3253,2027-12-21 00:00:00,Accounts,Security,Server,Medium,Tech_B,109.0,231,Resolved,Yes,1.0,4
T3254,2027-12-21 08:00:00,ENTC,Security,Desktop,High,Tech_E,42.0,230,Resolved,No,1.0,8
T3255,2027-12-21 16:00:00,Mechanical,Software,Laptop,Medium,Tech_E,88.0,188,Resolved,No,4.0,5
T3256,2027-12-22 00:00:00,Mechanical,Hardware,Laptop,Medium,Tech_E,70.0,195,Pending,No,5.0,6
T3257,2027-12-22 08:00:00,Accounts,Network,Laptop,High,Tech_E,30.0,158,Resolved,No,2.0,4
T3258,2027-12-22 16:00:00,IT,Hardware,Desktop,Low,Tech_D,61.0,123,Pending,No,3.0,2
T3259,2027-12-23 00:00:00,Admin,Hardware,Laptop,Medium,Tech_A,104.0,213,Resolved,No,3.0,7
T3260,2027-12-23 08:00:00,Mechanical,Login,Desktop,Low,Tech_C,29.0,74,Resolved,No,1.0,2
T3261,2027-12-23 16:00:00,IT,Login,Desktop,Medium,Tech_D,34.0,167,Resolved,Yes,3.0,7
T3262,2027-12-24 00:00:00,Accounts,Hardware,Laptop,Medium,Tech_E,86.0,221,Resolved,No,5.0,7
T3263,2027-12-24 08:00:00,CSE,Printer,Printer,Medium,Tech_C,11.0,85,Resolved,No,2.0,1
T3264,2027-12-24 16:00:00,Admin,Security,Server,High,Tech_C,31.0,221,Pending,No,3.0,10
T3265,2027-12-25 00:00:00,ENTC,Login,Laptop,Medium,Tech_E,15.0,168,Resolved,No,5.0,10
T3266,2027-12-25 08:00:00,Mechanical,Hardware,Laptop,High,Tech_C,105.0,203,Escalated,No,5.0,3
T3267,2027-12-25 16:00:00,IT,Network,Router,High,Tech_D,12.0,151,Resolved,No,4.0,3
T3268,2027-12-26 00:00:00,CSE,Printer,Printer,Low,Tech_B,15.0,119,Resolved,No,4.0,6
T3269,2027-12-26 08:00:00,ENTC,Software,Server,Medium,Tech_D,92.0,162,Resolved,No,3.0,3
T3270,2027-12-26 16:00:00,IT,Hardware,Desktop,Low,Tech_D,34.0,200,Resolved,Yes,5.0,9
T3271,2027-12-27 00:00:00,IT,Hardware,Laptop,Low,Tech_B,98.0,192,Resolved,No,1.0,5
T3272,2027-12-27 08:00:00,ENTC,Security,Laptop,High,Tech_E,120.0,293,Resolved,No,4.0,6
T3273,2027-12-27 16:00:00,CSE,Printer,Printer,Low,Tech_E,120.0,189,Resolved,No,5.0,6
T3274,2027-12-28 00:00:00,Accounts,Login,Desktop,Medium,Tech_B,19.0,156,Resolved,No,4.0,8
T3275,2027-12-28 08:00:00,CSE,Login,Laptop,Low,Tech_D,60.0,191,Resolved,Yes,2.0,10
T3276,2027-12-28 16:00:00,Admin,Login,Desktop,Medium,Tech_A,39.0,129,Resolved,No,5.0,3
T3277,2027-12-29 00:00:00,Mechanical,Software,Laptop,Medium,Tech_C,43.0,201,Pending,No,5.0,9
T3278,2027-12-29 08:00:00,ENTC,Printer,Printer,Low,Tech_C,28.0,125,Pending,No,2.0,7
T3279,2027-12-29 16:00:00,Accounts,Printer,Printer,Low,Tech_C,12.0,100,Resolved,No,4.0,6
T3280,2027-12-30 00:00:00,ENTC,Login,Desktop,Medium,Tech_A,47.0,114,Pending,Yes,2.0,1
T3281,2027-12-30 08:00:00,ENTC,Login,Desktop,Medium,Tech_D,46.0,123,Resolved,No,3.0,4
T3282,2027-12-30 16:00:00,CSE,Security,Desktop,High,Tech_E,88.0,242,Resolved,No,1.0,5
T3283,2027-12-31 00:00:00,Mechanical,Network,Server,High,Tech_B,45.0,154,Resolved,No,,2
T3284,2027-12-31 08:00:00,Admin,Network,Router,Medium,Tech_C,51.0,125,Resolved,No,5.0,1
T3285,2027-12-31 16:00:00,IT,Hardware,Laptop,Low,Tech_A,30.0,94,Resolved,No,3.0,2
T3286,2028-01-01 00:00:00,IT,Hardware,Desktop,Low,Tech_B,56.0,214,Resolved,Yes,4.0,8
T3287,2028-01-01 08:00:00,ENTC,Printer,Printer,Low,Tech_D,92.0,189,Resolved,No,1.0,10
T3288,2028-01-01 16:00:00,Mechanical,Printer,Printer,Medium,Tech_A,26.0,120,Resolved,No,5.0,6
T3289,2028-01-02 00:00:00,Accounts,Software,Server,Low,Tech_A,9.0,156,Resolved,Yes,2.0,10
T3290,2028-01-02 08:00:00,CSE,Software,Desktop,Medium,Tech_B,19.0,103,Pending,No,1.0,2
T3291,2028-01-02 16:00:00,Mechanical,Network,Laptop,Medium,Tech_B,40.0,213,Resolved,Yes,4.0,9
T3292,2028-01-03 00:00:00,Mechanical,Hardware,Laptop,High,Tech_C,105.0,276,Escalated,No,5.0,8
T3293,2028-01-03 08:00:00,CSE,Network,Router,Medium,Tech_D,67.0,163,Pending,No,4.0,4
T3294,2028-01-03 16:00:00,ENTC,Network,Server,Medium,Tech_B,97.0,263,Resolved,No,1.0,10
T3295,2028-01-04 00:00:00,Mechanical,Hardware,Laptop,Medium,Tech_C,83.0,226,Resolved,No,5.0,7
T3296,2028-01-04 08:00:00,IT,Software,Desktop,High,Tech_C,95.0,193,Resolved,No,1.0,3
T3297,2028-01-04 16:00:00,CSE,Security,Server,High,Tech_B,53.0,210,Resolved,No,4.0,6
T3298,2028-01-05 00:00:00,Accounts,Security,Laptop,High,Tech_A,59.0,207,Resolved,No,5.0,3
T3299,2028-01-05 08:00:00,Admin,Security,Laptop,High,Tech_A,76.0,273,Resolved,No,5.0,10
T3300,2028-01-05 16:00:00,ENTC,Hardware,Laptop,Medium,Tech_A,64.0,144,Resolved,No,5.0,3
T3301,2028-01-06 00:00:00,CSE,Login,Server,Medium,Tech_C,61.0,199,Resolved,No,4.0,9
T3302,2028-01-06 08:00:00,Admin,Login,Laptop,Medium,Tech_A,33.0,144,Resolved,No,3.0,6
T3303,2028-01-06 16:00:00,Admin,Login,Laptop,Medium,Tech_D,23.0,168,Resolved,No,4.0,8
T3304,2028-01-07 00:00:00,Accounts,Printer,Printer,Medium,Tech_A,99.0,169,Resolved,No,2.0,4
T3305,2028-01-07 08:00:00,Mechanical,Software,Desktop,Medium,Tech_A,77.0,161,Resolved,No,3.0,4
T3306,2028-01-07 16:00:00,Accounts,Software,Desktop,High,Tech_C,14.0,172,Resolved,No,4.0,8
T3307,2028-01-08 00:00:00,Mechanical,Printer,Printer,Low,Tech_E,105.0,169,Resolved,No,2.0,7
T3308,2028-01-08 08:00:00,Mechanical,Network,Router,Medium,Tech_D,14.0,114,Resolved,No,1.0,5
T3309,2028-01-08 16:00:00,CSE,Security,Server,High,Tech_C,101.0,246,Resolved,No,2.0,2
T3310,2028-01-09 00:00:00,CSE,Login,Desktop,Medium,Tech_D,93.0,173,Resolved,No,5.0,6
T3311,2028-01-09 08:00:00,ENTC,Security,Desktop,High,Tech_D,61.0,197,Resolved,No,3.0,1
T3312,2028-01-09 16:00:00,Mechanical,Login,Laptop,Medium,Tech_A,58.0,169,Pending,No,4.0,7
T3313,2028-01-10 00:00:00,Admin,Security,Server,High,Tech_D,60.0,271,Resolved,No,4.0,9
T3314,2028-01-10 08:00:00,IT,Network,Laptop,Medium,Tech_A,72.0,179,Resolved,No,5.0,5
T3315,2028-01-10 16:00:00,ENTC,Security,Laptop,High,Tech_D,73.0,249,Pending,Yes,3.0,5
T3316,2028-01-11 00:00:00,CSE,Security,Server,Medium,Tech_E,91.0,232,Pending,No,3.0,7
T3317,2028-01-11 08:00:00,Accounts,Hardware,Desktop,High,Tech_D,107.0,265,Pending,No,5.0,5
T3318,2028-01-11 16:00:00,ENTC,Security,Server,High,Tech_B,59.0,264,Resolved,No,3.0,10
T3319,2028-01-12 00:00:00,ENTC,Hardware,Laptop,Medium,Tech_A,73.0,195,Resolved,No,5.0,4
T3320,2028-01-12 08:00:00,ENTC,Software,Laptop,Low,Tech_E,120.0,152,Resolved,No,2.0,1
T3321,2028-01-12 16:00:00,ENTC,Printer,Printer,Low,Tech_A,76.0,148,Resolved,No,5.0,6
T3322,2028-01-13 00:00:00,IT,Security,Server,High,Tech_E,85.0,276,Escalated,No,4.0,9
T3323,2028-01-13 08:00:00,Accounts,Software,Server,Low,Tech_A,5.0,88,Resolved,No,1.0,4
T3324,2028-01-13 16:00:00,Accounts,Hardware,Desktop,Medium,Tech_B,118.0,262,Resolved,No,2.0,10
T3325,2028-01-14 00:00:00,Accounts,Security,Laptop,Medium,Tech_B,16.0,166,Resolved,No,4.0,4
T3326,2028-01-14 08:00:00,Mechanical,Security,Laptop,High,Tech_E,39.0,199,Pending,No,2.0,5
T3327,2028-01-14 16:00:00,Admin,Network,Router,Medium,Tech_C,120.0,253,Resolved,Yes,4.0,6
T3328,2028-01-15 00:00:00,Accounts,Software,Laptop,Medium,Tech_A,82.0,159,Escalated,No,3.0,3
T3329,2028-01-15 08:00:00,ENTC,Login,Server,Medium,Tech_C,116.0,262,Resolved,Yes,5.0,9
T3330,2028-01-15 16:00:00,ENTC,Login,Laptop,Medium,Tech_D,86.0,147,Pending,No,4.0,1
T3331,2028-01-16 00:00:00,Accounts,Network,Router,Medium,Tech_B,78.0,207,Resolved,Yes,4.0,6
T3332,2028-01-16 08:00:00,Accounts,Hardware,Desktop,Medium,Tech_A,83.0,196,Pending,No,3.0,6
T3333,2028-01-16 16:00:00,ENTC,Login,Laptop,Low,Tech_B,110.0,197,Resolved,No,1.0,8
T3334,2028-01-17 00:00:00,Mechanical,Login,Laptop,Medium,Tech_D,37.0,149,Pending,No,1.0,5
T3335,2028-01-17 08:00:00,CSE,Printer,Printer,Medium,Tech_E,87.0,203,Resolved,No,5.0,9
T3336,2028-01-17 16:00:00,CSE,Software,Laptop,Low,Tech_A,102.0,220,Resolved,No,3.0,9
T3337,2028-01-18 00:00:00,Accounts,Hardware,Desktop,Medium,Tech_A,113.0,214,Resolved,Yes,2.0,2
T3338,2028-01-18 08:00:00,IT,Security,Desktop,Low,Tech_A,29.0,138,Resolved,No,4.0,5
T3339,2028-01-18 16:00:00,Accounts,Software,Laptop,High,Tech_E,20.0,188,Resolved,No,5.0,7
T3340,2028-01-19 00:00:00,Accounts,Hardware,Laptop,High,Tech_B,12.0,145,Resolved,No,1.0,2
T3341,2028-01-19 08:00:00,CSE,Login,Laptop,Medium,Tech_E,39.0,151,Resolved,No,2.0,7
T3342,2028-01-19 16:00:00,ENTC,Printer,Printer,Low,Tech_B,89.0,186,Resolved,No,3.0,9
T3343,2028-01-20 00:00:00,Accounts,Software,Desktop,Medium,Tech_A,87.0,218,Resolved,No,4.0,8
T3344,2028-01-20 08:00:00,ENTC,Login,Laptop,Medium,Tech_E,50.0,196,Resolved,No,4.0,10
T3345,2028-01-20 16:00:00,ENTC,Hardware,Laptop,Medium,Tech_D,15.0,184,Resolved,No,1.0,9
T3346,2028-01-21 00:00:00,IT,Software,Desktop,Medium,Tech_E,65.0,178,Resolved,No,1.0,4
T3347,2028-01-21 08:00:00,ENTC,Security,Laptop,High,Tech_B,48.0,256,Resolved,No,5.0,8
T3348,2028-01-21 16:00:00,CSE,Software,Laptop,Medium,Tech_A,15.0,158,Resolved,No,4.0,9
T3349,2028-01-22 00:00:00,Mechanical,Login,Laptop,Low,Tech_B,15.0,154,Resolved,No,4.0,10
T3350,2028-01-22 08:00:00,Mechanical,Software,Laptop,Medium,Tech_C,26.0,105,Resolved,No,4.0,2
T3351,2028-01-22 16:00:00,Admin,Security,Desktop,High,Tech_A,89.0,304,Resolved,No,4.0,10
T3352,2028-01-23 00:00:00,Accounts,Printer,Printer,Medium,Tech_D,95.0,165,Pending,No,2.0,3
T3353,2028-01-23 08:00:00,CSE,Printer,Printer,Low,Tech_D,86.0,109,Resolved,No,3.0,1
T3354,2028-01-23 16:00:00,ENTC,Login,Laptop,Medium,Tech_C,66.0,140,Pending,Yes,2.0,1
T3355,2028-01-24 00:00:00,Mechanical,Hardware,Laptop,Medium,Tech_B,110.0,262,Resolved,No,3.0,10
T3356,2028-01-24 08:00:00,CSE,Login,Server,Medium,Tech_D,52.0,152,Resolved,No,2.0,6
T3357,2028-01-24 16:00:00,Mechanical,Printer,Printer,Low,Tech_B,108.0,153,Resolved,Yes,5.0,1
T3358,2028-01-25 00:00:00,ENTC,Network,Server,High,Tech_A,106.0,245,Resolved,No,3.0,5
T3359,2028-01-25 08:00:00,Mechanical,Network,Router,Medium,Tech_E,98.0,184,Resolved,No,4.0,6
T3360,2028-01-25 16:00:00,Accounts,Software,Desktop,Medium,Tech_A,67.0,205,Pending,No,3.0,9
T3361,2028-01-26 00:00:00,Accounts,Security,Server,High,Tech_B,55.0,270,Resolved,No,4.0,6
T3362,2028-01-26 08:00:00,Admin,Software,Desktop,Low,Tech_C,,114,Resolved,No,5.0,4
T3363,2028-01-26 16:00:00,Admin,Network,Router,Medium,Tech_A,115.0,187,Resolved,No,3.0,1
T3364,2028-01-27 00:00:00,Mechanical,Printer,Printer,Low,Tech_D,113.0,183,Escalated,No,1.0,6
T3365,2028-01-27 08:00:00,CSE,Software,Server,Low,Tech_A,37.0,116,Pending,No,4.0,7
T3366,2028-01-27 16:00:00,Accounts,Login,Laptop,High,Tech_A,89.0,218,Resolved,No,3.0,5
T3367,2028-01-28 00:00:00,CSE,Security,Laptop,High,Tech_A,64.0,232,Pending,No,2.0,6
T3368,2028-01-28 08:00:00,CSE,Login,Laptop,Medium,Tech_C,6.0,157,Resolved,No,3.0,10
T3369,2028-01-28 16:00:00,Mechanical,Security,Server,Medium,Tech_B,17.0,172,Resolved,No,4.0,8
T3370,2028-01-29 00:00:00,CSE,Printer,Printer,Low,Tech_C,70.0,127,Resolved,Yes,1.0,1
T3371,2028-01-29 08:00:00,Accounts,Software,Laptop,Medium,Tech_D,61.0,184,Resolved,No,1.0,8
T3372,2028-01-29 16:00:00,ENTC,Security,Laptop,High,Tech_B,47.0,209,Resolved,No,2.0,2
T3373,2028-01-30 00:00:00,Admin,Login,Desktop,Medium,Tech_D,49.0,103,Escalated,No,5.0,2
T3374,2028-01-30 08:00:00,ENTC,Software,Server,Medium,Tech_B,35.0,179,Pending,No,1.0,8
T3375,2028-01-30 16:00:00,CSE,Software,Server,Medium,Tech_B,14.0,129,Pending,Yes,5.0,2
T3376,2028-01-31 00:00:00,ENTC,Login,Server,Medium,Tech_A,27.0,147,Resolved,No,4.0,8
T3377,2028-01-31 08:00:00,Accounts,Network,Server,Medium,Tech_A,90.0,174,Resolved,No,3.0,5
T3378,2028-01-31 16:00:00,Accounts,Security,Server,High,Tech_C,115.0,304,Resolved,No,5.0,9
T3379,2028-02-01 00:00:00,CSE,Login,Server,Low,Tech_B,33.0,149,Pending,No,4.0,9
T3380,2028-02-01 08:00:00,Mechanical,Printer,Printer,Low,Tech_D,101.0,195,Escalated,Yes,4.0,8
T3381,2028-02-01 16:00:00,ENTC,Hardware,Desktop,Low,Tech_A,35.0,161,Resolved,No,4.0,9
T3382,2028-02-02 00:00:00,Mechanical,Login,Desktop,Medium,Tech_D,82.0,201,Resolved,No,2.0,7
T3383,2028-02-02 08:00:00,Mechanical,Software,Laptop,Medium,Tech_A,78.0,191,Resolved,No,2.0,8
T3384,2028-02-02 16:00:00,IT,Software,Laptop,Low,Tech_B,22.0,122,Resolved,No,5.0,6
T3385,2028-02-03 00:00:00,CSE,Login,Desktop,High,Tech_D,15.0,207,Resolved,No,4.0,9
T3386,2028-02-03 08:00:00,Admin,Hardware,Desktop,Medium,Tech_C,107.0,204,Resolved,Yes,5.0,2
T3387,2028-02-03 16:00:00,Accounts,Login,Server,High,Tech_C,51.0,175,Resolved,Yes,1.0,3
T3388,2028-02-04 00:00:00,Accounts,Hardware,Desktop,Low,Tech_C,7.0,99,Pending,No,,2
T3389,2028-02-04 08:00:00,CSE,Hardware,Laptop,High,Tech_A,6.0,180,Pending,No,3.0,6
T3390,2028-02-04 16:00:00,Admin,Printer,Printer,Low,Tech_A,58.0,100,Resolved,No,4.0,3
T3391,2028-02-05 00:00:00,Accounts,Security,Desktop,High,Tech_C,76.0,223,Resolved,No,5.0,1
T3392,2028-02-05 08:00:00,CSE,Software,Server,High,Tech_D,35.0,164,Resolved,No,2.0,4
T3393,2028-02-05 16:00:00,Accounts,Software,Laptop,Medium,Tech_A,12.0,152,Pending,Yes,3.0,5
T3394,2028-02-06 00:00:00,Mechanical,Hardware,Desktop,Low,Tech_C,47.0,117,Resolved,No,5.0,4
T3395,2028-02-06 08:00:00,ENTC,Software,Desktop,Medium,Tech_A,52.0,162,Resolved,No,5.0,6
T3396,2028-02-06 16:00:00,ENTC,Network,Router,Medium,Tech_E,6.0,126,Escalated,Yes,5.0,3
T3397,2028-02-07 00:00:00,Accounts,Hardware,Desktop,Medium,Tech_D,26.0,218,Pending,Yes,2.0,10
T3398,2028-02-07 08:00:00,IT,Software,Desktop,Low,Tech_B,9.0,99,Pending,No,5.0,6
T3399,2028-02-07 16:00:00,Admin,Network,Server,Medium,Tech_D,11.0,194,Escalated,No,1.0,10
T3400,2028-02-08 00:00:00,Admin,Printer,Printer,Low,Tech_B,24.0,54,Resolved,No,1.0,1
T3401,2028-02-08 08:00:00,Admin,Software,Server,High,Tech_C,96.0,225,Pending,No,1.0,6
T3402,2028-02-08 16:00:00,Mechanical,Network,Server,Medium,Tech_A,81.0,231,Resolved,No,5.0,8
T3403,2028-02-09 00:00:00,Admin,Login,Server,Medium,Tech_C,6.0,155,Resolved,No,3.0,10
T3404,2028-02-09 08:00:00,ENTC,Security,Server,Medium,Tech_B,36.0,197,Resolved,No,2.0,8
T3405,2028-02-09 16:00:00,Mechanical,Login,Laptop,High,Tech_E,94.0,193,Resolved,No,1.0,1
T3406,2028-02-10 00:00:00,CSE,Network,Server,Medium,Tech_B,7.0,173,Resolved,Yes,1.0,7
T3407,2028-02-10 08:00:00,Admin,Hardware,Desktop,High,Tech_A,45.0,250,Escalated,No,3.0,10
T3408,2028-02-10 16:00:00,Admin,Hardware,Desktop,Medium,Tech_E,46.0,218,Resolved,No,1.0,10
T3409,2028-02-11 00:00:00,CSE,Software,Desktop,Medium,Tech_A,81.0,183,Escalated,No,2.0,4
T3410,2028-02-11 08:00:00,Admin,Login,Desktop,Medium,Tech_E,89.0,198,Resolved,Yes,3.0,6
T3411,2028-02-11 16:00:00,CSE,Hardware,Desktop,Low,Tech_A,49.0,169,Resolved,No,4.0,6
T3412,2028-02-12 00:00:00,Mechanical,Hardware,Laptop,Medium,Tech_B,105.0,196,Resolved,No,2.0,5
T3413,2028-02-12 08:00:00,ENTC,Login,Desktop,Low,Tech_B,91.0,188,Resolved,No,2.0,10
T3414,2028-02-12 16:00:00,CSE,Printer,Printer,Low,Tech_B,75.0,186,Resolved,Yes,5.0,9
T3415,2028-02-13 00:00:00,IT,Hardware,Laptop,Medium,Tech_B,21.0,194,Escalated,No,4.0,10
T3416,2028-02-13 08:00:00,CSE,Security,Desktop,High,Tech_E,96.0,300,Resolved,Yes,4.0,8
T3417,2028-02-13 16:00:00,Admin,Network,Server,Medium,Tech_D,51.0,188,Pending,No,3.0,6
T3418,2028-02-14 00:00:00,Mechanical,Software,Server,Medium,Tech_D,98.0,186,Resolved,No,1.0,4
T3419,2028-02-14 08:00:00,Accounts,Hardware,Laptop,Low,Tech_C,73.0,156,Resolved,No,4.0,4
T3420,2028-02-14 16:00:00,Mechanical,Security,Desktop,High,Tech_D,28.0,231,Escalated,No,3.0,9
T3421,2028-02-15 00:00:00,Accounts,Security,Server,High,Tech_C,75.0,249,Resolved,No,4.0,4
T3422,2028-02-15 08:00:00,CSE,Hardware,Laptop,Medium,Tech_B,38.0,183,Resolved,No,2.0,7
T3423,2028-02-15 16:00:00,ENTC,Printer,Printer,Low,Tech_A,54.0,126,Resolved,No,4.0,6
T3424,2028-02-16 00:00:00,IT,Network,Router,Medium,Tech_D,46.0,131,Escalated,No,1.0,2
T3425,2028-02-16 08:00:00,Mechanical,Software,Desktop,Medium,Tech_D,37.0,140,Resolved,No,3.0,5
T3426,2028-02-16 16:00:00,Admin,Hardware,Laptop,Medium,Tech_B,31.0,150,Resolved,No,1.0,3
T3427,2028-02-17 00:00:00,Accounts,Software,Laptop,Medium,Tech_B,82.0,251,Resolved,Yes,5.0,9
T3428,2028-02-17 08:00:00,Admin,Login,Laptop,Low,Tech_D,63.0,166,Escalated,No,1.0,10
T3429,2028-02-17 16:00:00,ENTC,Security,Laptop,High,Tech_B,23.0,183,Resolved,Yes,1.0,1
T3430,2028-02-18 00:00:00,Accounts,Security,Laptop,High,Tech_D,116.0,310,Resolved,No,3.0,10
T3431,2028-02-18 08:00:00,Mechanical,Hardware,Laptop,Medium,Tech_A,119.0,219,Resolved,No,2.0,4
T3432,2028-02-18 16:00:00,CSE,Hardware,Desktop,Low,Tech_A,106.0,192,Resolved,No,4.0,4
T3433,2028-02-19 00:00:00,Admin,Login,Server,Medium,Tech_C,80.0,190,Resolved,No,4.0,9
T3434,2028-02-19 08:00:00,ENTC,Printer,Printer,Low,Tech_D,7.0,62,Resolved,Yes,3.0,1
T3435,2028-02-19 16:00:00,Mechanical,Hardware,Laptop,Medium,Tech_A,75.0,160,Resolved,No,3.0,2
T3436,2028-02-20 00:00:00,Mechanical,Security,Laptop,High,Tech_A,103.0,233,Resolved,No,2.0,1
T3437,2028-02-20 08:00:00,Mechanical,Software,Server,Low,Tech_E,29.0,64,Resolved,No,2.0,1
T3438,2028-02-20 16:00:00,Mechanical,Network,Router,High,Tech_A,117.0,232,Escalated,Yes,5.0,1
T3439,2028-02-21 00:00:00,Accounts,Software,Server,Medium,Tech_C,19.0,103,Resolved,No,4.0,3
T3440,2028-02-21 08:00:00,Mechanical,Printer,Printer,Low,Tech_A,87.0,145,Resolved,No,4.0,4
T3441,2028-02-21 16:00:00,Admin,Network,Router,High,Tech_B,64.0,252,Resolved,No,5.0,10
T3442,2028-02-22 00:00:00,ENTC,Software,Desktop,Medium,Tech_E,87.0,145,Resolved,No,3.0,2
T3443,2028-02-22 08:00:00,Accounts,Software,Desktop,Medium,Tech_D,27.0,85,Resolved,No,4.0,1
T3444,2028-02-22 16:00:00,Mechanical,Login,Desktop,High,Tech_C,15.0,151,Pending,No,1.0,5
T3445,2028-02-23 00:00:00,IT,Printer,Printer,Low,Tech_A,63.0,158,Resolved,Yes,3.0,6
T3446,2028-02-23 08:00:00,IT,Security,Desktop,High,Tech_D,89.0,235,Pending,No,3.0,2
T3447,2028-02-23 16:00:00,ENTC,Login,Laptop,High,Tech_A,120.0,229,Pending,No,2.0,3
T3448,2028-02-24 00:00:00,CSE,Network,Router,Medium,Tech_E,38.0,184,Resolved,No,5.0,10
T3449,2028-02-24 08:00:00,CSE,Security,Laptop,High,Tech_D,107.0,259,Resolved,No,3.0,3
T3450,2028-02-24 16:00:00,Accounts,Login,Server,Medium,Tech_B,119.0,206,Resolved,Yes,2.0,2
T3451,2028-02-25 00:00:00,Accounts,Printer,Printer,Low,Tech_B,11.0,73,Escalated,No,1.0,4
T3452,2028-02-25 08:00:00,Accounts,Hardware,Desktop,Low,Tech_D,110.0,202,Resolved,No,1.0,5
T3453,2028-02-25 16:00:00,CSE,Hardware,Laptop,Medium,Tech_B,48.0,188,Resolved,No,,8
T3454,2028-02-26 00:00:00,IT,Network,Router,Low,Tech_C,95.0,185,Pending,No,5.0,6
T3455,2028-02-26 08:00:00,CSE,Hardware,Desktop,Medium,Tech_E,68.0,251,Resolved,No,5.0,9
T3456,2028-02-26 16:00:00,Admin,Login,Laptop,High,Tech_C,118.0,218,Resolved,No,2.0,3
T3457,2028-02-27 00:00:00,Mechanical,Network,Router,Medium,Tech_D,27.0,186,Resolved,No,4.0,10
T3458,2028-02-27 08:00:00,Accounts,Security,Laptop,Medium,Tech_C,106.0,275,Resolved,Yes,5.0,9
T3459,2028-02-27 16:00:00,IT,Printer,Printer,Low,Tech_E,62.0,118,Resolved,No,4.0,4
T3460,2028-02-28 00:00:00,ENTC,Network,Server,Medium,Tech_E,24.0,207,Resolved,Yes,2.0,8
T3461,2028-02-28 08:00:00,ENTC,Security,Server,High,Tech_D,31.0,245,Resolved,No,4.0,10
T3462,2028-02-28 16:00:00,Mechanical,Network,Router,Medium,Tech_C,64.0,197,Pending,No,3.0,7
T3463,2028-02-29 00:00:00,IT,Software,Server,Low,Tech_E,12.0,114,Resolved,No,3.0,7
T3464,2028-02-29 08:00:00,CSE,Software,Desktop,Medium,Tech_D,105.0,225,Resolved,No,3.0,9
T3465,2028-02-29 16:00:00,CSE,Network,Laptop,Medium,Tech_E,71.0,229,Resolved,No,3.0,10
T3466,2028-03-01 00:00:00,Admin,Hardware,Desktop,Medium,Tech_A,6.0,90,Pending,No,1.0,2
T3467,2028-03-01 08:00:00,Admin,Software,Laptop,Medium,Tech_A,26.0,132,Pending,No,1.0,5
T3468,2028-03-01 16:00:00,CSE,Printer,Printer,Low,Tech_E,74.0,129,Resolved,No,5.0,3
T3469,2028-03-02 00:00:00,ENTC,Security,Server,High,Tech_D,107.0,306,Resolved,Yes,1.0,7
T3470,2028-03-02 08:00:00,Accounts,Login,Desktop,Medium,Tech_A,108.0,173,Pending,No,4.0,3
T3471,2028-03-02 16:00:00,ENTC,Software,Server,Medium,Tech_E,40.0,143,Resolved,No,4.0,5
T3472,2028-03-03 00:00:00,Admin,Network,Router,High,Tech_B,112.0,267,Resolved,No,1.0,5
T3473,2028-03-03 08:00:00,Mechanical,Hardware,Laptop,Medium,Tech_C,28.0,134,Resolved,No,4.0,2
T3474,2028-03-03 16:00:00,CSE,Login,Laptop,Medium,Tech_E,16.0,71,Escalated,No,5.0,1
T3475,2028-03-04 00:00:00,Admin,Security,Laptop,High,Tech_A,85.0,247,Escalated,No,2.0,6
T3476,2028-03-04 08:00:00,Admin,Security,Server,High,Tech_E,26.0,195,Resolved,Yes,1.0,1
T3477,2028-03-04 16:00:00,Accounts,Software,Desktop,Medium,Tech_D,87.0,231,Resolved,No,3.0,9
T3478,2028-03-05 00:00:00,CSE,Security,Laptop,High,Tech_A,77.0,296,Pending,No,4.0,10
T3479,2028-03-05 08:00:00,Accounts,Security,Laptop,High,Tech_D,80.0,257,Resolved,No,4.0,5
T3480,2028-03-05 16:00:00,CSE,Hardware,Laptop,Medium,Tech_D,100.0,160,Resolved,No,2.0,1
T3481,2028-03-06 00:00:00,Accounts,Hardware,Laptop,Medium,Tech_D,99.0,244,Resolved,No,5.0,8
T3482,2028-03-06 08:00:00,ENTC,Hardware,Laptop,Medium,Tech_E,85.0,154,Resolved,No,,1
T3483,2028-03-06 16:00:00,Mechanical,Network,Router,Medium,Tech_A,27.0,135,Pending,No,3.0,4
T3484,2028-03-07 00:00:00,Mechanical,Security,Laptop,High,Tech_D,78.0,272,Resolved,No,2.0,7
T3485,2028-03-07 08:00:00,CSE,Security,Server,Medium,Tech_B,67.0,184,Resolved,No,4.0,4
T3486,2028-03-07 16:00:00,IT,Security,Laptop,High,Tech_C,34.0,193,Resolved,No,3.0,5
T3487,2028-03-08 00:00:00,Admin,Printer,Printer,Low,Tech_E,23.0,136,Pending,Yes,4.0,7
T3488,2028-03-08 08:00:00,Admin,Hardware,Laptop,Medium,Tech_B,30.0,150,Pending,No,3.0,4
T3489,2028-03-08 16:00:00,CSE,Login,Laptop,High,Tech_A,94.0,224,Resolved,No,2.0,5
T3490,2028-03-09 00:00:00,Accounts,Software,Desktop,Low,Tech_C,15.0,109,Escalated,No,5.0,7
T3491,2028-03-09 08:00:00,IT,Login,Server,Medium,Tech_D,24.0,110,Resolved,Yes,1.0,1
T3492,2028-03-09 16:00:00,ENTC,Network,Server,Medium,Tech_B,60.0,155,Pending,No,1.0,3
T3493,2028-03-10 00:00:00,Accounts,Network,Router,Medium,Tech_B,49.0,157,Resolved,Yes,5.0,1
T3494,2028-03-10 08:00:00,Accounts,Security,Server,High,Tech_D,72.0,223,Resolved,No,4.0,3
T3495,2028-03-10 16:00:00,CSE,Login,Laptop,Medium,Tech_D,51.0,119,Resolved,No,2.0,2
T3496,2028-03-11 00:00:00,CSE,Security,Laptop,High,Tech_B,80.0,236,Resolved,No,3.0,5
T3497,2028-03-11 08:00:00,Admin,Printer,Printer,Medium,Tech_A,93.0,230,Pending,No,2.0,10
T3498,2028-03-11 16:00:00,CSE,Network,Router,Medium,Tech_E,62.0,211,Pending,Yes,5.0,5
T3499,2028-03-12 00:00:00,CSE,Network,Router,Medium,Tech_A,14.0,173,Resolved,No,4.0,10
T3500,2028-03-12 08:00:00,CSE,Login,Server,High,Tech_A,26.0,195,Resolved,No,4.0,9
T3501,2028-03-12 16:00:00,Admin,Network,Router,Medium,Tech_E,75.0,216,Escalated,No,5.0,8
T3502,2028-03-13 00:00:00,ENTC,Printer,Printer,Low,Tech_A,28.0,85,Resolved,No,2.0,3
T3503,2028-03-13 08:00:00,ENTC,Printer,Printer,Low,Tech_C,70.0,103,Resolved,No,1.0,1
T3504,2028-03-13 16:00:00,CSE,Printer,Printer,Low,Tech_D,100.0,158,Pending,No,2.0,5
T3505,2028-03-14 00:00:00,Admin,Software,Laptop,High,Tech_B,89.0,203,Resolved,No,4.0,3
T3506,2028-03-14 08:00:00,ENTC,Printer,Printer,Low,Tech_E,65.0,124,Resolved,No,4.0,5
T3507,2028-03-14 16:00:00,Accounts,Printer,Printer,Medium,Tech_A,11.0,125,Resolved,No,5.0,9
T3508,2028-03-15 00:00:00,ENTC,Software,Laptop,High,Tech_B,76.0,198,Resolved,Yes,2.0,1
T3509,2028-03-15 08:00:00,ENTC,Security,Laptop,High,Tech_C,119.0,247,Resolved,No,1.0,1
T3510,2028-03-15 16:00:00,Admin,Hardware,Desktop,Medium,Tech_A,42.0,206,Resolved,No,2.0,9
T3511,2028-03-16 00:00:00,Accounts,Network,Server,Medium,Tech_A,25.0,117,Resolved,No,4.0,3
T3512,2028-03-16 08:00:00,Admin,Printer,Printer,Low,Tech_A,12.0,127,Resolved,No,2.0,10
T3513,2028-03-16 16:00:00,CSE,Network,Server,High,Tech_C,93.0,284,Resolved,Yes,4.0,5
T3514,2028-03-17 00:00:00,Mechanical,Login,Desktop,Medium,Tech_D,32.0,174,Resolved,No,4.0,9
T3515,2028-03-17 08:00:00,ENTC,Network,Laptop,Medium,Tech_B,96.0,169,Pending,No,3.0,5
T3516,2028-03-17 16:00:00,Mechanical,Security,Server,High,Tech_A,58.0,204,Resolved,No,1.0,3
T3517,2028-03-18 00:00:00,Admin,Software,Laptop,High,Tech_A,35.0,210,Pending,No,5.0,9
T3518,2028-03-18 08:00:00,Admin,Network,Router,Medium,Tech_C,120.0,243,Resolved,Yes,1.0,7
T3519,2028-03-18 16:00:00,Admin,Network,Server,Medium,Tech_C,104.0,219,Resolved,No,2.0,7
T3520,2028-03-19 00:00:00,Mechanical,Network,Server,Medium,Tech_B,93.0,216,Pending,No,3.0,8
T3521,2028-03-19 08:00:00,Admin,Hardware,Laptop,Medium,Tech_B,120.0,227,Resolved,No,4.0,5
T3522,2028-03-19 16:00:00,CSE,Hardware,Desktop,Low,Tech_A,45.0,138,Resolved,Yes,1.0,2
T3523,2028-03-20 00:00:00,Admin,Login,Laptop,Medium,Tech_A,41.0,168,Resolved,No,4.0,9
T3524,2028-03-20 08:00:00,IT,Software,Desktop,Medium,Tech_A,42.0,124,Resolved,No,4.0,3
T3525,2028-03-20 16:00:00,Mechanical,Network,Server,Medium,Tech_A,55.0,149,Escalated,No,3.0,2
T3526,2028-03-21 00:00:00,IT,Network,Server,Medium,Tech_A,80.0,231,Resolved,No,1.0,10
T3527,2028-03-21 08:00:00,Admin,Network,Laptop,Medium,Tech_C,41.0,198,Pending,No,3.0,10
T3528,2028-03-21 16:00:00,CSE,Network,Router,Low,Tech_D,105.0,183,Resolved,No,4.0,5
T3529,2028-03-22 00:00:00,ENTC,Hardware,Laptop,Low,Tech_B,35.0,188,Resolved,Yes,1.0,8
T3530,2028-03-22 08:00:00,Accounts,Security,Server,High,Tech_C,66.0,203,Escalated,No,4.0,3
T3531,2028-03-22 16:00:00,Accounts,Security,Server,High,Tech_E,22.0,219,Escalated,No,4.0,6
T3532,2028-03-23 00:00:00,Admin,Login,Server,Medium,Tech_E,94.0,209,Escalated,No,1.0,9
T3533,2028-03-23 08:00:00,CSE,Printer,Printer,Low,Tech_E,10.0,56,Resolved,No,5.0,2
T3534,2028-03-23 16:00:00,Mechanical,Software,Desktop,Medium,Tech_B,13.0,134,Resolved,No,3.0,8
T3535,2028-03-24 00:00:00,IT,Security,Laptop,High,Tech_A,15.0,276,Resolved,Yes,2.0,10
T3536,2028-03-24 08:00:00,IT,Network,Router,Medium,Tech_E,99.0,219,Resolved,No,4.0,7
T3537,2028-03-24 16:00:00,IT,Security,Server,Medium,Tech_E,114.0,246,Resolved,Yes,3.0,3
T3538,2028-03-25 00:00:00,Mechanical,Login,Server,Low,Tech_D,6.0,63,Resolved,No,3.0,1
T3539,2028-03-25 08:00:00,Accounts,Printer,Printer,Low,Tech_C,33.0,124,Pending,No,1.0,6
T3540,2028-03-25 16:00:00,CSE,Security,Server,High,Tech_B,114.0,235,Resolved,No,1.0,2
T3541,2028-03-26 00:00:00,Mechanical,Login,Laptop,Medium,Tech_B,55.0,133,Resolved,No,1.0,3
T3542,2028-03-26 08:00:00,IT,Hardware,Desktop,High,Tech_D,110.0,251,Escalated,No,3.0,5
T3543,2028-03-26 16:00:00,Admin,Printer,Printer,Low,Tech_E,73.0,160,Resolved,No,1.0,8
T3544,2028-03-27 00:00:00,ENTC,Login,Laptop,Medium,Tech_D,27.0,94,Resolved,No,2.0,2
T3545,2028-03-27 08:00:00,Mechanical,Security,Server,High,Tech_A,104.0,289,Resolved,No,3.0,6
T3546,2028-03-27 16:00:00,Mechanical,Hardware,Desktop,Low,Tech_E,11.0,94,Resolved,No,1.0,1
T3547,2028-03-28 00:00:00,CSE,Login,Laptop,Low,Tech_B,60.0,153,Resolved,No,4.0,7
T3548,2028-03-28 08:00:00,CSE,Login,Server,High,Tech_C,81.0,238,Resolved,Yes,3.0,4
T3549,2028-03-28 16:00:00,Mechanical,Security,Server,High,Tech_D,110.0,237,Resolved,No,5.0,1
T3550,2028-03-29 00:00:00,IT,Printer,Printer,Low,Tech_D,66.0,187,Resolved,Yes,5.0,9
T3551,2028-03-29 08:00:00,ENTC,Hardware,Laptop,Low,Tech_B,,199,Resolved,No,3.0,9
T3552,2028-03-29 16:00:00,CSE,Network,Router,High,Tech_E,104.0,225,Resolved,No,3.0,3
T3553,2028-03-30 00:00:00,IT,Software,Desktop,High,Tech_E,84.0,205,Pending,No,5.0,6
T3554,2028-03-30 08:00:00,Admin,Printer,Printer,Low,Tech_E,19.0,123,Resolved,No,4.0,7
T3555,2028-03-30 16:00:00,CSE,Hardware,Laptop,Low,Tech_C,57.0,124,Resolved,No,4.0,4
T3556,2028-03-31 00:00:00,IT,Login,Desktop,High,Tech_C,47.0,202,Pending,No,4.0,6
T3557,2028-03-31 08:00:00,IT,Hardware,Laptop,Medium,Tech_E,87.0,242,Resolved,No,2.0,9
T3558,2028-03-31 16:00:00,ENTC,Software,Server,Medium,Tech_C,89.0,250,Resolved,No,2.0,10
T3559,2028-04-01 00:00:00,ENTC,Security,Laptop,High,Tech_D,39.0,225,Pending,No,4.0,6
T3560,2028-04-01 08:00:00,Admin,Software,Server,Medium,Tech_E,83.0,203,Resolved,No,5.0,7
T3561,2028-04-01 16:00:00,IT,Network,Router,Medium,Tech_C,116.0,229,Pending,No,2.0,6
T3562,2028-04-02 00:00:00,Accounts,Network,Laptop,High,Tech_D,18.0,181,Pending,No,1.0,7
T3563,2028-04-02 08:00:00,IT,Software,Server,Medium,Tech_D,97.0,139,Resolved,No,2.0,1
T3564,2028-04-02 16:00:00,ENTC,Printer,Printer,Low,Tech_C,73.0,158,Resolved,Yes,5.0,6
T3565,2028-04-03 00:00:00,Accounts,Printer,Printer,Low,Tech_E,53.0,155,Resolved,No,5.0,9
T3566,2028-04-03 08:00:00,CSE,Login,Desktop,Medium,Tech_E,22.0,108,Resolved,No,3.0,3
T3567,2028-04-03 16:00:00,CSE,Network,Router,Medium,Tech_C,55.0,176,Pending,No,5.0,6
T3568,2028-04-04 00:00:00,Mechanical,Login,Server,Medium,Tech_C,5.0,111,Resolved,No,4.0,4
T3569,2028-04-04 08:00:00,ENTC,Network,Router,Medium,Tech_A,31.0,157,Resolved,No,5.0,7
T3570,2028-04-04 16:00:00,Mechanical,Software,Server,Low,Tech_D,68.0,169,Resolved,No,2.0,7
T3571,2028-04-05 00:00:00,Accounts,Printer,Printer,Low,Tech_E,64.0,169,Resolved,No,2.0,9
T3572,2028-04-05 08:00:00,ENTC,Printer,Printer,Low,Tech_B,95.0,186,Resolved,Yes,2.0,4
T3573,2028-04-05 16:00:00,Admin,Software,Desktop,Medium,Tech_D,93.0,217,Resolved,No,5.0,8
T3574,2028-04-06 00:00:00,IT,Login,Desktop,Medium,Tech_E,45.0,170,Pending,No,4.0,8
T3575,2028-04-06 08:00:00,Admin,Login,Laptop,Medium,Tech_A,25.0,182,Resolved,No,4.0,8
T3576,2028-04-06 16:00:00,Accounts,Hardware,Desktop,Medium,Tech_D,18.0,174,Resolved,No,3.0,8
T3577,2028-04-07 00:00:00,ENTC,Network,Server,Medium,Tech_D,120.0,227,Resolved,No,,6
T3578,2028-04-07 08:00:00,Accounts,Login,Server,Medium,Tech_E,24.0,160,Resolved,No,4.0,8
T3579,2028-04-07 16:00:00,IT,Software,Server,Low,Tech_B,96.0,182,Resolved,No,2.0,6
T3580,2028-04-08 00:00:00,CSE,Login,Laptop,Medium,Tech_C,89.0,223,Resolved,No,,10
T3581,2028-04-08 08:00:00,CSE,Printer,Printer,Low,Tech_B,91.0,154,Resolved,No,4.0,2
T3582,2028-04-08 16:00:00,Accounts,Network,Laptop,Medium,Tech_A,15.0,111,Resolved,No,4.0,3
T3583,2028-04-09 00:00:00,Mechanical,Security,Laptop,High,Tech_D,70.0,264,Resolved,No,1.0,6
T3584,2028-04-09 08:00:00,ENTC,Hardware,Desktop,Medium,Tech_E,88.0,201,Pending,No,1.0,7
T3585,2028-04-09 16:00:00,ENTC,Network,Laptop,Medium,Tech_D,28.0,125,Resolved,No,1.0,4
T3586,2028-04-10 00:00:00,CSE,Printer,Printer,Low,Tech_C,93.0,95,Resolved,No,4.0,1
T3587,2028-04-10 08:00:00,Admin,Printer,Printer,Low,Tech_B,41.0,91,Resolved,No,4.0,4
T3588,2028-04-10 16:00:00,IT,Printer,Printer,Low,Tech_B,90.0,137,Pending,No,2.0,6
T3589,2028-04-11 00:00:00,Admin,Printer,Printer,Low,Tech_A,28.0,129,Resolved,No,5.0,8
T3590,2028-04-11 08:00:00,Admin,Software,Desktop,Medium,Tech_E,19.0,110,Resolved,No,1.0,4
T3591,2028-04-11 16:00:00,Accounts,Hardware,Laptop,Medium,Tech_C,16.0,210,Pending,No,2.0,10
T3592,2028-04-12 00:00:00,CSE,Security,Server,High,Tech_C,114.0,241,Pending,No,2.0,1
T3593,2028-04-12 08:00:00,CSE,Printer,Printer,Low,Tech_E,99.0,155,Escalated,No,3.0,5
T3594,2028-04-12 16:00:00,CSE,Printer,Printer,Low,Tech_A,111.0,184,Resolved,No,2.0,7
T3595,2028-04-13 00:00:00,Accounts,Login,Desktop,Medium,Tech_C,68.0,178,Resolved,No,1.0,6
T3596,2028-04-13 08:00:00,Mechanical,Hardware,Laptop,Medium,Tech_A,35.0,158,Resolved,No,5.0,3
T3597,2028-04-13 16:00:00,Admin,Network,Server,Medium,Tech_E,57.0,180,Resolved,No,2.0,7
T3598,2028-04-14 00:00:00,Accounts,Hardware,Desktop,Low,Tech_E,98.0,166,Escalated,No,4.0,4
T3599,2028-04-14 08:00:00,ENTC,Hardware,Laptop,Medium,Tech_E,109.0,247,Resolved,Yes,4.0,5
T3600,2028-04-14 16:00:00,IT,Security,Server,Medium,Tech_C,88.0,253,Resolved,No,2.0,7
T3601,2028-04-15 00:00:00,Mechanical,Hardware,Laptop,Medium,Tech_E,76.0,149,Resolved,No,1.0,2
T3602,2028-04-15 08:00:00,ENTC,Security,Desktop,High,Tech_C,48.0,217,Resolved,No,5.0,4
T3603,2028-04-15 16:00:00,Admin,Printer,Printer,Low,Tech_A,34.0,137,Resolved,Yes,5.0,4
T3604,2028-04-16 00:00:00,CSE,Printer,Printer,Low,Tech_D,39.0,126,Resolved,No,1.0,6
T3605,2028-04-16 08:00:00,Admin,Software,Desktop,Medium,Tech_A,25.0,156,Resolved,No,4.0,7
T3606,2028-04-16 16:00:00,Accounts,Security,Laptop,High,Tech_C,115.0,269,Resolved,No,4.0,4
T3607,2028-04-17 00:00:00,IT,Security,Laptop,High,Tech_B,108.0,358,Resolved,Yes,3.0,10
T3608,2028-04-17 08:00:00,Accounts,Network,Router,Medium,Tech_B,67.0,149,Resolved,No,2.0,1
T3609,2028-04-17 16:00:00,Mechanical,Login,Laptop,High,Tech_D,96.0,187,Pending,Yes,2.0,1
T3610,2028-04-18 00:00:00,Mechanical,Hardware,Laptop,Low,Tech_E,107.0,189,Resolved,No,4.0,5
T3611,2028-04-18 08:00:00,IT,Network,Router,High,Tech_A,21.0,141,Resolved,No,2.0,1
T3612,2028-04-18 16:00:00,ENTC,Security,Desktop,Low,Tech_A,16.0,131,Resolved,No,1.0,3
T3613,2028-04-19 00:00:00,ENTC,Network,Router,Medium,Tech_C,120.0,252,Pending,No,5.0,9
T3614,2028-04-19 08:00:00,Mechanical,Software,Server,Medium,Tech_D,118.0,186,Resolved,No,3.0,3
T3615,2028-04-19 16:00:00,Mechanical,Login,Laptop,Low,Tech_E,22.0,84,Escalated,No,1.0,3
T3616,2028-04-20 00:00:00,CSE,Security,Server,Medium,Tech_D,115.0,275,Resolved,No,1.0,9
T3617,2028-04-20 08:00:00,ENTC,Security,Server,High,Tech_B,96.0,256,Resolved,No,1.0,5
T3618,2028-04-20 16:00:00,IT,Hardware,Desktop,High,Tech_D,64.0,240,Resolved,No,2.0,8
T3619,2028-04-21 00:00:00,ENTC,Login,Server,Medium,Tech_E,71.0,206,Resolved,No,5.0,10
T3620,2028-04-21 08:00:00,CSE,Software,Desktop,Medium,Tech_E,119.0,244,Resolved,No,3.0,9
T3621,2028-04-21 16:00:00,Accounts,Printer,Printer,Medium,Tech_A,19.0,136,Resolved,No,4.0,6
T3622,2028-04-22 00:00:00,Mechanical,Network,Server,Medium,Tech_A,20.0,191,Resolved,No,1.0,7
T3623,2028-04-22 08:00:00,Mechanical,Hardware,Desktop,Medium,Tech_E,26.0,157,Resolved,No,1.0,7
T3624,2028-04-22 16:00:00,CSE,Security,Server,High,Tech_A,117.0,298,Resolved,No,1.0,7
T3625,2028-04-23 00:00:00,IT,Printer,Printer,Low,Tech_A,99.0,163,Pending,No,4.0,4
T3626,2028-04-23 08:00:00,Mechanical,Software,Laptop,Medium,Tech_A,67.0,154,Resolved,Yes,2.0,2
T3627,2028-04-23 16:00:00,Admin,Login,Desktop,Medium,Tech_E,35.0,117,Resolved,No,2.0,2
T3628,2028-04-24 00:00:00,Mechanical,Network,Router,Medium,Tech_A,5.0,142,Resolved,No,5.0,7
T3629,2028-04-24 08:00:00,Admin,Hardware,Desktop,Low,Tech_B,79.0,208,Resolved,No,2.0,10
T3630,2028-04-24 16:00:00,CSE,Security,Desktop,High,Tech_E,,202,Resolved,No,2.0,7
T3631,2028-04-25 00:00:00,CSE,Security,Server,High,Tech_D,91.0,297,Resolved,No,3.0,10
T3632,2028-04-25 08:00:00,Mechanical,Printer,Printer,Low,Tech_C,13.0,106,Resolved,No,3.0,7
T3633,2028-04-25 16:00:00,ENTC,Printer,Printer,Low,Tech_C,56.0,158,Resolved,No,2.0,8
T3634,2028-04-26 00:00:00,Admin,Network,Router,Medium,Tech_B,84.0,153,Resolved,No,3.0,3
T3635,2028-04-26 08:00:00,IT,Login,Laptop,Medium,Tech_E,66.0,170,Pending,No,5.0,5
T3636,2028-04-26 16:00:00,Mechanical,Software,Server,Medium,Tech_D,62.0,180,Resolved,No,2.0,6
T3637,2028-04-27 00:00:00,IT,Login,Desktop,High,Tech_E,106.0,255,Escalated,No,3.0,8
T3638,2028-04-27 08:00:00,Mechanical,Login,Desktop,Low,Tech_D,112.0,223,Escalated,No,4.0,8
T3639,2028-04-27 16:00:00,ENTC,Login,Server,Medium,Tech_D,23.0,187,Pending,No,3.0,10
T3640,2028-04-28 00:00:00,ENTC,Network,Router,Low,Tech_E,113.0,161,Resolved,No,3.0,3
T3641,2028-04-28 08:00:00,ENTC,Network,Server,High,Tech_A,17.0,149,Resolved,No,4.0,4
T3642,2028-04-28 16:00:00,Accounts,Software,Server,High,Tech_C,36.0,178,Resolved,No,5.0,6
T3643,2028-04-29 00:00:00,ENTC,Login,Server,Medium,Tech_A,104.0,172,Escalated,No,4.0,4
T3644,2028-04-29 08:00:00,CSE,Network,Router,Medium,Tech_C,13.0,158,Resolved,No,5.0,10
T3645,2028-04-29 16:00:00,CSE,Software,Laptop,Low,Tech_A,114.0,172,Resolved,No,4.0,4
T3646,2028-04-30 00:00:00,Accounts,Security,Server,Medium,Tech_E,114.0,245,Escalated,Yes,5.0,5
T3647,2028-04-30 08:00:00,Admin,Software,Server,Medium,Tech_E,53.0,203,Pending,No,5.0,10
T3648,2028-04-30 16:00:00,IT,Login,Laptop,Medium,Tech_D,41.0,170,Resolved,No,1.0,7
T3649,2028-05-01 00:00:00,Mechanical,Hardware,Desktop,Medium,Tech_B,35.0,151,Resolved,No,1.0,2
T3650,2028-05-01 08:00:00,Mechanical,Login,Desktop,Medium,Tech_E,35.0,106,Resolved,No,3.0,2
T3651,2028-05-01 16:00:00,Accounts,Hardware,Laptop,Medium,Tech_C,63.0,244,Resolved,Yes,4.0,10
T3652,2028-05-02 00:00:00,CSE,Software,Desktop,Medium,Tech_D,59.0,211,Escalated,No,5.0,9
T3653,2028-05-02 08:00:00,Mechanical,Security,Server,High,Tech_C,23.0,211,Escalated,No,1.0,4
T3654,2028-05-02 16:00:00,CSE,Security,Laptop,High,Tech_A,67.0,243,Resolved,No,3.0,5
T3655,2028-05-03 00:00:00,Admin,Network,Laptop,Low,Tech_B,6.0,78,Resolved,No,3.0,3
T3656,2028-05-03 08:00:00,IT,Security,Desktop,High,Tech_E,49.0,179,Resolved,No,3.0,2
T3657,2028-05-03 16:00:00,Admin,Printer,Printer,Medium,Tech_A,100.0,238,Resolved,No,1.0,10
T3658,2028-05-04 00:00:00,Accounts,Software,Desktop,Medium,Tech_D,47.0,177,Resolved,No,2.0,8
T3659,2028-05-04 08:00:00,ENTC,Network,Router,Medium,Tech_C,102.0,207,Resolved,No,3.0,4
T3660,2028-05-04 16:00:00,ENTC,Security,Laptop,Medium,Tech_B,5.0,110,Escalated,No,2.0,1
T3661,2028-05-05 00:00:00,ENTC,Software,Desktop,Medium,Tech_E,89.0,204,Escalated,No,2.0,6
T3662,2028-05-05 08:00:00,Admin,Login,Desktop,High,Tech_C,65.0,220,Resolved,No,2.0,6
T3663,2028-05-05 16:00:00,Mechanical,Security,Laptop,High,Tech_E,7.0,185,Resolved,Yes,3.0,2
T3664,2028-05-06 00:00:00,IT,Hardware,Desktop,Medium,Tech_E,95.0,208,Resolved,Yes,5.0,2
T3665,2028-05-06 08:00:00,ENTC,Software,Server,High,Tech_C,48.0,199,Resolved,No,2.0,8
T3666,2028-05-06 16:00:00,Accounts,Network,Router,Medium,Tech_E,11.0,138,Resolved,No,1.0,7
T3667,2028-05-07 00:00:00,Accounts,Login,Laptop,Medium,Tech_D,37.0,115,Resolved,No,1.0,2
T3668,2028-05-07 08:00:00,ENTC,Printer,Printer,Low,Tech_B,13.0,128,Resolved,No,2.0,10
T3669,2028-05-07 16:00:00,ENTC,Login,Desktop,Medium,Tech_A,34.0,102,Resolved,No,2.0,1
T3670,2028-05-08 00:00:00,IT,Security,Server,High,Tech_B,22.0,230,Pending,No,2.0,8
T3671,2028-05-08 08:00:00,ENTC,Hardware,Desktop,Medium,Tech_A,60.0,233,Escalated,No,1.0,10
T3672,2028-05-08 16:00:00,IT,Login,Laptop,Medium,Tech_D,94.0,160,Resolved,No,4.0,2
T3673,2028-05-09 00:00:00,Accounts,Printer,Printer,Low,Tech_B,88.0,157,Resolved,No,5.0,5
T3674,2028-05-09 08:00:00,ENTC,Network,Laptop,Medium,Tech_D,106.0,216,Resolved,No,4.0,6
T3675,2028-05-09 16:00:00,Admin,Software,Server,High,Tech_C,109.0,280,Resolved,No,1.0,10
T3676,2028-05-10 00:00:00,Admin,Hardware,Desktop,High,Tech_A,35.0,160,Resolved,No,1.0,1
T3677,2028-05-10 08:00:00,Accounts,Printer,Printer,Low,Tech_C,76.0,123,Resolved,No,3.0,2
T3678,2028-05-10 16:00:00,IT,Security,Server,High,Tech_C,67.0,302,Resolved,No,4.0,10
T3679,2028-05-11 00:00:00,Admin,Security,Laptop,High,Tech_B,91.0,253,Resolved,No,2.0,4
T3680,2028-05-11 08:00:00,IT,Security,Desktop,High,Tech_E,54.0,204,Resolved,No,2.0,2
T3681,2028-05-11 16:00:00,Admin,Hardware,Laptop,Medium,Tech_E,93.0,236,Resolved,Yes,1.0,6
T3682,2028-05-12 00:00:00,Admin,Login,Desktop,High,Tech_D,115.0,250,Resolved,Yes,3.0,4
T3683,2028-05-12 08:00:00,IT,Hardware,Laptop,High,Tech_B,5.0,151,Resolved,No,4.0,3
T3684,2028-05-12 16:00:00,Mechanical,Security,Server,Medium,Tech_C,114.0,262,Resolved,Yes,3.0,6
T3685,2028-05-13 00:00:00,Admin,Printer,Printer,Medium,Tech_D,86.0,228,Resolved,Yes,5.0,9
T3686,2028-05-13 08:00:00,ENTC,Software,Laptop,Medium,Tech_C,23.0,206,Resolved,Yes,3.0,8
T3687,2028-05-13 16:00:00,Accounts,Software,Server,Medium,Tech_D,119.0,176,Escalated,No,5.0,2
T3688,2028-05-14 00:00:00,Mechanical,Hardware,Laptop,Low,Tech_A,110.0,219,Pending,Yes,4.0,3
T3689,2028-05-14 08:00:00,IT,Security,Desktop,Medium,Tech_D,68.0,187,Resolved,Yes,2.0,2
T3690,2028-05-14 16:00:00,Mechanical,Network,Router,Medium,Tech_D,120.0,262,Resolved,No,5.0,10
T3691,2028-05-15 00:00:00,CSE,Hardware,Laptop,Medium,Tech_C,57.0,229,Resolved,Yes,2.0,7
T3692,2028-05-15 08:00:00,CSE,Security,Server,High,Tech_E,10.0,238,Pending,No,3.0,9
T3693,2028-05-15 16:00:00,Admin,Login,Laptop,Medium,Tech_C,21.0,77,Pending,No,3.0,1
T3694,2028-05-16 00:00:00,Admin,Software,Server,Medium,Tech_B,50.0,120,Resolved,No,4.0,3
T3695,2028-05-16 08:00:00,ENTC,Software,Laptop,Medium,Tech_C,113.0,216,Resolved,No,2.0,6
T3696,2028-05-16 16:00:00,Accounts,Software,Server,Medium,Tech_E,76.0,156,Pending,No,4.0,4
T3697,2028-05-17 00:00:00,Mechanical,Network,Laptop,Medium,Tech_B,110.0,260,Resolved,No,5.0,10
T3698,2028-05-17 08:00:00,CSE,Security,Server,Medium,Tech_E,77.0,270,Resolved,No,3.0,10
T3699,2028-05-17 16:00:00,Admin,Security,Laptop,High,Tech_B,105.0,220,Resolved,No,3.0,1
T3700,2028-05-18 00:00:00,Accounts,Security,Server,High,Tech_C,59.0,259,Resolved,No,3.0,9
T3701,2028-05-18 08:00:00,Mechanical,Security,Laptop,Low,Tech_E,95.0,190,Resolved,No,3.0,7
T3702,2028-05-18 16:00:00,Admin,Network,Router,High,Tech_E,104.0,266,Resolved,No,3.0,7
T3703,2028-05-19 00:00:00,Admin,Printer,Printer,Low,Tech_A,10.0,77,Resolved,No,5.0,1
T3704,2028-05-19 08:00:00,CSE,Hardware,Laptop,Medium,Tech_A,74.0,212,Resolved,No,5.0,9
T3705,2028-05-19 16:00:00,CSE,Hardware,Desktop,Medium,Tech_D,113.0,262,Resolved,No,4.0,8
T3706,2028-05-20 00:00:00,Admin,Security,Server,Low,Tech_A,72.0,240,Escalated,No,1.0,10
T3707,2028-05-20 08:00:00,IT,Login,Laptop,Medium,Tech_E,90.0,187,Escalated,No,3.0,5
T3708,2028-05-20 16:00:00,Admin,Software,Server,Medium,Tech_D,44.0,132,Resolved,No,3.0,4
T3709,2028-05-21 00:00:00,Accounts,Network,Router,Medium,Tech_C,95.0,157,Pending,No,1.0,1
T3710,2028-05-21 08:00:00,Admin,Login,Desktop,Low,Tech_D,105.0,206,Escalated,No,4.0,9
T3711,2028-05-21 16:00:00,ENTC,Login,Desktop,Medium,Tech_B,70.0,196,Escalated,No,5.0,8
T3712,2028-05-22 00:00:00,ENTC,Security,Laptop,Medium,Tech_D,13.0,155,Pending,Yes,3.0,2
T3713,2028-05-22 08:00:00,ENTC,Network,Router,High,Tech_A,15.0,168,Pending,No,4.0,4
T3714,2028-05-22 16:00:00,IT,Hardware,Desktop,Low,Tech_C,24.0,140,Resolved,Yes,1.0,4
T3715,2028-05-23 00:00:00,IT,Software,Server,Medium,Tech_B,120.0,222,Resolved,No,5.0,7
T3716,2028-05-23 08:00:00,Admin,Hardware,Desktop,High,Tech_D,47.0,185,Resolved,No,5.0,3
T3717,2028-05-23 16:00:00,ENTC,Login,Laptop,Medium,Tech_C,107.0,230,Resolved,No,4.0,8
T3718,2028-05-24 00:00:00,IT,Software,Server,High,Tech_A,62.0,197,Escalated,No,2.0,7
T3719,2028-05-24 08:00:00,CSE,Printer,Printer,Medium,Tech_C,82.0,219,Resolved,No,2.0,10
T3720,2028-05-24 16:00:00,Admin,Login,Server,Medium,Tech_C,30.0,128,Escalated,No,2.0,4
T3721,2028-05-25 00:00:00,Accounts,Hardware,Desktop,Medium,Tech_B,42.0,175,Pending,No,1.0,9
T3722,2028-05-25 08:00:00,Mechanical,Hardware,Laptop,Low,Tech_E,98.0,203,Resolved,No,2.0,6
T3723,2028-05-25 16:00:00,Admin,Security,Laptop,Medium,Tech_A,40.0,174,Resolved,No,4.0,3
T3724,2028-05-26 00:00:00,Mechanical,Hardware,Laptop,Medium,Tech_B,106.0,228,Resolved,No,5.0,7
T3725,2028-05-26 08:00:00,ENTC,Network,Laptop,Medium,Tech_B,103.0,217,Resolved,No,4.0,6
T3726,2028-05-26 16:00:00,Mechanical,Login,Desktop,Medium,Tech_B,59.0,184,Pending,No,4.0,8
T3727,2028-05-27 00:00:00,ENTC,Software,Laptop,Low,Tech_E,10.0,124,Escalated,No,3.0,5
T3728,2028-05-27 08:00:00,CSE,Hardware,Laptop,Medium,Tech_E,7.0,155,Resolved,No,1.0,6
T3729,2028-05-27 16:00:00,Mechanical,Security,Server,High,Tech_D,69.0,202,Resolved,No,5.0,1
T3730,2028-05-28 00:00:00,Admin,Security,Server,High,Tech_D,68.0,276,Resolved,No,3.0,8
T3731,2028-05-28 08:00:00,ENTC,Hardware,Desktop,Medium,Tech_A,62.0,165,Resolved,No,1.0,1
T3732,2028-05-28 16:00:00,Admin,Network,Router,High,Tech_A,62.0,213,Pending,No,5.0,3
T3733,2028-05-29 00:00:00,IT,Security,Server,High,Tech_E,22.0,167,Resolved,No,3.0,2
T3734,2028-05-29 08:00:00,ENTC,Software,Laptop,Medium,Tech_E,27.0,149,Resolved,No,2.0,6
T3735,2028-05-29 16:00:00,Mechanical,Login,Laptop,High,Tech_E,100.0,240,Resolved,No,4.0,8
T3736,2028-05-30 00:00:00,ENTC,Printer,Printer,Low,Tech_B,33.0,160,Resolved,No,2.0,8
T3737,2028-05-30 08:00:00,Admin,Network,Server,Medium,Tech_E,27.0,164,Resolved,No,5.0,7
T3738,2028-05-30 16:00:00,CSE,Security,Server,Low,Tech_B,40.0,184,Resolved,No,3.0,7
T3739,2028-05-31 00:00:00,ENTC,Login,Desktop,Low,Tech_B,74.0,166,Resolved,No,3.0,8
T3740,2028-05-31 08:00:00,Mechanical,Printer,Printer,High,Tech_A,85.0,210,Resolved,No,3.0,5
T3741,2028-05-31 16:00:00,IT,Hardware,Laptop,Medium,Tech_C,86.0,185,Resolved,Yes,4.0,3
T3742,2028-06-01 00:00:00,Accounts,Hardware,Laptop,High,Tech_D,99.0,230,Resolved,No,3.0,2
T3743,2028-06-01 08:00:00,CSE,Software,Server,Medium,Tech_D,10.0,120,Escalated,No,1.0,3
T3744,2028-06-01 16:00:00,IT,Printer,Printer,Medium,Tech_A,38.0,108,Resolved,No,1.0,3
T3745,2028-06-02 00:00:00,ENTC,Hardware,Laptop,High,Tech_A,48.0,202,Resolved,No,1.0,7
T3746,2028-06-02 08:00:00,Admin,Hardware,Desktop,Medium,Tech_E,48.0,153,Resolved,No,2.0,1
T3747,2028-06-02 16:00:00,Admin,Security,Desktop,High,Tech_E,31.0,243,Pending,No,5.0,7
T3748,2028-06-03 00:00:00,Mechanical,Software,Server,Medium,Tech_E,104.0,211,Resolved,No,2.0,6
T3749,2028-06-03 08:00:00,Admin,Login,Desktop,High,Tech_B,116.0,275,Resolved,No,2.0,10
T3750,2028-06-03 16:00:00,CSE,Hardware,Laptop,Medium,Tech_B,56.0,147,Resolved,No,4.0,2
T3751,2028-06-04 00:00:00,Admin,Network,Router,Medium,Tech_E,46.0,221,Pending,No,2.0,10
T3752,2028-06-04 08:00:00,Mechanical,Network,Router,Medium,Tech_B,29.0,107,Resolved,No,4.0,1
T3753,2028-06-04 16:00:00,Accounts,Login,Laptop,Medium,Tech_A,78.0,206,Escalated,No,1.0,9
T3754,2028-06-05 00:00:00,ENTC,Printer,Printer,Low,Tech_E,43.0,110,Resolved,Yes,1.0,2
T3755,2028-06-05 08:00:00,ENTC,Software,Laptop,Medium,Tech_D,114.0,195,Resolved,No,2.0,4
T3756,2028-06-05 16:00:00,Admin,Security,Desktop,High,Tech_D,43.0,252,Resolved,No,2.0,9
T3757,2028-06-06 00:00:00,IT,Network,Router,Medium,Tech_B,16.0,173,Resolved,No,1.0,9
T3758,2028-06-06 08:00:00,ENTC,Network,Server,Medium,Tech_D,15.0,122,Resolved,No,3.0,1
T3759,2028-06-06 16:00:00,Accounts,Login,Server,Medium,Tech_E,117.0,177,Resolved,No,1.0,2
T3760,2028-06-07 00:00:00,Admin,Printer,Printer,Low,Tech_D,111.0,141,Resolved,No,3.0,2
T3761,2028-06-07 08:00:00,Mechanical,Printer,Printer,Medium,Tech_A,7.0,93,Resolved,No,,2
T3762,2028-06-07 16:00:00,Accounts,Login,Desktop,Medium,Tech_B,119.0,213,Resolved,No,5.0,8
T3763,2028-06-08 00:00:00,Admin,Network,Server,Medium,Tech_D,26.0,184,Resolved,No,4.0,8
T3764,2028-06-08 08:00:00,Accounts,Software,Laptop,Low,Tech_B,8.0,145,Resolved,No,4.0,10
T3765,2028-06-08 16:00:00,ENTC,Network,Router,High,Tech_A,12.0,189,Resolved,No,5.0,8
T3766,2028-06-09 00:00:00,Mechanical,Printer,Printer,High,Tech_D,18.0,143,Resolved,No,3.0,4
T3767,2028-06-09 08:00:00,Admin,Security,Laptop,High,Tech_E,88.0,284,Resolved,No,2.0,8
T3768,2028-06-09 16:00:00,CSE,Network,Router,Medium,Tech_C,92.0,238,Resolved,Yes,2.0,7
T3769,2028-06-10 00:00:00,Mechanical,Software,Laptop,Medium,Tech_D,18.0,169,Resolved,No,4.0,8
T3770,2028-06-10 08:00:00,CSE,Hardware,Desktop,Medium,Tech_A,96.0,162,Resolved,No,2.0,1
T3771,2028-06-10 16:00:00,Accounts,Network,Server,Medium,Tech_C,20.0,133,Resolved,Yes,3.0,3
T3772,2028-06-11 00:00:00,IT,Login,Desktop,High,Tech_D,36.0,208,Resolved,No,2.0,10
T3773,2028-06-11 08:00:00,Mechanical,Hardware,Laptop,High,Tech_B,68.0,225,Resolved,No,1.0,6
T3774,2028-06-11 16:00:00,Accounts,Login,Desktop,High,Tech_A,115.0,197,Resolved,No,5.0,1
T3775,2028-06-12 00:00:00,CSE,Login,Desktop,Medium,Tech_D,80.0,157,Pending,No,4.0,4
T3776,2028-06-12 08:00:00,ENTC,Login,Laptop,Medium,Tech_A,20.0,147,Pending,No,2.0,9
T3777,2028-06-12 16:00:00,ENTC,Network,Router,Medium,Tech_E,56.0,169,Escalated,No,3.0,7
T3778,2028-06-13 00:00:00,IT,Printer,Printer,Low,Tech_C,23.0,46,Resolved,No,2.0,1
T3779,2028-06-13 08:00:00,Mechanical,Hardware,Laptop,Medium,Tech_C,73.0,195,Resolved,No,5.0,6
T3780,2028-06-13 16:00:00,Mechanical,Software,Desktop,Low,Tech_E,16.0,101,Escalated,No,,6
T3781,2028-06-14 00:00:00,Mechanical,Printer,Printer,Low,Tech_C,97.0,121,Resolved,No,4.0,2
T3782,2028-06-14 08:00:00,Accounts,Network,Server,Medium,Tech_C,9.0,157,Resolved,No,4.0,6
T3783,2028-06-14 16:00:00,IT,Login,Laptop,Medium,Tech_E,46.0,175,Resolved,No,3.0,10
T3784,2028-06-15 00:00:00,Mechanical,Software,Desktop,Low,Tech_B,21.0,82,Resolved,No,1.0,2
T3785,2028-06-15 08:00:00,Accounts,Hardware,Laptop,Medium,Tech_C,115.0,234,Resolved,No,2.0,8
T3786,2028-06-15 16:00:00,ENTC,Printer,Printer,Low,Tech_B,76.0,139,Pending,No,2.0,7
T3787,2028-06-16 00:00:00,CSE,Security,Desktop,High,Tech_A,108.0,279,Escalated,No,3.0,6
T3788,2028-06-16 08:00:00,Accounts,Printer,Printer,Low,Tech_A,108.0,214,Resolved,No,1.0,10
T3789,2028-06-16 16:00:00,ENTC,Software,Server,High,Tech_C,98.0,242,Pending,No,3.0,6
T3790,2028-06-17 00:00:00,ENTC,Network,Laptop,Medium,Tech_A,14.0,185,Resolved,No,5.0,9
T3791,2028-06-17 08:00:00,CSE,Hardware,Laptop,Medium,Tech_E,88.0,235,Resolved,No,5.0,9
T3792,2028-06-17 16:00:00,ENTC,Software,Server,Medium,Tech_C,113.0,273,Resolved,Yes,2.0,10
T3793,2028-06-18 00:00:00,IT,Login,Laptop,Medium,Tech_E,20.0,165,Resolved,No,5.0,10
T3794,2028-06-18 08:00:00,CSE,Hardware,Laptop,Low,Tech_B,109.0,180,Resolved,No,3.0,2
T3795,2028-06-18 16:00:00,ENTC,Printer,Printer,Low,Tech_D,20.0,66,Resolved,No,4.0,3
T3796,2028-06-19 00:00:00,Admin,Software,Server,Medium,Tech_D,46.0,201,Resolved,No,5.0,10
T3797,2028-06-19 08:00:00,Accounts,Printer,Printer,Low,Tech_C,7.0,90,Resolved,No,3.0,7
T3798,2028-06-19 16:00:00,ENTC,Printer,Printer,Low,Tech_E,27.0,147,Escalated,No,4.0,10
T3799,2028-06-20 00:00:00,IT,Printer,Printer,Medium,Tech_D,90.0,189,Resolved,No,4.0,9
T3800,2028-06-20 08:00:00,Mechanical,Network,Router,Medium,Tech_C,32.0,186,Resolved,Yes,5.0,6
T3801,2028-06-20 16:00:00,ENTC,Printer,Printer,Low,Tech_D,114.0,153,Resolved,No,1.0,1
T3802,2028-06-21 00:00:00,Mechanical,Login,Laptop,High,Tech_D,49.0,218,Escalated,Yes,5.0,7
T3803,2028-06-21 08:00:00,Admin,Login,Desktop,High,Tech_A,104.0,184,Resolved,No,5.0,1
T3804,2028-06-21 16:00:00,ENTC,Hardware,Desktop,Low,Tech_C,72.0,174,Resolved,No,1.0,5
T3805,2028-06-22 00:00:00,CSE,Security,Laptop,High,Tech_D,106.0,301,Resolved,No,5.0,9
T3806,2028-06-22 08:00:00,Mechanical,Printer,Printer,Low,Tech_C,28.0,161,Resolved,No,3.0,10
T3807,2028-06-22 16:00:00,Admin,Printer,Printer,Medium,Tech_A,23.0,172,Resolved,No,1.0,10
T3808,2028-06-23 00:00:00,CSE,Software,Laptop,Medium,Tech_C,79.0,221,Pending,No,3.0,9
T3809,2028-06-23 08:00:00,CSE,Network,Laptop,Medium,Tech_A,44.0,98,Resolved,No,4.0,1
T3810,2028-06-23 16:00:00,CSE,Security,Server,High,Tech_D,50.0,233,Escalated,No,1.0,6
T3811,2028-06-24 00:00:00,CSE,Hardware,Desktop,Medium,Tech_D,44.0,137,Resolved,No,4.0,3
T3812,2028-06-24 08:00:00,ENTC,Security,Server,Medium,Tech_D,66.0,231,Resolved,No,2.0,9
T3813,2028-06-24 16:00:00,Accounts,Printer,Printer,Low,Tech_A,114.0,153,Resolved,No,2.0,3
T3814,2028-06-25 00:00:00,ENTC,Software,Laptop,Medium,Tech_B,107.0,165,Resolved,No,3.0,2
T3815,2028-06-25 08:00:00,ENTC,Network,Router,High,Tech_A,22.0,194,Resolved,No,4.0,8
T3816,2028-06-25 16:00:00,Admin,Hardware,Laptop,Medium,Tech_A,16.0,169,Resolved,Yes,4.0,3
T3817,2028-06-26 00:00:00,Admin,Security,Laptop,Medium,Tech_E,18.0,176,Escalated,No,1.0,5
T3818,2028-06-26 08:00:00,Accounts,Hardware,Laptop,Medium,Tech_D,115.0,214,Resolved,No,2.0,6
T3819,2028-06-26 16:00:00,Admin,Printer,Printer,Low,Tech_D,86.0,199,Resolved,No,3.0,10
T3820,2028-06-27 00:00:00,IT,Hardware,Laptop,Low,Tech_E,65.0,206,Resolved,No,3.0,10
T3821,2028-06-27 08:00:00,Accounts,Software,Laptop,Medium,Tech_B,112.0,166,Resolved,No,1.0,1
T3822,2028-06-27 16:00:00,Admin,Hardware,Desktop,High,Tech_C,110.0,289,Resolved,No,1.0,7
T3823,2028-06-28 00:00:00,Accounts,Login,Desktop,Medium,Tech_D,16.0,142,Resolved,No,3.0,7
T3824,2028-06-28 08:00:00,ENTC,Software,Server,Medium,Tech_D,108.0,205,Resolved,No,1.0,5
T3825,2028-06-28 16:00:00,ENTC,Security,Server,High,Tech_A,31.0,272,Pending,Yes,4.0,9
T3826,2028-06-29 00:00:00,Accounts,Network,Server,Low,Tech_B,10.0,83,Resolved,No,3.0,2
T3827,2028-06-29 08:00:00,IT,Network,Router,Medium,Tech_B,92.0,183,Resolved,No,5.0,5
T3828,2028-06-29 16:00:00,IT,Printer,Printer,Medium,Tech_B,119.0,197,Resolved,No,2.0,2
T3829,2028-06-30 00:00:00,Accounts,Printer,Printer,Medium,Tech_B,37.0,69,Resolved,No,2.0,2
T3830,2028-06-30 08:00:00,Admin,Login,Desktop,Low,Tech_E,113.0,197,Resolved,No,5.0,9
T3831,2028-06-30 16:00:00,Mechanical,Security,Laptop,High,Tech_A,84.0,260,Resolved,No,5.0,7
T3832,2028-07-01 00:00:00,IT,Network,Server,High,Tech_E,54.0,202,Resolved,No,4.0,4
T3833,2028-07-01 08:00:00,CSE,Network,Server,Medium,Tech_E,16.0,147,Resolved,No,3.0,8
T3834,2028-07-01 16:00:00,ENTC,Network,Router,Medium,Tech_C,99.0,188,Escalated,No,1.0,4
T3835,2028-07-02 00:00:00,Accounts,Network,Server,High,Tech_A,61.0,179,Resolved,No,2.0,1
T3836,2028-07-02 08:00:00,CSE,Hardware,Laptop,Medium,Tech_B,105.0,244,Resolved,No,5.0,10
T3837,2028-07-02 16:00:00,Accounts,Security,Laptop,Medium,Tech_A,57.0,173,Resolved,No,3.0,3
T3838,2028-07-03 00:00:00,ENTC,Software,Laptop,Medium,Tech_B,17.0,171,Resolved,No,1.0,10
T3839,2028-07-03 08:00:00,ENTC,Software,Laptop,Low,Tech_C,76.0,104,Resolved,No,2.0,1
T3840,2028-07-03 16:00:00,IT,Login,Laptop,Medium,Tech_D,106.0,163,Resolved,No,3.0,2
T3841,2028-07-04 00:00:00,IT,Hardware,Laptop,Medium,Tech_E,7.0,108,Pending,No,2.0,2
T3842,2028-07-04 08:00:00,CSE,Network,Laptop,Medium,Tech_C,68.0,206,Resolved,No,4.0,7
T3843,2028-07-04 16:00:00,Accounts,Network,Laptop,Medium,Tech_E,88.0,188,Resolved,No,2.0,4
T3844,2028-07-05 00:00:00,ENTC,Printer,Printer,Low,Tech_B,62.0,194,Resolved,Yes,4.0,10
T3845,2028-07-05 08:00:00,CSE,Printer,Printer,Low,Tech_B,8.0,123,Resolved,No,4.0,9
T3846,2028-07-05 16:00:00,Mechanical,Login,Laptop,Low,Tech_C,112.0,137,Resolved,No,4.0,2
T3847,2028-07-06 00:00:00,CSE,Network,Router,High,Tech_D,49.0,249,Escalated,No,1.0,9
T3848,2028-07-06 08:00:00,Admin,Login,Server,Medium,Tech_D,70.0,177,Resolved,No,1.0,6
T3849,2028-07-06 16:00:00,CSE,Hardware,Desktop,Medium,Tech_E,119.0,293,Escalated,Yes,4.0,10
T3850,2028-07-07 00:00:00,Admin,Software,Laptop,Medium,Tech_B,40.0,177,Resolved,No,3.0,8
T3851,2028-07-07 08:00:00,Admin,Network,Router,High,Tech_B,27.0,221,Resolved,No,4.0,7
T3852,2028-07-07 16:00:00,Admin,Security,Server,High,Tech_D,113.0,289,Resolved,No,3.0,8
T3853,2028-07-08 00:00:00,Mechanical,Hardware,Laptop,Medium,Tech_B,23.0,199,Resolved,No,2.0,9
T3854,2028-07-08 08:00:00,CSE,Network,Router,Medium,Tech_B,44.0,190,Resolved,No,1.0,8
T3855,2028-07-08 16:00:00,CSE,Security,Laptop,Medium,Tech_C,76.0,238,Escalated,Yes,3.0,6
T3856,2028-07-09 00:00:00,Mechanical,Printer,Printer,Medium,Tech_D,20.0,163,Escalated,Yes,3.0,8
T3857,2028-07-09 08:00:00,ENTC,Login,Laptop,Medium,Tech_D,62.0,194,Resolved,No,3.0,8
T3858,2028-07-09 16:00:00,IT,Printer,Printer,Medium,Tech_A,111.0,165,Resolved,No,5.0,2
T3859,2028-07-10 00:00:00,CSE,Software,Server,High,Tech_D,22.0,182,Resolved,Yes,1.0,2
T3860,2028-07-10 08:00:00,IT,Printer,Printer,High,Tech_D,40.0,148,Pending,No,5.0,1
T3861,2028-07-10 16:00:00,Accounts,Network,Router,Medium,Tech_A,28.0,195,Resolved,No,2.0,10
T3862,2028-07-11 00:00:00,Accounts,Security,Server,Medium,Tech_B,5.0,143,Resolved,Yes,3.0,2
T3863,2028-07-11 08:00:00,Mechanical,Printer,Printer,Low,Tech_B,5.0,126,Resolved,No,1.0,7
T3864,2028-07-11 16:00:00,Accounts,Network,Router,Low,Tech_E,68.0,126,Resolved,No,1.0,3
T3865,2028-07-12 00:00:00,Accounts,Software,Server,Medium,Tech_B,66.0,165,Resolved,No,1.0,4
T3866,2028-07-12 08:00:00,ENTC,Security,Desktop,High,Tech_D,114.0,265,Resolved,Yes,3.0,4
T3867,2028-07-12 16:00:00,ENTC,Printer,Printer,Low,Tech_E,40.0,120,Resolved,No,4.0,4
T3868,2028-07-13 00:00:00,ENTC,Login,Laptop,Medium,Tech_E,79.0,118,Resolved,No,4.0,2
T3869,2028-07-13 08:00:00,Accounts,Login,Desktop,Low,Tech_B,,107,Resolved,No,4.0,6
T3870,2028-07-13 16:00:00,Mechanical,Security,Server,High,Tech_E,20.0,176,Resolved,Yes,5.0,1
T3871,2028-07-14 00:00:00,Admin,Login,Desktop,High,Tech_A,21.0,177,Resolved,No,3.0,5
T3872,2028-07-14 08:00:00,Admin,Printer,Printer,Low,Tech_E,28.0,65,Resolved,No,2.0,2
T3873,2028-07-14 16:00:00,IT,Printer,Printer,Low,Tech_C,102.0,224,Resolved,Yes,5.0,9
T3874,2028-07-15 00:00:00,Admin,Security,Laptop,High,Tech_A,72.0,215,Resolved,No,1.0,2
T3875,2028-07-15 08:00:00,Admin,Printer,Printer,High,Tech_D,103.0,209,Resolved,No,4.0,6
T3876,2028-07-15 16:00:00,ENTC,Network,Laptop,Medium,Tech_B,83.0,191,Resolved,No,1.0,4
T3877,2028-07-16 00:00:00,ENTC,Software,Server,High,Tech_B,6.0,163,Resolved,No,5.0,6
T3878,2028-07-16 08:00:00,Accounts,Login,Server,Medium,Tech_C,119.0,190,Pending,No,4.0,2
T3879,2028-07-16 16:00:00,IT,Network,Server,Medium,Tech_B,99.0,180,Resolved,No,3.0,2
T3880,2028-07-17 00:00:00,CSE,Security,Server,Medium,Tech_D,77.0,217,Resolved,No,4.0,7
T3881,2028-07-17 08:00:00,IT,Login,Desktop,Medium,Tech_E,14.0,100,Pending,No,4.0,3
T3882,2028-07-17 16:00:00,IT,Network,Router,Medium,Tech_B,57.0,147,Resolved,No,4.0,3
T3883,2028-07-18 00:00:00,Mechanical,Printer,Printer,Medium,Tech_D,93.0,227,Resolved,Yes,5.0,7
T3884,2028-07-18 08:00:00,Accounts,Security,Desktop,High,Tech_A,55.0,287,Resolved,Yes,4.0,8
T3885,2028-07-18 16:00:00,Mechanical,Security,Desktop,Medium,Tech_D,73.0,215,Escalated,No,,7
T3886,2028-07-19 00:00:00,IT,Login,Laptop,Medium,Tech_C,18.0,117,Resolved,No,1.0,3
T3887,2028-07-19 08:00:00,IT,Printer,Printer,Low,Tech_D,110.0,149,Resolved,No,3.0,3
T3888,2028-07-19 16:00:00,IT,Login,Server,Medium,Tech_B,116.0,223,Resolved,No,4.0,7
T3889,2028-07-20 00:00:00,Admin,Hardware,Laptop,Medium,Tech_E,,203,Resolved,No,5.0,3
T3890,2028-07-20 08:00:00,Mechanical,Network,Router,Medium,Tech_D,108.0,189,Resolved,No,4.0,2
T3891,2028-07-20 16:00:00,IT,Hardware,Desktop,Medium,Tech_C,70.0,194,Resolved,No,4.0,7
T3892,2028-07-21 00:00:00,ENTC,Network,Server,Medium,Tech_A,86.0,174,Resolved,No,4.0,3
T3893,2028-07-21 08:00:00,Accounts,Software,Desktop,Medium,Tech_C,97.0,200,Resolved,No,2.0,5
T3894,2028-07-21 16:00:00,Accounts,Security,Server,Medium,Tech_A,57.0,249,Resolved,Yes,3.0,7
T3895,2028-07-22 00:00:00,ENTC,Login,Desktop,High,Tech_D,88.0,197,Resolved,No,3.0,2
T3896,2028-07-22 08:00:00,Accounts,Software,Desktop,Low,Tech_E,68.0,157,Resolved,No,5.0,8
T3897,2028-07-22 16:00:00,Admin,Software,Server,Low,Tech_C,76.0,145,Resolved,No,1.0,2
T3898,2028-07-23 00:00:00,Admin,Security,Server,High,Tech_E,105.0,301,Resolved,Yes,1.0,4
T3899,2028-07-23 08:00:00,CSE,Security,Laptop,Medium,Tech_D,53.0,170,Resolved,No,1.0,4
T3900,2028-07-23 16:00:00,CSE,Network,Server,Medium,Tech_E,116.0,235,Resolved,No,4.0,8
T3901,2028-07-24 00:00:00,CSE,Hardware,Laptop,High,Tech_E,94.0,213,Resolved,No,5.0,1
T3902,2028-07-24 08:00:00,Accounts,Printer,Printer,Low,Tech_C,66.0,157,Resolved,No,4.0,9
T3903,2028-07-24 16:00:00,Admin,Network,Server,Medium,Tech_D,41.0,197,Resolved,Yes,2.0,6
T3904,2028-07-25 00:00:00,Admin,Printer,Printer,Low,Tech_E,53.0,113,Resolved,No,,4
T3905,2028-07-25 08:00:00,Admin,Software,Server,Low,Tech_A,72.0,168,Pending,No,5.0,6
T3906,2028-07-25 16:00:00,ENTC,Printer,Printer,Low,Tech_B,37.0,122,Resolved,No,5.0,6
T3907,2028-07-26 00:00:00,Admin,Hardware,Desktop,Medium,Tech_A,26.0,166,Pending,No,2.0,9
T3908,2028-07-26 08:00:00,ENTC,Network,Laptop,High,Tech_E,74.0,242,Resolved,Yes,5.0,4
T3909,2028-07-26 16:00:00,CSE,Security,Server,Medium,Tech_D,37.0,220,Resolved,No,2.0,8
T3910,2028-07-27 00:00:00,CSE,Hardware,Laptop,Medium,Tech_A,32.0,122,Escalated,No,1.0,1
T3911,2028-07-27 08:00:00,Accounts,Hardware,Laptop,High,Tech_D,92.0,250,Resolved,No,5.0,6
T3912,2028-07-27 16:00:00,CSE,Network,Server,Medium,Tech_A,8.0,133,Escalated,No,4.0,5
T3913,2028-07-28 00:00:00,Accounts,Security,Laptop,High,Tech_D,70.0,212,Resolved,No,3.0,3
T3914,2028-07-28 08:00:00,IT,Hardware,Desktop,Medium,Tech_E,81.0,216,Resolved,No,2.0,4
T3915,2028-07-28 16:00:00,IT,Security,Laptop,High,Tech_C,114.0,288,Resolved,No,1.0,8
T3916,2028-07-29 00:00:00,Mechanical,Login,Server,High,Tech_A,53.0,241,Resolved,No,1.0,10
T3917,2028-07-29 08:00:00,Accounts,Login,Server,Medium,Tech_D,15.0,105,Escalated,No,3.0,2
T3918,2028-07-29 16:00:00,Mechanical,Login,Desktop,Low,Tech_A,39.0,136,Resolved,No,5.0,8
T3919,2028-07-30 00:00:00,Mechanical,Printer,Printer,Medium,Tech_D,43.0,144,Resolved,No,4.0,7
T3920,2028-07-30 08:00:00,IT,Hardware,Laptop,Medium,Tech_D,14.0,108,Escalated,No,3.0,1
T3921,2028-07-30 16:00:00,Accounts,Network,Laptop,High,Tech_C,111.0,225,Escalated,No,5.0,2
T3922,2028-07-31 00:00:00,IT,Network,Server,High,Tech_D,78.0,240,Resolved,No,5.0,7
T3923,2028-07-31 08:00:00,Mechanical,Printer,Printer,Medium,Tech_A,76.0,166,Resolved,No,2.0,3
T3924,2028-07-31 16:00:00,Accounts,Network,Router,Low,Tech_E,73.0,121,Resolved,No,4.0,2
T3925,2028-08-01 00:00:00,Mechanical,Login,Laptop,Medium,Tech_B,27.0,87,Resolved,No,4.0,1
T3926,2028-08-01 08:00:00,Admin,Hardware,Laptop,Medium,Tech_D,38.0,192,Escalated,No,2.0,7
T3927,2028-08-01 16:00:00,Accounts,Network,Router,High,Tech_B,115.0,208,Pending,No,5.0,3
T3928,2028-08-02 00:00:00,Accounts,Network,Router,Medium,Tech_E,36.0,154,Resolved,No,5.0,6
T3929,2028-08-02 08:00:00,Mechanical,Software,Desktop,Low,Tech_B,20.0,148,Resolved,No,4.0,10
T3930,2028-08-02 16:00:00,Admin,Software,Server,High,Tech_D,72.0,231,Resolved,No,4.0,8
T3931,2028-08-03 00:00:00,ENTC,Software,Desktop,Medium,Tech_A,,161,Resolved,No,4.0,6
T3932,2028-08-03 08:00:00,IT,Hardware,Desktop,Medium,Tech_C,32.0,155,Resolved,No,4.0,7
T3933,2028-08-03 16:00:00,Mechanical,Login,Desktop,Medium,Tech_D,116.0,223,Resolved,No,5.0,6
T3934,2028-08-04 00:00:00,Accounts,Security,Laptop,High,Tech_D,112.0,328,Resolved,Yes,4.0,7
T3935,2028-08-04 08:00:00,IT,Login,Laptop,Medium,Tech_C,64.0,138,Resolved,No,5.0,5
T3936,2028-08-04 16:00:00,IT,Login,Server,Medium,Tech_C,82.0,216,Resolved,No,2.0,9
T3937,2028-08-05 00:00:00,IT,Hardware,Laptop,Medium,Tech_C,80.0,175,Resolved,No,1.0,3
T3938,2028-08-05 08:00:00,ENTC,Hardware,Laptop,Low,Tech_C,64.0,174,Pending,No,2.0,6
T3939,2028-08-05 16:00:00,CSE,Software,Server,Medium,Tech_C,89.0,221,Resolved,No,2.0,9
T3940,2028-08-06 00:00:00,Mechanical,Network,Router,Medium,Tech_D,116.0,159,Resolved,No,3.0,1
T3941,2028-08-06 08:00:00,CSE,Printer,Printer,Medium,Tech_B,84.0,178,Resolved,No,2.0,5
T3942,2028-08-06 16:00:00,CSE,Printer,Printer,Low,Tech_A,48.0,100,Pending,No,3.0,4
T3943,2028-08-07 00:00:00,CSE,Security,Server,High,Tech_D,6.0,194,Pending,No,3.0,9
T3944,2028-08-07 08:00:00,IT,Network,Router,Medium,Tech_E,27.0,112,Resolved,No,3.0,1
T3945,2028-08-07 16:00:00,Admin,Security,Server,High,Tech_D,,230,Resolved,No,2.0,4
T3946,2028-08-08 00:00:00,IT,Software,Desktop,Medium,Tech_D,50.0,155,Resolved,Yes,1.0,1
T3947,2028-08-08 08:00:00,IT,Security,Laptop,High,Tech_B,111.0,247,Resolved,No,3.0,3
T3948,2028-08-08 16:00:00,Accounts,Network,Router,Medium,Tech_C,77.0,175,Resolved,No,4.0,4
T3949,2028-08-09 00:00:00,Accounts,Network,Server,Medium,Tech_E,58.0,139,Resolved,No,4.0,1
T3950,2028-08-09 08:00:00,CSE,Printer,Printer,Low,Tech_B,75.0,138,Resolved,No,5.0,5
T3951,2028-08-09 16:00:00,IT,Software,Desktop,High,Tech_A,97.0,225,Resolved,No,4.0,6
T3952,2028-08-10 00:00:00,CSE,Hardware,Desktop,High,Tech_E,112.0,232,Resolved,No,4.0,1
T3953,2028-08-10 08:00:00,Accounts,Security,Server,High,Tech_E,85.0,317,Resolved,Yes,3.0,10
T3954,2028-08-10 16:00:00,Admin,Printer,Printer,Low,Tech_B,13.0,121,Resolved,No,2.0,10
T3955,2028-08-11 00:00:00,Mechanical,Security,Desktop,High,Tech_E,74.0,261,Resolved,Yes,4.0,4
T3956,2028-08-11 08:00:00,CSE,Security,Server,High,Tech_D,48.0,236,Escalated,Yes,2.0,4
T3957,2028-08-11 16:00:00,Admin,Hardware,Desktop,Medium,Tech_D,88.0,165,Resolved,No,1.0,1
T3958,2028-08-12 00:00:00,Mechanical,Software,Server,Low,Tech_C,78.0,123,Resolved,No,4.0,2
T3959,2028-08-12 08:00:00,ENTC,Network,Server,Medium,Tech_B,77.0,253,Resolved,Yes,1.0,10
T3960,2028-08-12 16:00:00,CSE,Login,Desktop,High,Tech_D,16.0,199,Resolved,Yes,1.0,5
T3961,2028-08-13 00:00:00,CSE,Security,Desktop,High,Tech_E,101.0,249,Resolved,Yes,5.0,2
T3962,2028-08-13 08:00:00,ENTC,Login,Server,Medium,Tech_E,36.0,94,Resolved,No,2.0,3
T3963,2028-08-13 16:00:00,ENTC,Software,Server,High,Tech_D,38.0,215,Pending,No,2.0,9
T3964,2028-08-14 00:00:00,CSE,Login,Desktop,Medium,Tech_B,87.0,210,Pending,Yes,5.0,5
T3965,2028-08-14 08:00:00,ENTC,Security,Laptop,High,Tech_B,37.0,158,Pending,No,3.0,1
T3966,2028-08-14 16:00:00,IT,Hardware,Desktop,Medium,Tech_A,68.0,190,Resolved,No,5.0,5
T3967,2028-08-15 00:00:00,Mechanical,Login,Server,Medium,Tech_B,52.0,139,Resolved,Yes,5.0,3
T3968,2028-08-15 08:00:00,Mechanical,Software,Desktop,High,Tech_D,20.0,164,Resolved,Yes,5.0,1
T3969,2028-08-15 16:00:00,Mechanical,Software,Laptop,High,Tech_A,54.0,198,Resolved,Yes,1.0,3
T3970,2028-08-16 00:00:00,IT,Hardware,Laptop,Medium,Tech_E,118.0,222,Resolved,No,2.0,6
T3971,2028-08-16 08:00:00,ENTC,Login,Laptop,Medium,Tech_D,27.0,156,Pending,No,3.0,10
T3972,2028-08-16 16:00:00,Admin,Login,Server,Low,Tech_C,30.0,134,Resolved,No,4.0,5
T3973,2028-08-17 00:00:00,ENTC,Network,Server,High,Tech_C,113.0,261,Resolved,Yes,4.0,1
T3974,2028-08-17 08:00:00,CSE,Printer,Printer,Medium,Tech_B,58.0,109,Resolved,No,4.0,2
T3975,2028-08-17 16:00:00,Accounts,Software,Laptop,Medium,Tech_A,48.0,138,Resolved,No,3.0,5
T3976,2028-08-18 00:00:00,Mechanical,Network,Server,Medium,Tech_A,109.0,244,Resolved,No,4.0,9
T3977,2028-08-18 08:00:00,ENTC,Software,Laptop,High,Tech_E,41.0,176,Resolved,No,3.0,5
T3978,2028-08-18 16:00:00,Admin,Network,Server,Low,Tech_B,13.0,106,Resolved,No,4.0,5
T3979,2028-08-19 00:00:00,CSE,Printer,Printer,Low,Tech_A,98.0,121,Resolved,No,4.0,1
T3980,2028-08-19 08:00:00,IT,Network,Server,Medium,Tech_D,17.0,161,Resolved,No,3.0,5
T3981,2028-08-19 16:00:00,IT,Software,Server,Medium,Tech_E,116.0,245,Resolved,No,2.0,8
T3982,2028-08-20 00:00:00,Admin,Login,Desktop,Medium,Tech_A,64.0,215,Resolved,Yes,3.0,9
T3983,2028-08-20 08:00:00,CSE,Software,Desktop,Medium,Tech_C,110.0,251,Escalated,No,3.0,10
T3984,2028-08-20 16:00:00,Mechanical,Security,Server,High,Tech_C,84.0,208,Resolved,No,5.0,3
T3985,2028-08-21 00:00:00,ENTC,Hardware,Laptop,Low,Tech_A,114.0,188,Escalated,No,1.0,4
T3986,2028-08-21 08:00:00,CSE,Hardware,Desktop,Low,Tech_C,6.0,155,Resolved,Yes,1.0,7
T3987,2028-08-21 16:00:00,IT,Security,Server,High,Tech_D,99.0,289,Escalated,No,2.0,7
T3988,2028-08-22 00:00:00,Admin,Hardware,Desktop,Medium,Tech_E,64.0,154,Resolved,No,2.0,1
T3989,2028-08-22 08:00:00,Admin,Hardware,Laptop,Low,Tech_D,61.0,168,Resolved,No,2.0,6
T3990,2028-08-22 16:00:00,ENTC,Printer,Printer,Low,Tech_C,119.0,211,Resolved,No,1.0,9
T3991,2028-08-23 00:00:00,Admin,Login,Desktop,Medium,Tech_A,47.0,165,Escalated,Yes,2.0,5
T3992,2028-08-23 08:00:00,Admin,Login,Laptop,Medium,Tech_A,23.0,166,Pending,No,2.0,8
T3993,2028-08-23 16:00:00,CSE,Software,Desktop,High,Tech_E,15.0,212,Resolved,No,3.0,10
T3994,2028-08-24 00:00:00,Mechanical,Security,Desktop,High,Tech_C,82.0,281,Resolved,No,3.0,9
T3995,2028-08-24 08:00:00,ENTC,Network,Router,Medium,Tech_C,51.0,209,Resolved,No,1.0,10
T3996,2028-08-24 16:00:00,CSE,Software,Desktop,Medium,Tech_C,93.0,240,Resolved,No,3.0,10
T3997,2028-08-25 00:00:00,Mechanical,Software,Server,Medium,Tech_B,67.0,159,Resolved,No,2.0,3
T3998,2028-08-25 08:00:00,CSE,Software,Laptop,Medium,Tech_A,11.0,83,Resolved,No,3.0,1
T3999,2028-08-25 16:00:00,Accounts,Software,Server,Low,Tech_C,83.0,115,Resolved,No,5.0,2
T4000,2028-08-26 00:00:00,CSE,Login,Desktop,Medium,Tech_E,98.0,178,Pending,No,3.0,5
T4001,2028-08-26 08:00:00,Admin,Network,Laptop,Low,Tech_B,35.0,166,Resolved,No,1.0,10
T4002,2028-08-26 16:00:00,Mechanical,Software,Laptop,High,Tech_C,92.0,238,Resolved,No,2.0,7
T4003,2028-08-27 00:00:00,ENTC,Login,Server,Medium,Tech_A,59.0,178,Resolved,No,2.0,6
T4004,2028-08-27 08:00:00,ENTC,Software,Server,Low,Tech_B,29.0,97,Resolved,No,1.0,4
T4005,2028-08-27 16:00:00,Mechanical,Hardware,Desktop,Medium,Tech_D,76.0,233,Resolved,No,3.0,9
T4006,2028-08-28 00:00:00,Admin,Software,Server,High,Tech_E,34.0,189,Resolved,Yes,2.0,4
T4007,2028-08-28 08:00:00,IT,Security,Server,High,Tech_A,40.0,197,Escalated,No,2.0,3
T4008,2028-08-28 16:00:00,CSE,Security,Desktop,High,Tech_D,54.0,229,Resolved,No,5.0,5
T4009,2028-08-29 00:00:00,Admin,Software,Server,Medium,Tech_A,18.0,134,Resolved,No,1.0,4
T4010,2028-08-29 08:00:00,Accounts,Printer,Printer,Medium,Tech_E,33.0,106,Resolved,No,3.0,2
T4011,2028-08-29 16:00:00,Mechanical,Hardware,Laptop,Medium,Tech_C,31.0,109,Resolved,No,3.0,3
T4012,2028-08-30 00:00:00,CSE,Network,Server,Low,Tech_D,54.0,156,Resolved,No,2.0,7
T4013,2028-08-30 08:00:00,ENTC,Software,Desktop,Medium,Tech_D,40.0,137,Resolved,No,4.0,2
T4014,2028-08-30 16:00:00,IT,Network,Server,Medium,Tech_B,38.0,131,Resolved,No,5.0,1
T4015,2028-08-31 00:00:00,Accounts,Hardware,Laptop,High,Tech_C,25.0,171,Resolved,No,5.0,2
T4016,2028-08-31 08:00:00,ENTC,Software,Server,Low,Tech_E,42.0,163,Pending,No,5.0,8
T4017,2028-08-31 16:00:00,Mechanical,Printer,Printer,Low,Tech_B,79.0,201,Resolved,Yes,,8
T4018,2028-09-01 00:00:00,CSE,Login,Server,Medium,Tech_D,101.0,245,Resolved,No,1.0,10
T4019,2028-09-01 08:00:00,Mechanical,Printer,Printer,Medium,Tech_A,83.0,127,Resolved,No,1.0,2
T4020,2028-09-01 16:00:00,CSE,Printer,Printer,Medium,Tech_E,80.0,173,Resolved,No,5.0,6
T4021,2028-09-02 00:00:00,Admin,Login,Laptop,Medium,Tech_B,92.0,199,Resolved,No,4.0,7
T4022,2028-09-02 08:00:00,IT,Login,Desktop,Low,Tech_C,54.0,90,Resolved,No,4.0,1
T4023,2028-09-02 16:00:00,Admin,Security,Laptop,Low,Tech_A,41.0,167,Resolved,No,3.0,7
T4024,2028-09-03 00:00:00,Admin,Login,Desktop,Medium,Tech_B,79.0,198,Resolved,No,4.0,8
T4025,2028-09-03 08:00:00,Mechanical,Software,Laptop,Medium,Tech_E,23.0,148,Resolved,No,5.0,9
T4026,2028-09-03 16:00:00,IT,Network,Router,Medium,Tech_A,5.0,161,Pending,No,3.0,8
T4027,2028-09-04 00:00:00,CSE,Security,Laptop,High,Tech_B,85.0,223,Resolved,No,5.0,3
T4028,2028-09-04 08:00:00,CSE,Security,Desktop,High,Tech_B,44.0,219,Resolved,No,1.0,8
T4029,2028-09-04 16:00:00,Accounts,Network,Router,Medium,Tech_E,59.0,151,Resolved,No,5.0,3
T4030,2028-09-05 00:00:00,ENTC,Security,Laptop,Medium,Tech_C,84.0,241,Escalated,No,3.0,6
T4031,2028-09-05 08:00:00,Accounts,Login,Laptop,Low,Tech_A,30.0,76,Pending,No,5.0,4
T4032,2028-09-05 16:00:00,Accounts,Printer,Printer,Low,Tech_B,47.0,130,Pending,No,2.0,7
T4033,2028-09-06 00:00:00,CSE,Hardware,Laptop,Medium,Tech_E,63.0,190,Resolved,No,3.0,8
T4034,2028-09-06 08:00:00,Mechanical,Login,Desktop,Medium,Tech_B,55.0,199,Resolved,No,4.0,10
T4035,2028-09-06 16:00:00,Admin,Printer,Printer,Medium,Tech_E,111.0,208,Resolved,No,1.0,6
T4036,2028-09-07 00:00:00,Admin,Printer,Printer,Low,Tech_E,19.0,130,Pending,No,4.0,10
T4037,2028-09-07 08:00:00,Admin,Security,Server,High,Tech_B,12.0,180,Pending,No,5.0,4
T4038,2028-09-07 16:00:00,IT,Software,Laptop,High,Tech_E,98.0,249,Resolved,No,4.0,8
T4039,2028-09-08 00:00:00,CSE,Software,Server,Medium,Tech_A,18.0,161,Resolved,No,3.0,7
T4040,2028-09-08 08:00:00,Mechanical,Security,Laptop,High,Tech_E,101.0,289,Resolved,No,2.0,10
T4041,2028-09-08 16:00:00,IT,Security,Laptop,Medium,Tech_C,110.0,254,Resolved,No,4.0,8
T4042,2028-09-09 00:00:00,ENTC,Network,Server,Medium,Tech_C,11.0,197,Pending,No,5.0,10
T4043,2028-09-09 08:00:00,Mechanical,Network,Server,High,Tech_E,22.0,186,Resolved,No,4.0,7
T4044,2028-09-09 16:00:00,Accounts,Hardware,Desktop,Low,Tech_A,16.0,124,Resolved,Yes,4.0,3
T4045,2028-09-10 00:00:00,Mechanical,Hardware,Laptop,Medium,Tech_D,6.0,124,Resolved,No,3.0,3
T4046,2028-09-10 08:00:00,Mechanical,Hardware,Laptop,Medium,Tech_D,54.0,264,Resolved,Yes,5.0,9
T4047,2028-09-10 16:00:00,Admin,Hardware,Laptop,High,Tech_A,97.0,247,Resolved,No,5.0,7
T4048,2028-09-11 00:00:00,Mechanical,Printer,Printer,Low,Tech_C,25.0,72,Escalated,No,2.0,1
T4049,2028-09-11 08:00:00,Accounts,Printer,Printer,Medium,Tech_E,11.0,81,Escalated,No,3.0,3
T4050,2028-09-11 16:00:00,Accounts,Network,Laptop,Medium,Tech_B,120.0,167,Resolved,No,3.0,1
T4051,2028-09-12 00:00:00,CSE,Software,Server,Low,Tech_E,95.0,189,Resolved,Yes,1.0,6
T4052,2028-09-12 08:00:00,Mechanical,Security,Server,Low,Tech_E,16.0,116,Resolved,No,2.0,2
T4053,2028-09-12 16:00:00,Admin,Software,Laptop,Medium,Tech_D,88.0,192,Resolved,No,2.0,7
T4054,2028-09-13 00:00:00,Mechanical,Login,Desktop,Medium,Tech_E,61.0,184,Escalated,No,5.0,8
T4055,2028-09-13 08:00:00,ENTC,Printer,Printer,Medium,Tech_D,82.0,167,Resolved,No,5.0,6
T4056,2028-09-13 16:00:00,ENTC,Hardware,Desktop,Medium,Tech_B,78.0,194,Resolved,No,2.0,5
T4057,2028-09-14 00:00:00,Admin,Hardware,Laptop,Medium,Tech_E,109.0,246,Escalated,No,3.0,10
T4058,2028-09-14 08:00:00,CSE,Login,Desktop,Low,Tech_A,27.0,81,Resolved,No,1.0,4
T4059,2028-09-14 16:00:00,CSE,Software,Desktop,Medium,Tech_E,34.0,170,Resolved,No,5.0,9
T4060,2028-09-15 00:00:00,Accounts,Hardware,Desktop,High,Tech_A,115.0,316,Resolved,Yes,1.0,8
T4061,2028-09-15 08:00:00,Accounts,Software,Desktop,Medium,Tech_D,62.0,164,Escalated,No,2.0,5
T4062,2028-09-15 16:00:00,IT,Security,Server,High,Tech_E,99.0,214,Pending,No,3.0,1
T4063,2028-09-16 00:00:00,Admin,Login,Desktop,Low,Tech_D,56.0,140,Escalated,No,1.0,8
T4064,2028-09-16 08:00:00,Mechanical,Software,Desktop,Medium,Tech_A,60.0,199,Escalated,No,4.0,8
T4065,2028-09-16 16:00:00,Admin,Security,Server,Medium,Tech_D,14.0,220,Resolved,Yes,2.0,7
T4066,2028-09-17 00:00:00,IT,Software,Desktop,Medium,Tech_C,23.0,181,Resolved,Yes,3.0,7
T4067,2028-09-17 08:00:00,Accounts,Software,Desktop,Medium,Tech_A,23.0,164,Resolved,No,2.0,8
T4068,2028-09-17 16:00:00,Admin,Hardware,Desktop,Medium,Tech_D,112.0,157,Pending,No,2.0,1
T4069,2028-09-18 00:00:00,Admin,Network,Router,Medium,Tech_E,91.0,182,Resolved,No,1.0,3
T4070,2028-09-18 08:00:00,Accounts,Printer,Printer,Low,Tech_D,63.0,137,Escalated,No,1.0,4
T4071,2028-09-18 16:00:00,IT,Software,Laptop,Medium,Tech_B,48.0,173,Resolved,No,4.0,6
T4072,2028-09-19 00:00:00,Accounts,Software,Laptop,Medium,Tech_A,109.0,254,Pending,No,5.0,10
T4073,2028-09-19 08:00:00,CSE,Software,Desktop,Low,Tech_D,63.0,162,Resolved,No,4.0,10
T4074,2028-09-19 16:00:00,Mechanical,Network,Laptop,High,Tech_C,100.0,263,Resolved,No,3.0,9
T4075,2028-09-20 00:00:00,Accounts,Security,Server,High,Tech_B,88.0,265,Resolved,Yes,3.0,4
T4076,2028-09-20 08:00:00,IT,Login,Desktop,Low,Tech_A,8.0,91,Resolved,No,2.0,6
T4077,2028-09-20 16:00:00,ENTC,Hardware,Laptop,Low,Tech_B,101.0,208,Resolved,No,1.0,9
T4078,2028-09-21 00:00:00,CSE,Network,Router,High,Tech_E,116.0,288,Resolved,No,2.0,9
T4079,2028-09-21 08:00:00,ENTC,Security,Server,High,Tech_C,69.0,258,Resolved,No,5.0,6
T4080,2028-09-21 16:00:00,Accounts,Software,Server,High,Tech_E,17.0,146,Resolved,No,2.0,5
T4081,2028-09-22 00:00:00,CSE,Security,Server,High,Tech_D,71.0,233,Resolved,No,3.0,3
T4082,2028-09-22 08:00:00,Mechanical,Network,Server,Medium,Tech_B,16.0,165,Resolved,Yes,3.0,5
T4083,2028-09-22 16:00:00,Accounts,Network,Router,Medium,Tech_E,97.0,199,Escalated,No,4.0,3
T4084,2028-09-23 00:00:00,Mechanical,Network,Router,Low,Tech_D,59.0,179,Pending,Yes,2.0,5
T4085,2028-09-23 08:00:00,Admin,Login,Laptop,Medium,Tech_C,65.0,230,Resolved,Yes,,10
T4086,2028-09-23 16:00:00,ENTC,Printer,Printer,Low,Tech_E,99.0,201,Pending,No,5.0,10
T4087,2028-09-24 00:00:00,CSE,Hardware,Laptop,High,Tech_B,45.0,193,Escalated,Yes,5.0,1
T4088,2028-09-24 08:00:00,Mechanical,Login,Desktop,Medium,Tech_E,40.0,171,Escalated,No,1.0,6
T4089,2028-09-24 16:00:00,IT,Login,Laptop,Medium,Tech_C,6.0,140,Pending,No,5.0,7
T4090,2028-09-25 00:00:00,Mechanical,Printer,Printer,Low,Tech_D,26.0,68,Resolved,No,1.0,2
T4091,2028-09-25 08:00:00,IT,Login,Desktop,Medium,Tech_E,26.0,118,Resolved,No,1.0,3
T4092,2028-09-25 16:00:00,Accounts,Network,Router,Medium,Tech_E,45.0,209,Resolved,No,4.0,10
T4093,2028-09-26 00:00:00,CSE,Network,Router,Medium,Tech_A,99.0,230,Resolved,No,2.0,9
T4094,2028-09-26 08:00:00,Mechanical,Security,Desktop,High,Tech_D,120.0,292,Resolved,No,3.0,8
T4095,2028-09-26 16:00:00,Mechanical,Software,Server,Medium,Tech_A,113.0,205,Resolved,No,3.0,4
T4096,2028-09-27 00:00:00,CSE,Login,Laptop,Medium,Tech_A,18.0,147,Resolved,No,2.0,8
T4097,2028-09-27 08:00:00,Mechanical,Software,Desktop,Medium,Tech_C,97.0,236,Resolved,Yes,5.0,8
T4098,2028-09-27 16:00:00,IT,Hardware,Desktop,Medium,Tech_C,39.0,180,Resolved,No,1.0,6
T4099,2028-09-28 00:00:00,Mechanical,Network,Router,High,Tech_B,54.0,158,Resolved,No,3.0,1
T4100,2028-09-28 08:00:00,ENTC,Security,Desktop,High,Tech_D,13.0,170,Pending,No,4.0,2
T4101,2028-09-28 16:00:00,Accounts,Hardware,Laptop,Medium,Tech_D,115.0,208,Resolved,No,5.0,4
T4102,2028-09-29 00:00:00,Admin,Security,Desktop,High,Tech_C,100.0,245,Escalated,Yes,4.0,4
T4103,2028-09-29 08:00:00,IT,Printer,Printer,Medium,Tech_C,63.0,130,Resolved,No,3.0,2
T4104,2028-09-29 16:00:00,ENTC,Network,Router,Medium,Tech_A,60.0,209,Resolved,No,2.0,9
T4105,2028-09-30 00:00:00,Accounts,Hardware,Desktop,Medium,Tech_C,95.0,183,Resolved,No,2.0,2
T4106,2028-09-30 08:00:00,CSE,Printer,Printer,Low,Tech_E,14.0,100,Resolved,Yes,4.0,6
T4107,2028-09-30 16:00:00,IT,Hardware,Laptop,High,Tech_D,29.0,176,Resolved,No,5.0,5
T4108,2028-10-01 00:00:00,Admin,Security,Server,Medium,Tech_B,117.0,243,Pending,No,3.0,4
T4109,2028-10-01 08:00:00,Accounts,Printer,Printer,Low,Tech_A,49.0,152,Resolved,Yes,1.0,6
T4110,2028-10-01 16:00:00,Admin,Printer,Printer,Low,Tech_E,101.0,124,Pending,No,2.0,4
T4111,2028-10-02 00:00:00,CSE,Network,Laptop,High,Tech_C,15.0,233,Resolved,Yes,4.0,9
T4112,2028-10-02 08:00:00,CSE,Software,Laptop,Medium,Tech_B,105.0,220,Resolved,No,3.0,10
T4113,2028-10-02 16:00:00,IT,Security,Server,High,Tech_C,13.0,206,Resolved,No,5.0,7
T4114,2028-10-03 00:00:00,Mechanical,Security,Laptop,High,Tech_E,11.0,178,Resolved,No,1.0,3
T4115,2028-10-03 08:00:00,CSE,Printer,Printer,Low,Tech_B,75.0,184,Resolved,No,1.0,10
T4116,2028-10-03 16:00:00,Accounts,Printer,Printer,Low,Tech_C,38.0,112,Resolved,No,2.0,4
T4117,2028-10-04 00:00:00,Mechanical,Network,Server,Medium,Tech_E,87.0,160,Escalated,No,1.0,1
T4118,2028-10-04 08:00:00,ENTC,Software,Desktop,High,Tech_E,24.0,183,Resolved,No,3.0,6
T4119,2028-10-04 16:00:00,Admin,Security,Server,High,Tech_B,118.0,242,Pending,No,2.0,2
T4120,2028-10-05 00:00:00,Mechanical,Login,Server,High,Tech_E,110.0,208,Resolved,No,2.0,4
T4121,2028-10-05 08:00:00,Admin,Login,Laptop,Medium,Tech_C,93.0,180,Resolved,No,2.0,5
T4122,2028-10-05 16:00:00,Mechanical,Software,Desktop,Medium,Tech_B,9.0,161,Resolved,No,3.0,8
T4123,2028-10-06 00:00:00,ENTC,Hardware,Laptop,Low,Tech_A,116.0,189,Resolved,No,4.0,3
T4124,2028-10-06 08:00:00,CSE,Network,Laptop,Medium,Tech_E,97.0,229,Resolved,Yes,1.0,6
T4125,2028-10-06 16:00:00,ENTC,Software,Desktop,High,Tech_C,59.0,158,Resolved,No,1.0,1
T4126,2028-10-07 00:00:00,CSE,Login,Desktop,Medium,Tech_B,95.0,206,Resolved,No,4.0,9
T4127,2028-10-07 08:00:00,CSE,Printer,Printer,Low,Tech_A,93.0,128,Resolved,No,2.0,1
T4128,2028-10-07 16:00:00,Admin,Login,Desktop,Low,Tech_A,105.0,156,Resolved,No,5.0,2
T4129,2028-10-08 00:00:00,Accounts,Printer,Printer,Low,Tech_D,19.0,64,Resolved,No,3.0,1
T4130,2028-10-08 08:00:00,ENTC,Network,Router,Medium,Tech_D,52.0,171,Pending,No,2.0,8
T4131,2028-10-08 16:00:00,Mechanical,Printer,Printer,Low,Tech_B,8.0,85,Resolved,No,2.0,4
T4132,2028-10-09 00:00:00,ENTC,Software,Desktop,High,Tech_E,82.0,204,Resolved,No,2.0,2
T4133,2028-10-09 08:00:00,Admin,Printer,Printer,Low,Tech_C,117.0,172,Resolved,No,1.0,7
T4134,2028-10-09 16:00:00,CSE,Hardware,Laptop,Medium,Tech_E,85.0,236,Pending,No,1.0,8
T4135,2028-10-10 00:00:00,Admin,Software,Laptop,Medium,Tech_C,25.0,167,Resolved,No,5.0,9
T4136,2028-10-10 08:00:00,IT,Network,Laptop,Medium,Tech_C,84.0,228,Resolved,Yes,3.0,5
T4137,2028-10-10 16:00:00,IT,Software,Server,Low,Tech_D,94.0,129,Resolved,No,2.0,3
T4138,2028-10-11 00:00:00,Mechanical,Hardware,Laptop,High,Tech_D,13.0,139,Pending,No,1.0,1
T4139,2028-10-11 08:00:00,Admin,Network,Laptop,Medium,Tech_E,70.0,186,Resolved,No,4.0,8
T4140,2028-10-11 16:00:00,Mechanical,Login,Desktop,Medium,Tech_B,111.0,206,Resolved,No,1.0,6
T4141,2028-10-12 00:00:00,Mechanical,Hardware,Laptop,Low,Tech_C,83.0,179,Resolved,No,2.0,5
T4142,2028-10-12 08:00:00,IT,Network,Laptop,Medium,Tech_D,39.0,176,Resolved,No,2.0,7
T4143,2028-10-12 16:00:00,Mechanical,Printer,Printer,Medium,Tech_B,92.0,168,Resolved,No,1.0,5
T4144,2028-10-13 00:00:00,IT,Software,Desktop,Medium,Tech_D,116.0,188,Pending,No,4.0,4
T4145,2028-10-13 08:00:00,CSE,Network,Server,Medium,Tech_C,55.0,187,Resolved,Yes,4.0,5
T4146,2028-10-13 16:00:00,Admin,Software,Desktop,Medium,Tech_A,106.0,223,Resolved,No,2.0,7
T4147,2028-10-14 00:00:00,Mechanical,Printer,Printer,Medium,Tech_D,82.0,158,Resolved,No,1.0,6
T4148,2028-10-14 08:00:00,IT,Network,Server,High,Tech_B,105.0,280,Resolved,No,3.0,10
T4149,2028-10-14 16:00:00,ENTC,Login,Laptop,Medium,Tech_E,41.0,193,Resolved,Yes,3.0,10
T4150,2028-10-15 00:00:00,Mechanical,Hardware,Desktop,Medium,Tech_E,10.0,174,Resolved,No,2.0,9
T4151,2028-10-15 08:00:00,Accounts,Network,Router,High,Tech_C,86.0,269,Pending,No,4.0,10
T4152,2028-10-15 16:00:00,CSE,Printer,Printer,Medium,Tech_A,90.0,171,Resolved,No,3.0,2
T4153,2028-10-16 00:00:00,CSE,Network,Router,Medium,Tech_D,86.0,199,Resolved,No,1.0,7
T4154,2028-10-16 08:00:00,ENTC,Software,Server,Low,Tech_D,55.0,108,Resolved,No,5.0,1
T4155,2028-10-16 16:00:00,IT,Security,Server,High,Tech_A,70.0,244,Escalated,No,5.0,8
T4156,2028-10-17 00:00:00,Mechanical,Network,Laptop,Medium,Tech_C,100.0,191,Pending,No,4.0,4
T4157,2028-10-17 08:00:00,IT,Login,Laptop,Low,Tech_C,21.0,128,Resolved,No,5.0,8
T4158,2028-10-17 16:00:00,CSE,Network,Laptop,High,Tech_B,69.0,248,Resolved,No,1.0,8
T4159,2028-10-18 00:00:00,IT,Hardware,Laptop,Medium,Tech_B,13.0,129,Resolved,No,2.0,4
T4160,2028-10-18 08:00:00,CSE,Network,Server,High,Tech_B,17.0,154,Resolved,No,2.0,4
T4161,2028-10-18 16:00:00,IT,Security,Server,High,Tech_C,104.0,238,Resolved,No,1.0,5
T4162,2028-10-19 00:00:00,ENTC,Software,Laptop,High,Tech_D,105.0,251,Resolved,No,2.0,7
T4163,2028-10-19 08:00:00,Admin,Network,Laptop,Medium,Tech_E,62.0,173,Pending,No,1.0,6
T4164,2028-10-19 16:00:00,ENTC,Login,Server,Medium,Tech_C,34.0,112,Resolved,No,1.0,1
T4165,2028-10-20 00:00:00,ENTC,Printer,Printer,Low,Tech_A,35.0,121,Resolved,No,5.0,6
T4166,2028-10-20 08:00:00,Admin,Network,Server,Low,Tech_E,27.0,116,Resolved,No,5.0,3
T4167,2028-10-20 16:00:00,Admin,Network,Server,Medium,Tech_C,67.0,201,Resolved,No,4.0,9
T4168,2028-10-21 00:00:00,Mechanical,Hardware,Desktop,Medium,Tech_C,118.0,208,Resolved,No,5.0,3
T4169,2028-10-21 08:00:00,Mechanical,Login,Server,Low,Tech_B,32.0,147,Resolved,No,2.0,9
T4170,2028-10-21 16:00:00,ENTC,Security,Laptop,High,Tech_D,63.0,226,Resolved,No,5.0,5
T4171,2028-10-22 00:00:00,ENTC,Printer,Printer,Low,Tech_D,14.0,150,Escalated,No,1.0,10
T4172,2028-10-22 08:00:00,CSE,Software,Laptop,Low,Tech_E,93.0,196,Escalated,No,5.0,8
T4173,2028-10-22 16:00:00,CSE,Network,Server,Medium,Tech_C,104.0,288,Resolved,Yes,2.0,9
T4174,2028-10-23 00:00:00,Mechanical,Security,Server,High,Tech_B,94.0,300,Resolved,No,4.0,9
T4175,2028-10-23 08:00:00,Accounts,Printer,Printer,Low,Tech_A,30.0,143,Resolved,No,3.0,7
T4176,2028-10-23 16:00:00,Accounts,Software,Server,Medium,Tech_C,113.0,267,Resolved,No,1.0,10
T4177,2028-10-24 00:00:00,Mechanical,Security,Laptop,High,Tech_B,81.0,229,Pending,Yes,2.0,1
T4178,2028-10-24 08:00:00,CSE,Login,Desktop,Medium,Tech_A,21.0,135,Resolved,No,2.0,8
T4179,2028-10-24 16:00:00,CSE,Login,Server,Medium,Tech_A,44.0,181,Resolved,No,3.0,7
T4180,2028-10-25 00:00:00,Accounts,Printer,Printer,Low,Tech_E,72.0,133,Resolved,No,4.0,4
T4181,2028-10-25 08:00:00,IT,Software,Server,Medium,Tech_D,27.0,176,Resolved,Yes,1.0,6
T4182,2028-10-25 16:00:00,IT,Login,Server,Medium,Tech_D,39.0,179,Resolved,No,4.0,10
T4183,2028-10-26 00:00:00,CSE,Printer,Printer,Low,Tech_E,79.0,142,Resolved,Yes,3.0,2
T4184,2028-10-26 08:00:00,IT,Login,Desktop,High,Tech_C,80.0,208,Pending,No,1.0,4
T4185,2028-10-26 16:00:00,Admin,Login,Server,Medium,Tech_B,13.0,155,Resolved,No,5.0,8
T4186,2028-10-27 00:00:00,Mechanical,Security,Desktop,Medium,Tech_D,83.0,196,Resolved,No,4.0,4
T4187,2028-10-27 08:00:00,Mechanical,Security,Server,High,Tech_E,49.0,285,Escalated,No,5.0,10
T4188,2028-10-27 16:00:00,CSE,Login,Desktop,Medium,Tech_D,41.0,133,Resolved,No,1.0,4
T4189,2028-10-28 00:00:00,ENTC,Hardware,Desktop,High,Tech_D,73.0,224,Escalated,No,3.0,4
T4190,2028-10-28 08:00:00,Accounts,Security,Desktop,High,Tech_D,23.0,257,Resolved,No,5.0,10
T4191,2028-10-28 16:00:00,CSE,Software,Server,Low,Tech_C,79.0,211,Escalated,No,5.0,9
T4192,2028-10-29 00:00:00,IT,Printer,Printer,Low,Tech_E,77.0,116,Resolved,No,2.0,2
T4193,2028-10-29 08:00:00,Accounts,Printer,Printer,Low,Tech_D,103.0,175,Resolved,No,1.0,7
T4194,2028-10-29 16:00:00,ENTC,Software,Server,Medium,Tech_D,118.0,233,Pending,Yes,3.0,3
T4195,2028-10-30 00:00:00,IT,Software,Desktop,Medium,Tech_E,31.0,143,Pending,No,2.0,4
T4196,2028-10-30 08:00:00,Admin,Software,Laptop,Medium,Tech_A,17.0,95,Resolved,No,4.0,1
T4197,2028-10-30 16:00:00,IT,Software,Server,Medium,Tech_C,61.0,146,Resolved,No,3.0,3
T4198,2028-10-31 00:00:00,Admin,Network,Server,Medium,Tech_C,64.0,122,Escalated,No,2.0,2
T4199,2028-10-31 08:00:00,Accounts,Printer,Printer,Low,Tech_B,16.0,136,Resolved,No,4.0,10
T4200,2028-10-31 16:00:00,Admin,Network,Router,Medium,Tech_B,13.0,136,Resolved,No,3.0,7
T4201,2028-11-01 00:00:00,Accounts,Login,Desktop,Medium,Tech_A,110.0,169,Resolved,No,2.0,6
T4202,2028-11-01 08:00:00,Accounts,Login,Laptop,Low,Tech_B,96.0,114,Resolved,No,3.0,1
T4203,2028-11-01 16:00:00,Accounts,Printer,Printer,Low,Tech_D,81.0,151,Resolved,No,5.0,8
T4204,2028-11-02 00:00:00,Accounts,Login,Server,Medium,Tech_D,88.0,208,Pending,No,2.0,9
T4205,2028-11-02 08:00:00,Accounts,Software,Server,Medium,Tech_B,120.0,173,Resolved,No,5.0,1
T4206,2028-11-02 16:00:00,IT,Network,Server,Medium,Tech_C,81.0,192,Escalated,No,2.0,5
T4207,2028-11-03 00:00:00,Accounts,Software,Server,High,Tech_A,31.0,190,Resolved,No,5.0,7
T4208,2028-11-03 08:00:00,IT,Login,Laptop,Medium,Tech_D,94.0,138,Resolved,No,1.0,2
T4209,2028-11-03 16:00:00,Accounts,Security,Server,High,Tech_A,67.0,243,Resolved,No,5.0,6
T4210,2028-11-04 00:00:00,Admin,Network,Router,High,Tech_B,97.0,247,Resolved,No,1.0,8
T4211,2028-11-04 08:00:00,Accounts,Software,Desktop,High,Tech_E,33.0,219,Resolved,No,3.0,8
T4212,2028-11-04 16:00:00,ENTC,Printer,Printer,Medium,Tech_A,26.0,193,Resolved,Yes,4.0,10
T4213,2028-11-05 00:00:00,Accounts,Software,Laptop,Low,Tech_A,77.0,179,Resolved,No,4.0,10
T4214,2028-11-05 08:00:00,Accounts,Security,Server,High,Tech_B,92.0,268,Resolved,No,4.0,8
T4215,2028-11-05 16:00:00,Admin,Login,Laptop,High,Tech_B,110.0,237,Resolved,No,1.0,6
T4216,2028-11-06 00:00:00,Mechanical,Network,Laptop,High,Tech_D,23.0,212,Escalated,Yes,4.0,6
T4217,2028-11-06 08:00:00,Admin,Printer,Printer,Low,Tech_E,42.0,91,Resolved,No,4.0,3
T4218,2028-11-06 16:00:00,ENTC,Network,Router,Low,Tech_E,99.0,159,Pending,No,5.0,2
T4219,2028-11-07 00:00:00,Mechanical,Printer,Printer,Medium,Tech_A,43.0,126,Pending,No,4.0,5
T4220,2028-11-07 08:00:00,CSE,Network,Router,Medium,Tech_E,19.0,187,Resolved,No,1.0,9
T4221,2028-11-07 16:00:00,CSE,Login,Server,Medium,Tech_B,58.0,143,Resolved,No,5.0,4
T4222,2028-11-08 00:00:00,ENTC,Printer,Printer,Low,Tech_B,36.0,117,Pending,No,1.0,5
T4223,2028-11-08 08:00:00,Admin,Hardware,Laptop,Medium,Tech_B,119.0,251,Resolved,Yes,2.0,6
T4224,2028-11-08 16:00:00,IT,Network,Router,Medium,Tech_A,114.0,229,Pending,No,4.0,6
T4225,2028-11-09 00:00:00,ENTC,Network,Router,Medium,Tech_C,116.0,193,Resolved,No,1.0,4
T4226,2028-11-09 08:00:00,Mechanical,Software,Laptop,High,Tech_B,50.0,198,Resolved,No,1.0,4
T4227,2028-11-09 16:00:00,Mechanical,Printer,Printer,Low,Tech_E,65.0,155,Resolved,No,5.0,8
T4228,2028-11-10 00:00:00,Accounts,Security,Desktop,High,Tech_E,97.0,253,Resolved,No,2.0,5
T4229,2028-11-10 08:00:00,CSE,Hardware,Desktop,High,Tech_B,56.0,198,Resolved,No,2.0,5
T4230,2028-11-10 16:00:00,Mechanical,Login,Server,Medium,Tech_C,38.0,177,Resolved,No,4.0,9
T4231,2028-11-11 00:00:00,ENTC,Software,Desktop,Medium,Tech_A,77.0,162,Resolved,No,3.0,4
T4232,2028-11-11 08:00:00,Mechanical,Hardware,Laptop,Medium,Tech_B,39.0,191,Resolved,Yes,3.0,7
T4233,2028-11-11 16:00:00,ENTC,Printer,Printer,Low,Tech_A,74.0,127,Escalated,No,5.0,5
T4234,2028-11-12 00:00:00,IT,Hardware,Desktop,Low,Tech_C,41.0,153,Pending,No,4.0,9
T4235,2028-11-12 08:00:00,Accounts,Network,Laptop,Medium,Tech_B,82.0,225,Pending,Yes,5.0,8
T4236,2028-11-12 16:00:00,CSE,Network,Server,High,Tech_B,65.0,234,Resolved,No,4.0,8
T4237,2028-11-13 00:00:00,Mechanical,Software,Desktop,Medium,Tech_B,115.0,250,Resolved,No,2.0,10
T4238,2028-11-13 08:00:00,ENTC,Printer,Printer,Low,Tech_D,118.0,235,Resolved,Yes,3.0,10
T4239,2028-11-13 16:00:00,Admin,Printer,Printer,Low,Tech_B,53.0,107,Resolved,No,1.0,3
T4240,2028-11-14 00:00:00,CSE,Hardware,Laptop,Low,Tech_B,13.0,144,Resolved,No,3.0,9
T4241,2028-11-14 08:00:00,IT,Software,Laptop,Medium,Tech_C,23.0,165,Resolved,No,4.0,8
T4242,2028-11-14 16:00:00,ENTC,Printer,Printer,Low,Tech_C,91.0,129,Resolved,No,3.0,3
T4243,2028-11-15 00:00:00,Accounts,Security,Server,High,Tech_D,109.0,309,Resolved,No,1.0,10
T4244,2028-11-15 08:00:00,Accounts,Security,Server,Medium,Tech_B,32.0,163,Resolved,Yes,2.0,1
T4245,2028-11-15 16:00:00,IT,Network,Router,Low,Tech_E,84.0,156,Resolved,No,2.0,5
T4246,2028-11-16 00:00:00,IT,Hardware,Laptop,Medium,Tech_A,30.0,130,Pending,No,4.0,4
T4247,2028-11-16 08:00:00,Accounts,Login,Desktop,Low,Tech_B,42.0,131,Resolved,No,3.0,8
T4248,2028-11-16 16:00:00,Mechanical,Network,Server,Medium,Tech_D,44.0,150,Pending,No,4.0,6
T4249,2028-11-17 00:00:00,Mechanical,Software,Laptop,High,Tech_E,29.0,214,Resolved,No,3.0,10
T4250,2028-11-17 08:00:00,ENTC,Printer,Printer,Low,Tech_C,103.0,165,Pending,No,5.0,5
T4251,2028-11-17 16:00:00,Admin,Network,Laptop,Medium,Tech_A,73.0,234,Resolved,No,4.0,9
T4252,2028-11-18 00:00:00,ENTC,Login,Server,High,Tech_D,75.0,205,Resolved,No,3.0,6
T4253,2028-11-18 08:00:00,Admin,Login,Desktop,Medium,Tech_C,27.0,110,Resolved,No,5.0,3
T4254,2028-11-18 16:00:00,IT,Security,Server,High,Tech_B,93.0,286,Escalated,No,4.0,6
T4255,2028-11-19 00:00:00,CSE,Software,Laptop,Low,Tech_D,69.0,153,Resolved,Yes,2.0,4
T4256,2028-11-19 08:00:00,ENTC,Network,Laptop,Medium,Tech_B,26.0,137,Resolved,No,5.0,5
T4257,2028-11-19 16:00:00,ENTC,Hardware,Laptop,Low,Tech_D,68.0,168,Resolved,No,4.0,6
T4258,2028-11-20 00:00:00,Admin,Network,Server,Medium,Tech_D,72.0,235,Resolved,Yes,1.0,9
T4259,2028-11-20 08:00:00,IT,Security,Laptop,High,Tech_B,62.0,205,Resolved,No,2.0,3
T4260,2028-11-20 16:00:00,IT,Login,Laptop,Low,Tech_D,32.0,56,Pending,No,5.0,1
T4261,2028-11-21 00:00:00,Admin,Software,Desktop,Medium,Tech_C,116.0,194,Resolved,No,3.0,2
T4262,2028-11-21 08:00:00,IT,Software,Laptop,Medium,Tech_C,82.0,210,Resolved,No,1.0,8
T4263,2028-11-21 16:00:00,Accounts,Hardware,Desktop,High,Tech_A,101.0,256,Resolved,No,3.0,4
T4264,2028-11-22 00:00:00,Mechanical,Software,Laptop,Low,Tech_A,72.0,173,Resolved,No,1.0,7
T4265,2028-11-22 08:00:00,Accounts,Security,Laptop,Medium,Tech_D,110.0,231,Resolved,Yes,4.0,2
T4266,2028-11-22 16:00:00,CSE,Security,Server,High,Tech_C,79.0,269,Resolved,No,4.0,10
T4267,2028-11-23 00:00:00,ENTC,Security,Server,Medium,Tech_B,107.0,246,Resolved,No,3.0,8
T4268,2028-11-23 08:00:00,CSE,Software,Server,Medium,Tech_D,100.0,231,Resolved,No,3.0,10
T4269,2028-11-23 16:00:00,ENTC,Software,Desktop,Medium,Tech_B,8.0,145,Resolved,No,3.0,9
T4270,2028-11-24 00:00:00,Mechanical,Security,Server,High,Tech_E,5.0,185,Resolved,No,5.0,7
T4271,2028-11-24 08:00:00,IT,Software,Laptop,Medium,Tech_A,30.0,172,Pending,No,2.0,10
T4272,2028-11-24 16:00:00,Accounts,Software,Laptop,Medium,Tech_D,37.0,104,Resolved,No,3.0,1
T4273,2028-11-25 00:00:00,Admin,Login,Server,High,Tech_D,85.0,201,Resolved,No,4.0,2
T4274,2028-11-25 08:00:00,Accounts,Network,Laptop,High,Tech_B,31.0,211,Resolved,No,4.0,9
T4275,2028-11-25 16:00:00,Mechanical,Printer,Printer,Low,Tech_A,46.0,167,Resolved,No,3.0,10
T4276,2028-11-26 00:00:00,CSE,Software,Desktop,Medium,Tech_B,73.0,201,Resolved,Yes,3.0,7
T4277,2028-11-26 08:00:00,Admin,Printer,Printer,Low,Tech_B,75.0,141,Resolved,Yes,4.0,3
T4278,2028-11-26 16:00:00,IT,Printer,Printer,Low,Tech_A,68.0,131,Resolved,No,5.0,5
T4279,2028-11-27 00:00:00,Mechanical,Login,Desktop,High,Tech_E,29.0,150,Pending,No,1.0,1
T4280,2028-11-27 08:00:00,Admin,Software,Server,Medium,Tech_C,76.0,185,Resolved,No,4.0,10
T4281,2028-11-27 16:00:00,Mechanical,Security,Laptop,High,Tech_C,102.0,259,Escalated,Yes,1.0,3
T4282,2028-11-28 00:00:00,Mechanical,Printer,Printer,Low,Tech_E,109.0,156,Pending,No,3.0,4
T4283,2028-11-28 08:00:00,IT,Software,Server,Low,Tech_A,8.0,117,Resolved,Yes,,4
T4284,2028-11-28 16:00:00,ENTC,Hardware,Laptop,Medium,Tech_D,16.0,151,Resolved,No,3.0,7
T4285,2028-11-29 00:00:00,Admin,Security,Server,Medium,Tech_A,62.0,196,Resolved,No,3.0,5
T4286,2028-11-29 08:00:00,IT,Hardware,Desktop,Medium,Tech_B,99.0,270,Resolved,Yes,3.0,9
T4287,2028-11-29 16:00:00,Mechanical,Hardware,Desktop,Medium,Tech_A,15.0,182,Escalated,No,4.0,7
T4288,2028-11-30 00:00:00,IT,Printer,Printer,Low,Tech_C,105.0,134,Resolved,No,4.0,2
T4289,2028-11-30 08:00:00,ENTC,Hardware,Laptop,Medium,Tech_D,112.0,244,Resolved,No,2.0,8
T4290,2028-11-30 16:00:00,Accounts,Login,Desktop,Low,Tech_E,63.0,97,Resolved,No,1.0,2
T4291,2028-12-01 00:00:00,Admin,Login,Laptop,Medium,Tech_A,40.0,165,Resolved,No,1.0,7
T4292,2028-12-01 08:00:00,ENTC,Printer,Printer,Medium,Tech_D,113.0,187,Resolved,No,1.0,5
T4293,2028-12-01 16:00:00,CSE,Software,Laptop,Medium,Tech_D,26.0,198,Resolved,Yes,3.0,10
T4294,2028-12-02 00:00:00,Admin,Network,Server,Medium,Tech_C,69.0,174,Resolved,No,2.0,6
T4295,2028-12-02 08:00:00,ENTC,Software,Laptop,Medium,Tech_B,54.0,143,Resolved,No,3.0,4
T4296,2028-12-02 16:00:00,Mechanical,Software,Server,Medium,Tech_D,8.0,129,Pending,No,2.0,5
T4297,2028-12-03 00:00:00,Admin,Software,Desktop,Medium,Tech_D,104.0,187,Resolved,No,5.0,5
T4298,2028-12-03 08:00:00,Admin,Software,Server,Medium,Tech_A,76.0,190,Resolved,No,4.0,7
T4299,2028-12-03 16:00:00,IT,Security,Server,High,Tech_E,93.0,239,Resolved,No,3.0,4
T4300,2028-12-04 00:00:00,Mechanical,Network,Server,Medium,Tech_A,96.0,199,Pending,No,5.0,5
T4301,2028-12-04 08:00:00,CSE,Security,Desktop,High,Tech_C,56.0,219,Pending,No,1.0,4
T4302,2028-12-04 16:00:00,Accounts,Hardware,Desktop,Medium,Tech_D,106.0,196,Resolved,No,5.0,4
T4303,2028-12-05 00:00:00,ENTC,Software,Laptop,Medium,Tech_B,104.0,230,Resolved,No,4.0,8
T4304,2028-12-05 08:00:00,IT,Login,Desktop,Medium,Tech_D,104.0,171,Pending,No,4.0,5
T4305,2028-12-05 16:00:00,ENTC,Printer,Printer,Low,Tech_B,47.0,165,Resolved,No,4.0,9
T4306,2028-12-06 00:00:00,CSE,Printer,Printer,Low,Tech_B,109.0,191,Resolved,Yes,5.0,5
T4307,2028-12-06 08:00:00,CSE,Security,Server,High,Tech_B,50.0,257,Resolved,No,1.0,8
T4308,2028-12-06 16:00:00,Admin,Security,Server,Medium,Tech_E,8.0,118,Pending,No,3.0,3
T4309,2028-12-07 00:00:00,CSE,Login,Server,Medium,Tech_A,17.0,165,Resolved,Yes,1.0,7
T4310,2028-12-07 08:00:00,ENTC,Software,Desktop,High,Tech_C,42.0,164,Resolved,No,2.0,1
T4311,2028-12-07 16:00:00,Mechanical,Network,Laptop,Medium,Tech_E,49.0,160,Resolved,No,2.0,5
T4312,2028-12-08 00:00:00,Mechanical,Hardware,Desktop,Medium,Tech_E,29.0,131,Resolved,No,3.0,2
T4313,2028-12-08 08:00:00,Admin,Printer,Printer,Low,Tech_B,71.0,147,Resolved,No,4.0,8
T4314,2028-12-08 16:00:00,Accounts,Hardware,Desktop,Medium,Tech_E,59.0,171,Pending,No,3.0,6
T4315,2028-12-09 00:00:00,ENTC,Network,Router,Low,Tech_C,100.0,178,Pending,No,5.0,5
T4316,2028-12-09 08:00:00,ENTC,Security,Desktop,High,Tech_C,43.0,191,Resolved,No,4.0,3
T4317,2028-12-09 16:00:00,CSE,Printer,Printer,Low,Tech_D,69.0,89,Resolved,No,3.0,1
T4318,2028-12-10 00:00:00,ENTC,Hardware,Desktop,Medium,Tech_E,79.0,240,Escalated,No,3.0,10
T4319,2028-12-10 08:00:00,IT,Security,Server,Medium,Tech_D,6.0,208,Resolved,No,5.0,10
T4320,2028-12-10 16:00:00,Accounts,Network,Server,High,Tech_C,73.0,291,Resolved,Yes,5.0,10
T4321,2028-12-11 00:00:00,CSE,Hardware,Laptop,High,Tech_E,90.0,284,Escalated,No,1.0,10
T4322,2028-12-11 08:00:00,IT,Software,Server,Medium,Tech_B,66.0,227,Pending,Yes,2.0,8
T4323,2028-12-11 16:00:00,Admin,Security,Laptop,High,Tech_B,50.0,235,Resolved,No,3.0,5
T4324,2028-12-12 00:00:00,Mechanical,Network,Router,Medium,Tech_E,81.0,220,Resolved,No,1.0,9
T4325,2028-12-12 08:00:00,Admin,Hardware,Desktop,Medium,Tech_D,116.0,260,Resolved,No,4.0,7
T4326,2028-12-12 16:00:00,Mechanical,Software,Server,Medium,Tech_D,91.0,134,Escalated,No,4.0,1
T4327,2028-12-13 00:00:00,Admin,Software,Desktop,Medium,Tech_B,115.0,147,Pending,No,2.0,1
T4328,2028-12-13 08:00:00,ENTC,Network,Laptop,High,Tech_D,35.0,246,Resolved,Yes,4.0,7
T4329,2028-12-13 16:00:00,IT,Login,Server,Medium,Tech_B,103.0,197,Pending,No,2.0,7
T4330,2028-12-14 00:00:00,Mechanical,Printer,Printer,Low,Tech_A,106.0,163,Pending,No,4.0,9
T4331,2028-12-14 08:00:00,CSE,Network,Router,Medium,Tech_B,109.0,176,Resolved,No,4.0,2
T4332,2028-12-14 16:00:00,IT,Software,Laptop,High,Tech_A,39.0,212,Resolved,No,3.0,7
T4333,2028-12-15 00:00:00,CSE,Software,Laptop,High,Tech_E,49.0,156,Resolved,No,5.0,2
T4334,2028-12-15 08:00:00,IT,Network,Laptop,Medium,Tech_A,81.0,234,Pending,Yes,3.0,10
T4335,2028-12-15 16:00:00,IT,Login,Laptop,Medium,Tech_C,58.0,195,Resolved,No,1.0,10
T4336,2028-12-16 00:00:00,Admin,Printer,Printer,Low,Tech_D,75.0,107,Resolved,No,5.0,2
T4337,2028-12-16 08:00:00,Mechanical,Hardware,Laptop,Medium,Tech_A,73.0,211,Resolved,Yes,3.0,5
T4338,2028-12-16 16:00:00,Mechanical,Network,Server,Medium,Tech_C,33.0,177,Resolved,No,5.0,9
T4339,2028-12-17 00:00:00,IT,Printer,Printer,Low,Tech_C,76.0,165,Resolved,No,5.0,9
T4340,2028-12-17 08:00:00,ENTC,Printer,Printer,Low,Tech_D,12.0,168,Resolved,Yes,5.0,10
T4341,2028-12-17 16:00:00,ENTC,Security,Server,High,Tech_B,58.0,186,Resolved,No,4.0,1
T4342,2028-12-18 00:00:00,CSE,Software,Laptop,Low,Tech_C,11.0,118,Resolved,No,5.0,7
T4343,2028-12-18 08:00:00,CSE,Hardware,Laptop,Medium,Tech_A,87.0,272,Resolved,Yes,4.0,10
T4344,2028-12-18 16:00:00,Admin,Network,Router,High,Tech_D,107.0,278,Resolved,No,5.0,10
T4345,2028-12-19 00:00:00,IT,Software,Server,Medium,Tech_A,27.0,108,Resolved,No,4.0,3
T4346,2028-12-19 08:00:00,CSE,Security,Server,High,Tech_B,104.0,309,Resolved,No,5.0,10
T4347,2028-12-19 16:00:00,CSE,Security,Laptop,High,Tech_D,110.0,293,Resolved,No,1.0,10
T4348,2028-12-20 00:00:00,Accounts,Software,Desktop,Medium,Tech_C,36.0,130,Resolved,No,3.0,1
T4349,2028-12-20 08:00:00,IT,Login,Laptop,Medium,Tech_A,66.0,126,Resolved,No,5.0,2
T4350,2028-12-20 16:00:00,Admin,Printer,Printer,Medium,Tech_A,49.0,146,Resolved,No,1.0,6
T4351,2028-12-21 00:00:00,CSE,Network,Router,Medium,Tech_C,72.0,233,Resolved,No,3.0,10
T4352,2028-12-21 08:00:00,Admin,Network,Router,Medium,Tech_C,34.0,121,Resolved,No,2.0,2
T4353,2028-12-21 16:00:00,Mechanical,Network,Laptop,Medium,Tech_B,119.0,207,Resolved,Yes,5.0,2
T4354,2028-12-22 00:00:00,Admin,Software,Desktop,Medium,Tech_B,110.0,172,Resolved,No,2.0,4
T4355,2028-12-22 08:00:00,ENTC,Login,Desktop,Medium,Tech_C,43.0,125,Resolved,No,3.0,3
T4356,2028-12-22 16:00:00,ENTC,Hardware,Laptop,Medium,Tech_D,9.0,162,Resolved,No,3.0,8
T4357,2028-12-23 00:00:00,Admin,Security,Server,High,Tech_C,71.0,290,Resolved,No,5.0,8
T4358,2028-12-23 08:00:00,ENTC,Software,Desktop,Medium,Tech_C,26.0,141,Escalated,No,1.0,6
T4359,2028-12-23 16:00:00,Mechanical,Hardware,Desktop,High,Tech_E,32.0,158,Resolved,No,5.0,4
T4360,2028-12-24 00:00:00,IT,Security,Server,High,Tech_D,26.0,234,Resolved,No,1.0,7
T4361,2028-12-24 08:00:00,ENTC,Security,Server,Medium,Tech_D,90.0,241,Escalated,No,5.0,9
T4362,2028-12-24 16:00:00,ENTC,Login,Desktop,High,Tech_B,102.0,196,Resolved,No,1.0,2
T4363,2028-12-25 00:00:00,Admin,Printer,Printer,Low,Tech_B,,156,Resolved,Yes,4.0,6
T4364,2028-12-25 08:00:00,Mechanical,Network,Laptop,High,Tech_B,47.0,210,Resolved,No,1.0,7
T4365,2028-12-25 16:00:00,IT,Hardware,Desktop,Medium,Tech_A,46.0,131,Resolved,No,1.0,1
T4366,2028-12-26 00:00:00,Admin,Software,Desktop,Low,Tech_D,64.0,158,Resolved,No,3.0,6
T4367,2028-12-26 08:00:00,Admin,Hardware,Desktop,Medium,Tech_E,81.0,240,Resolved,No,2.0,8
T4368,2028-12-26 16:00:00,Accounts,Printer,Printer,Low,Tech_B,75.0,153,Resolved,No,5.0,7
T4369,2028-12-27 00:00:00,Mechanical,Network,Router,High,Tech_B,78.0,241,Resolved,Yes,3.0,2
T4370,2028-12-27 08:00:00,IT,Hardware,Laptop,Medium,Tech_B,,184,Resolved,Yes,2.0,2
T4371,2028-12-27 16:00:00,Mechanical,Printer,Printer,Low,Tech_B,72.0,114,Escalated,No,3.0,4
T4372,2028-12-28 00:00:00,IT,Software,Desktop,Medium,Tech_B,63.0,157,Resolved,No,3.0,5
T4373,2028-12-28 08:00:00,Mechanical,Login,Desktop,Medium,Tech_A,100.0,198,Resolved,No,5.0,5
T4374,2028-12-28 16:00:00,Admin,Security,Server,Medium,Tech_E,90.0,193,Escalated,No,4.0,2
T4375,2028-12-29 00:00:00,Admin,Software,Laptop,Medium,Tech_D,88.0,191,Pending,No,3.0,7
T4376,2028-12-29 08:00:00,CSE,Network,Router,Medium,Tech_E,116.0,225,Pending,No,5.0,8
T4377,2028-12-29 16:00:00,ENTC,Security,Server,Medium,Tech_C,88.0,171,Resolved,No,1.0,2
T4378,2028-12-30 00:00:00,Accounts,Software,Desktop,Low,Tech_D,10.0,95,Pending,No,2.0,4
T4379,2028-12-30 08:00:00,Mechanical,Software,Server,Low,Tech_B,77.0,125,Resolved,No,5.0,3
T4380,2028-12-30 16:00:00,Accounts,Software,Server,High,Tech_C,32.0,177,Resolved,No,4.0,4
T4381,2028-12-31 00:00:00,CSE,Software,Laptop,Medium,Tech_C,81.0,159,Escalated,No,5.0,5
T4382,2028-12-31 08:00:00,ENTC,Security,Server,High,Tech_C,35.0,225,Resolved,No,5.0,6
T4383,2028-12-31 16:00:00,Mechanical,Network,Server,Medium,Tech_C,43.0,130,Resolved,No,1.0,2
T4384,2029-01-01 00:00:00,IT,Printer,Printer,Low,Tech_B,54.0,158,Pending,No,2.0,10
T4385,2029-01-01 08:00:00,ENTC,Hardware,Laptop,Medium,Tech_C,82.0,199,Resolved,No,2.0,6
T4386,2029-01-01 16:00:00,Admin,Login,Desktop,Medium,Tech_E,90.0,215,Resolved,No,4.0,9
T4387,2029-01-02 00:00:00,CSE,Hardware,Laptop,Medium,Tech_B,41.0,192,Resolved,No,2.0,8
T4388,2029-01-02 08:00:00,ENTC,Hardware,Desktop,Medium,Tech_C,113.0,173,Resolved,No,1.0,1
T4389,2029-01-02 16:00:00,ENTC,Login,Laptop,Medium,Tech_C,92.0,221,Resolved,No,4.0,9
T4390,2029-01-03 00:00:00,Admin,Security,Desktop,High,Tech_E,76.0,301,Resolved,No,1.0,10
T4391,2029-01-03 08:00:00,Mechanical,Network,Router,Medium,Tech_A,19.0,109,Resolved,No,1.0,2
T4392,2029-01-03 16:00:00,IT,Login,Laptop,Low,Tech_A,55.0,122,Resolved,Yes,5.0,1
T4393,2029-01-04 00:00:00,Admin,Network,Laptop,Medium,Tech_E,109.0,214,Resolved,No,5.0,6
T4394,2029-01-04 08:00:00,IT,Security,Server,High,Tech_A,74.0,233,Resolved,No,5.0,1
T4395,2029-01-04 16:00:00,Mechanical,Hardware,Laptop,Medium,Tech_D,27.0,164,Pending,No,3.0,6
T4396,2029-01-05 00:00:00,ENTC,Network,Laptop,Medium,Tech_D,29.0,128,Resolved,No,1.0,2
T4397,2029-01-05 08:00:00,IT,Security,Server,High,Tech_D,99.0,291,Pending,No,2.0,7
T4398,2029-01-05 16:00:00,CSE,Security,Server,High,Tech_A,50.0,233,Pending,No,4.0,7
T4399,2029-01-06 00:00:00,CSE,Printer,Printer,Low,Tech_D,97.0,177,Resolved,Yes,3.0,4
T4400,2029-01-06 08:00:00,Admin,Login,Desktop,Medium,Tech_D,27.0,114,Resolved,No,5.0,2
T4401,2029-01-06 16:00:00,Mechanical,Printer,Printer,Low,Tech_A,14.0,114,Pending,No,3.0,7
T4402,2029-01-07 00:00:00,Admin,Hardware,Laptop,High,Tech_E,77.0,201,Resolved,No,3.0,1
T4403,2029-01-07 08:00:00,Admin,Login,Server,Medium,Tech_B,117.0,188,Resolved,Yes,1.0,2
T4404,2029-01-07 16:00:00,Accounts,Hardware,Laptop,Medium,Tech_D,81.0,195,Resolved,No,1.0,2
T4405,2029-01-08 00:00:00,Admin,Printer,Printer,Low,Tech_A,36.0,42,Resolved,No,2.0,1
T4406,2029-01-08 08:00:00,Accounts,Security,Server,High,Tech_B,117.0,299,Resolved,No,4.0,9
T4407,2029-01-08 16:00:00,CSE,Hardware,Desktop,Low,Tech_B,55.0,144,Resolved,No,4.0,6
T4408,2029-01-09 00:00:00,CSE,Login,Desktop,High,Tech_C,113.0,257,Resolved,Yes,5.0,3
T4409,2029-01-09 08:00:00,Admin,Login,Server,Medium,Tech_B,45.0,151,Resolved,No,2.0,6
T4410,2029-01-09 16:00:00,CSE,Hardware,Desktop,Medium,Tech_D,69.0,193,Escalated,No,,7
T4411,2029-01-10 00:00:00,Mechanical,Login,Server,Medium,Tech_E,69.0,136,Resolved,No,3.0,3
T4412,2029-01-10 08:00:00,Accounts,Security,Desktop,High,Tech_D,105.0,236,Resolved,No,3.0,4
T4413,2029-01-10 16:00:00,Accounts,Security,Laptop,High,Tech_C,44.0,271,Resolved,No,4.0,10
T4414,2029-01-11 00:00:00,Admin,Login,Desktop,High,Tech_B,22.0,134,Resolved,No,3.0,1
T4415,2029-01-11 08:00:00,CSE,Hardware,Laptop,Medium,Tech_C,40.0,178,Resolved,No,3.0,6
T4416,2029-01-11 16:00:00,IT,Printer,Printer,Low,Tech_D,35.0,107,Pending,No,5.0,6
T4417,2029-01-12 00:00:00,Accounts,Login,Laptop,Medium,Tech_D,58.0,208,Pending,No,3.0,9
T4418,2029-01-12 08:00:00,Admin,Login,Server,Low,Tech_D,67.0,118,Resolved,No,4.0,2
T4419,2029-01-12 16:00:00,Admin,Login,Server,Medium,Tech_E,5.0,93,Resolved,No,1.0,5
T4420,2029-01-13 00:00:00,Mechanical,Login,Desktop,Medium,Tech_D,115.0,219,Resolved,Yes,3.0,5
T4421,2029-01-13 08:00:00,ENTC,Hardware,Laptop,Medium,Tech_D,56.0,206,Resolved,Yes,4.0,7
T4422,2029-01-13 16:00:00,ENTC,Printer,Printer,Low,Tech_B,104.0,201,Resolved,Yes,3.0,5
T4423,2029-01-14 00:00:00,Accounts,Printer,Printer,High,Tech_E,61.0,225,Resolved,No,2.0,10
T4424,2029-01-14 08:00:00,Mechanical,Network,Router,Medium,Tech_B,13.0,134,Resolved,Yes,5.0,4
T4425,2029-01-14 16:00:00,Mechanical,Login,Desktop,Low,Tech_C,90.0,196,Resolved,No,1.0,10
T4426,2029-01-15 00:00:00,Mechanical,Login,Server,Low,Tech_A,96.0,149,Resolved,No,3.0,2
T4427,2029-01-15 08:00:00,Accounts,Network,Router,High,Tech_B,94.0,293,Escalated,Yes,4.0,8
T4428,2029-01-15 16:00:00,ENTC,Printer,Printer,Low,Tech_E,120.0,164,Pending,No,1.0,5
T4429,2029-01-16 00:00:00,Mechanical,Software,Laptop,Low,Tech_B,78.0,162,Pending,Yes,3.0,4
T4430,2029-01-16 08:00:00,CSE,Security,Laptop,High,Tech_A,60.0,278,Resolved,No,2.0,9
T4431,2029-01-16 16:00:00,Admin,Software,Desktop,High,Tech_B,51.0,178,Resolved,No,4.0,2
T4432,2029-01-17 00:00:00,Admin,Printer,Printer,Medium,Tech_A,7.0,74,Resolved,No,5.0,3
T4433,2029-01-17 08:00:00,IT,Login,Server,Medium,Tech_E,6.0,143,Resolved,No,3.0,8
T4434,2029-01-17 16:00:00,IT,Software,Server,Medium,Tech_B,58.0,145,Resolved,No,4.0,4
T4435,2029-01-18 00:00:00,Accounts,Hardware,Laptop,Medium,Tech_E,41.0,196,Resolved,No,3.0,9
T4436,2029-01-18 08:00:00,Accounts,Hardware,Desktop,Medium,Tech_E,60.0,241,Resolved,No,5.0,10
T4437,2029-01-18 16:00:00,Admin,Network,Server,Medium,Tech_C,35.0,180,Escalated,No,2.0,10
T4438,2029-01-19 00:00:00,CSE,Printer,Printer,Low,Tech_C,101.0,210,Resolved,No,5.0,10
T4439,2029-01-19 08:00:00,ENTC,Printer,Printer,Medium,Tech_B,100.0,198,Resolved,No,5.0,10
T4440,2029-01-19 16:00:00,ENTC,Software,Desktop,Low,Tech_B,111.0,201,Resolved,No,5.0,9
T4441,2029-01-20 00:00:00,Accounts,Login,Desktop,Medium,Tech_E,16.0,192,Resolved,Yes,1.0,10
T4442,2029-01-20 08:00:00,CSE,Printer,Printer,Low,Tech_C,62.0,147,Resolved,No,4.0,9
T4443,2029-01-20 16:00:00,Accounts,Software,Desktop,Medium,Tech_B,71.0,159,Pending,No,,1
T4444,2029-01-21 00:00:00,ENTC,Software,Server,Medium,Tech_B,116.0,202,Resolved,No,2.0,6
T4445,2029-01-21 08:00:00,Accounts,Security,Server,High,Tech_B,30.0,243,Pending,No,3.0,10
T4446,2029-01-21 16:00:00,Mechanical,Security,Laptop,High,Tech_C,82.0,272,Resolved,Yes,1.0,6
T4447,2029-01-22 00:00:00,Accounts,Printer,Printer,Medium,Tech_B,16.0,151,Resolved,No,2.0,8
T4448,2029-01-22 08:00:00,Admin,Software,Laptop,Medium,Tech_E,120.0,234,Pending,No,1.0,7
T4449,2029-01-22 16:00:00,Accounts,Network,Router,Medium,Tech_B,94.0,233,Pending,Yes,3.0,7
T4450,2029-01-23 00:00:00,Admin,Network,Server,Medium,Tech_D,20.0,117,Escalated,No,2.0,2
T4451,2029-01-23 08:00:00,CSE,Security,Laptop,High,Tech_A,57.0,223,Resolved,No,3.0,4
T4452,2029-01-23 16:00:00,ENTC,Printer,Printer,Low,Tech_E,76.0,84,Resolved,No,4.0,1
T4453,2029-01-24 00:00:00,IT,Login,Laptop,Medium,Tech_B,53.0,166,Resolved,No,1.0,7
T4454,2029-01-24 08:00:00,IT,Network,Router,Medium,Tech_D,53.0,148,Resolved,No,4.0,4
T4455,2029-01-24 16:00:00,ENTC,Network,Laptop,Low,Tech_C,96.0,189,Resolved,No,4.0,9
T4456,2029-01-25 00:00:00,IT,Security,Server,High,Tech_E,11.0,205,Resolved,No,3.0,6
T4457,2029-01-25 08:00:00,Accounts,Security,Server,High,Tech_E,19.0,245,Pending,Yes,3.0,6
T4458,2029-01-25 16:00:00,CSE,Printer,Printer,Low,Tech_B,109.0,198,Resolved,No,5.0,9
T4459,2029-01-26 00:00:00,CSE,Security,Laptop,Medium,Tech_C,40.0,176,Resolved,No,5.0,8
T4460,2029-01-26 08:00:00,ENTC,Hardware,Desktop,Medium,Tech_B,76.0,221,Resolved,Yes,2.0,6
T4461,2029-01-26 16:00:00,IT,Software,Desktop,High,Tech_D,78.0,207,Resolved,No,3.0,6
T4462,2029-01-27 00:00:00,Accounts,Network,Router,Medium,Tech_A,,170,Escalated,No,1.0,6
T4463,2029-01-27 08:00:00,CSE,Hardware,Laptop,Medium,Tech_C,66.0,171,Resolved,No,3.0,4
T4464,2029-01-27 16:00:00,CSE,Login,Laptop,Medium,Tech_A,22.0,107,Escalated,No,3.0,5
T4465,2029-01-28 00:00:00,Mechanical,Hardware,Laptop,Low,Tech_D,50.0,129,Escalated,No,4.0,3
T4466,2029-01-28 08:00:00,Mechanical,Printer,Printer,Low,Tech_E,105.0,202,Escalated,No,4.0,9
T4467,2029-01-28 16:00:00,CSE,Login,Desktop,Medium,Tech_D,109.0,166,Pending,No,5.0,2
T4468,2029-01-29 00:00:00,ENTC,Login,Laptop,Medium,Tech_A,113.0,203,Resolved,No,2.0,7
T4469,2029-01-29 08:00:00,Admin,Security,Server,Medium,Tech_C,65.0,182,Resolved,Yes,2.0,1
T4470,2029-01-29 16:00:00,Admin,Hardware,Laptop,Medium,Tech_B,119.0,278,Resolved,No,3.0,10
T4471,2029-01-30 00:00:00,Accounts,Printer,Printer,Medium,Tech_A,47.0,159,Resolved,No,1.0,7
T4472,2029-01-30 08:00:00,CSE,Network,Router,Medium,Tech_C,48.0,158,Pending,No,4.0,2
T4473,2029-01-30 16:00:00,CSE,Security,Desktop,High,Tech_A,103.0,263,Resolved,No,1.0,5
T4474,2029-01-31 00:00:00,CSE,Hardware,Laptop,Low,Tech_E,70.0,108,Resolved,No,4.0,1
T4475,2029-01-31 08:00:00,ENTC,Network,Router,Medium,Tech_E,59.0,192,Resolved,Yes,3.0,5
T4476,2029-01-31 16:00:00,Mechanical,Hardware,Laptop,Low,Tech_B,90.0,162,Resolved,No,2.0,4
T4477,2029-02-01 00:00:00,CSE,Security,Server,High,Tech_E,83.0,193,Resolved,No,3.0,1
T4478,2029-02-01 08:00:00,CSE,Network,Laptop,Medium,Tech_D,105.0,169,Resolved,No,4.0,1
T4479,2029-02-01 16:00:00,IT,Security,Server,High,Tech_B,43.0,230,Resolved,No,2.0,7
T4480,2029-02-02 00:00:00,ENTC,Hardware,Laptop,Low,Tech_A,104.0,172,Resolved,No,1.0,3
T4481,2029-02-02 08:00:00,Accounts,Login,Desktop,Medium,Tech_D,9.0,184,Resolved,No,1.0,10
T4482,2029-02-02 16:00:00,CSE,Software,Desktop,Medium,Tech_C,61.0,195,Resolved,No,5.0,9
T4483,2029-02-03 00:00:00,IT,Login,Server,Medium,Tech_A,116.0,270,Resolved,Yes,1.0,9
T4484,2029-02-03 08:00:00,Admin,Security,Desktop,Medium,Tech_E,19.0,207,Resolved,No,5.0,10
T4485,2029-02-03 16:00:00,Accounts,Security,Server,High,Tech_A,95.0,297,Escalated,No,2.0,9
T4486,2029-02-04 00:00:00,CSE,Security,Server,High,Tech_E,20.0,165,Resolved,No,3.0,1
T4487,2029-02-04 08:00:00,CSE,Network,Server,Medium,Tech_D,61.0,165,Resolved,No,3.0,4
T4488,2029-02-04 16:00:00,IT,Printer,Printer,Medium,Tech_D,104.0,145,Pending,No,2.0,1
T4489,2029-02-05 00:00:00,ENTC,Security,Desktop,High,Tech_D,106.0,246,Resolved,No,2.0,1
T4490,2029-02-05 08:00:00,CSE,Login,Laptop,Low,Tech_B,86.0,193,Resolved,No,4.0,9
T4491,2029-02-05 16:00:00,Admin,Software,Server,Medium,Tech_E,103.0,219,Resolved,Yes,1.0,5
T4492,2029-02-06 00:00:00,CSE,Security,Server,High,Tech_A,29.0,182,Resolved,No,1.0,1
T4493,2029-02-06 08:00:00,Admin,Security,Laptop,High,Tech_A,26.0,213,Resolved,Yes,1.0,3
T4494,2029-02-06 16:00:00,Accounts,Security,Laptop,High,Tech_A,35.0,243,Resolved,No,5.0,7
T4495,2029-02-07 00:00:00,Accounts,Network,Router,Medium,Tech_B,105.0,188,Resolved,Yes,1.0,2
T4496,2029-02-07 08:00:00,Mechanical,Security,Laptop,High,Tech_B,38.0,230,Resolved,No,4.0,4
T4497,2029-02-07 16:00:00,Mechanical,Login,Server,Medium,Tech_E,91.0,153,Resolved,No,3.0,2
T4498,2029-02-08 00:00:00,Admin,Hardware,Laptop,Medium,Tech_B,20.0,172,Resolved,No,3.0,9
T4499,2029-02-08 08:00:00,ENTC,Printer,Printer,Low,Tech_D,74.0,180,Resolved,No,5.0,9
T4500,2029-02-08 16:00:00,CSE,Security,Server,High,Tech_A,63.0,266,Resolved,No,4.0,7
T4501,2029-02-09 00:00:00,CSE,Network,Router,Medium,Tech_D,19.0,145,Resolved,No,2.0,7
T4502,2029-02-09 08:00:00,Mechanical,Login,Desktop,Medium,Tech_B,86.0,142,Resolved,No,3.0,2
T4503,2029-02-09 16:00:00,Admin,Security,Server,Medium,Tech_A,106.0,287,Resolved,No,4.0,10
T4504,2029-02-10 00:00:00,CSE,Network,Router,Medium,Tech_C,17.0,172,Resolved,No,2.0,8
T4505,2029-02-10 08:00:00,CSE,Hardware,Laptop,Medium,Tech_D,28.0,115,Resolved,No,5.0,1
T4506,2029-02-10 16:00:00,ENTC,Software,Laptop,High,Tech_C,17.0,187,Resolved,No,1.0,8
T4507,2029-02-11 00:00:00,IT,Security,Laptop,High,Tech_E,69.0,222,Pending,No,4.0,5
T4508,2029-02-11 08:00:00,Mechanical,Login,Server,Low,Tech_D,116.0,176,Resolved,Yes,3.0,4
T4509,2029-02-11 16:00:00,Mechanical,Network,Server,Medium,Tech_A,40.0,180,Resolved,No,5.0,10
T4510,2029-02-12 00:00:00,IT,Network,Router,Medium,Tech_A,53.0,134,Resolved,No,4.0,2
T4511,2029-02-12 08:00:00,CSE,Security,Server,Medium,Tech_C,86.0,205,Resolved,No,5.0,3
T4512,2029-02-12 16:00:00,ENTC,Network,Laptop,High,Tech_A,52.0,241,Resolved,No,2.0,10
T4513,2029-02-13 00:00:00,ENTC,Software,Server,Medium,Tech_D,101.0,177,Pending,No,4.0,2
T4514,2029-02-13 08:00:00,Mechanical,Network,Router,High,Tech_B,106.0,223,Resolved,No,1.0,4
T4515,2029-02-13 16:00:00,ENTC,Printer,Printer,Medium,Tech_B,47.0,104,Escalated,No,2.0,3
T4516,2029-02-14 00:00:00,Accounts,Printer,Printer,Medium,Tech_A,10.0,126,Resolved,No,1.0,5
T4517,2029-02-14 08:00:00,IT,Network,Laptop,Medium,Tech_E,85.0,211,Resolved,No,5.0,7
T4518,2029-02-14 16:00:00,CSE,Security,Laptop,High,Tech_D,72.0,290,Pending,No,1.0,9
T4519,2029-02-15 00:00:00,Accounts,Printer,Printer,Low,Tech_E,18.0,89,Resolved,No,2.0,5
T4520,2029-02-15 08:00:00,IT,Login,Server,Medium,Tech_C,34.0,182,Resolved,No,2.0,8
T4521,2029-02-15 16:00:00,Admin,Printer,Printer,Low,Tech_A,114.0,151,Resolved,Yes,2.0,2
T4522,2029-02-16 00:00:00,Mechanical,Network,Laptop,Medium,Tech_C,88.0,197,Escalated,No,5.0,6
T4523,2029-02-16 08:00:00,ENTC,Security,Laptop,Low,Tech_E,12.0,191,Resolved,Yes,3.0,8
T4524,2029-02-16 16:00:00,Admin,Hardware,Laptop,High,Tech_D,58.0,244,Resolved,No,5.0,9
T4525,2029-02-17 00:00:00,ENTC,Security,Desktop,Medium,Tech_E,70.0,221,Resolved,Yes,2.0,4
T4526,2029-02-17 08:00:00,Accounts,Security,Laptop,High,Tech_B,105.0,270,Resolved,No,5.0,4
T4527,2029-02-17 16:00:00,CSE,Security,Server,Medium,Tech_E,8.0,179,Resolved,No,4.0,7
T4528,2029-02-18 00:00:00,CSE,Login,Server,Medium,Tech_E,78.0,157,Resolved,No,4.0,4
T4529,2029-02-18 08:00:00,CSE,Software,Laptop,Low,Tech_E,88.0,171,Resolved,No,3.0,5
T4530,2029-02-18 16:00:00,ENTC,Network,Router,High,Tech_E,64.0,212,Pending,Yes,5.0,2
T4531,2029-02-19 00:00:00,Admin,Software,Desktop,Medium,Tech_D,57.0,131,Resolved,No,5.0,2
T4532,2029-02-19 08:00:00,CSE,Hardware,Laptop,High,Tech_A,103.0,291,Escalated,No,4.0,10
T4533,2029-02-19 16:00:00,Admin,Software,Laptop,Medium,Tech_D,116.0,198,Resolved,No,2.0,5
T4534,2029-02-20 00:00:00,ENTC,Network,Server,Medium,Tech_C,78.0,239,Resolved,No,1.0,10
T4535,2029-02-20 08:00:00,Accounts,Network,Router,Medium,Tech_B,96.0,253,Pending,No,2.0,10
T4536,2029-02-20 16:00:00,Admin,Hardware,Laptop,High,Tech_A,19.0,172,Resolved,No,3.0,2
T4537,2029-02-21 00:00:00,Accounts,Network,Server,Medium,Tech_B,104.0,217,Resolved,No,1.0,6
T4538,2029-02-21 08:00:00,ENTC,Hardware,Laptop,High,Tech_B,5.0,176,Resolved,No,2.0,6
T4539,2029-02-21 16:00:00,ENTC,Hardware,Laptop,Low,Tech_A,26.0,185,Resolved,Yes,5.0,8
T4540,2029-02-22 00:00:00,Mechanical,Network,Server,Medium,Tech_A,95.0,154,Escalated,No,5.0,1
T4541,2029-02-22 08:00:00,ENTC,Printer,Printer,Low,Tech_C,97.0,173,Resolved,No,4.0,7
T4542,2029-02-22 16:00:00,ENTC,Hardware,Desktop,Low,Tech_D,19.0,159,Pending,No,5.0,7
T4543,2029-02-23 00:00:00,IT,Network,Server,Medium,Tech_A,78.0,234,Pending,No,5.0,9
T4544,2029-02-23 08:00:00,CSE,Printer,Printer,Medium,Tech_C,88.0,173,Resolved,No,3.0,4
T4545,2029-02-23 16:00:00,Mechanical,Hardware,Desktop,High,Tech_E,26.0,207,Resolved,No,1.0,7
T4546,2029-02-24 00:00:00,Mechanical,Printer,Printer,Low,Tech_A,54.0,140,Resolved,No,,6
T4547,2029-02-24 08:00:00,Mechanical,Login,Server,High,Tech_D,52.0,167,Resolved,No,2.0,4
T4548,2029-02-24 16:00:00,IT,Security,Server,High,Tech_E,77.0,270,Pending,No,3.0,10
T4549,2029-02-25 00:00:00,Accounts,Login,Server,Medium,Tech_E,55.0,182,Resolved,No,1.0,8
T4550,2029-02-25 08:00:00,ENTC,Printer,Printer,Low,Tech_E,100.0,132,Resolved,No,5.0,3
T4551,2029-02-25 16:00:00,CSE,Hardware,Desktop,Medium,Tech_E,21.0,199,Resolved,No,3.0,8
T4552,2029-02-26 00:00:00,Admin,Network,Router,Low,Tech_B,110.0,202,Resolved,No,5.0,5
T4553,2029-02-26 08:00:00,Accounts,Software,Server,Medium,Tech_D,87.0,163,Resolved,No,2.0,4
T4554,2029-02-26 16:00:00,ENTC,Network,Server,Medium,Tech_C,108.0,196,Resolved,No,3.0,3
T4555,2029-02-27 00:00:00,IT,Software,Server,High,Tech_A,95.0,243,Resolved,No,3.0,10
T4556,2029-02-27 08:00:00,ENTC,Software,Server,Medium,Tech_C,55.0,203,Escalated,Yes,3.0,7
T4557,2029-02-27 16:00:00,ENTC,Hardware,Desktop,High,Tech_B,41.0,223,Resolved,No,2.0,7
T4558,2029-02-28 00:00:00,IT,Printer,Printer,Medium,Tech_E,102.0,179,Resolved,No,2.0,6
T4559,2029-02-28 08:00:00,Mechanical,Network,Router,Medium,Tech_A,115.0,195,Resolved,No,4.0,3
T4560,2029-02-28 16:00:00,Mechanical,Printer,Printer,Low,Tech_D,53.0,170,Resolved,Yes,2.0,9
T4561,2029-03-01 00:00:00,CSE,Login,Server,Medium,Tech_A,63.0,140,Resolved,No,2.0,2
T4562,2029-03-01 08:00:00,CSE,Hardware,Desktop,High,Tech_A,14.0,165,Escalated,No,5.0,3
T4563,2029-03-01 16:00:00,Mechanical,Hardware,Desktop,High,Tech_C,34.0,177,Resolved,No,2.0,1
T4564,2029-03-02 00:00:00,Accounts,Login,Laptop,Medium,Tech_E,89.0,176,Resolved,No,1.0,7
T4565,2029-03-02 08:00:00,Admin,Network,Laptop,Medium,Tech_D,25.0,106,Resolved,No,5.0,2
T4566,2029-03-02 16:00:00,ENTC,Security,Server,High,Tech_A,,253,Resolved,No,4.0,10
T4567,2029-03-03 00:00:00,Admin,Login,Server,Medium,Tech_B,77.0,201,Resolved,No,1.0,8
T4568,2029-03-03 08:00:00,ENTC,Network,Server,Medium,Tech_B,102.0,266,Resolved,Yes,4.0,9
T4569,2029-03-03 16:00:00,Mechanical,Software,Desktop,Medium,Tech_E,54.0,159,Resolved,Yes,3.0,2
T4570,2029-03-04 00:00:00,CSE,Hardware,Laptop,High,Tech_A,80.0,231,Pending,No,3.0,6
T4571,2029-03-04 08:00:00,Accounts,Network,Server,High,Tech_E,51.0,139,Resolved,No,3.0,1
T4572,2029-03-04 16:00:00,CSE,Printer,Printer,Low,Tech_A,89.0,165,Resolved,No,2.0,8
T4573,2029-03-05 00:00:00,Admin,Printer,Printer,Medium,Tech_D,88.0,188,Pending,No,2.0,5
T4574,2029-03-05 08:00:00,CSE,Hardware,Laptop,High,Tech_B,10.0,206,Resolved,No,5.0,9
T4575,2029-03-05 16:00:00,Mechanical,Login,Laptop,Medium,Tech_C,54.0,160,Resolved,Yes,1.0,3
T4576,2029-03-06 00:00:00,Accounts,Security,Server,High,Tech_E,113.0,243,Resolved,No,1.0,2
T4577,2029-03-06 08:00:00,Admin,Login,Laptop,Medium,Tech_D,104.0,208,Resolved,No,3.0,7
T4578,2029-03-06 16:00:00,Accounts,Network,Server,Medium,Tech_B,67.0,177,Escalated,No,3.0,7
T4579,2029-03-07 00:00:00,ENTC,Login,Server,Medium,Tech_D,16.0,177,Resolved,No,2.0,10
T4580,2029-03-07 08:00:00,CSE,Hardware,Laptop,Medium,Tech_C,45.0,168,Resolved,No,4.0,5
T4581,2029-03-07 16:00:00,Accounts,Network,Router,High,Tech_A,35.0,232,Resolved,No,1.0,7
T4582,2029-03-08 00:00:00,IT,Software,Laptop,Low,Tech_A,6.0,99,Resolved,No,1.0,6
T4583,2029-03-08 08:00:00,CSE,Login,Laptop,Medium,Tech_D,20.0,173,Resolved,No,4.0,9
T4584,2029-03-08 16:00:00,ENTC,Login,Server,Medium,Tech_D,5.0,91,Resolved,No,1.0,3
T4585,2029-03-09 00:00:00,Accounts,Security,Laptop,High,Tech_E,8.0,205,Resolved,No,1.0,4
T4586,2029-03-09 08:00:00,Admin,Network,Router,High,Tech_D,51.0,268,Escalated,Yes,2.0,9
T4587,2029-03-09 16:00:00,ENTC,Printer,Printer,Low,Tech_A,120.0,200,Resolved,No,1.0,10
T4588,2029-03-10 00:00:00,IT,Login,Desktop,Medium,Tech_D,69.0,206,Resolved,No,3.0,8
T4589,2029-03-10 08:00:00,Accounts,Hardware,Laptop,High,Tech_B,56.0,266,Resolved,No,3.0,10
T4590,2029-03-10 16:00:00,Mechanical,Login,Desktop,Low,Tech_B,51.0,127,Resolved,No,5.0,6
T4591,2029-03-11 00:00:00,CSE,Security,Laptop,High,Tech_A,103.0,225,Resolved,No,2.0,3
T4592,2029-03-11 08:00:00,Admin,Software,Server,Medium,Tech_D,81.0,226,Escalated,No,2.0,9
T4593,2029-03-11 16:00:00,Mechanical,Security,Server,Low,Tech_D,54.0,247,Pending,Yes,3.0,9
T4594,2029-03-12 00:00:00,Accounts,Login,Laptop,High,Tech_D,49.0,204,Pending,No,2.0,6
T4595,2029-03-12 08:00:00,Accounts,Printer,Printer,Low,Tech_B,46.0,98,Resolved,No,2.0,2
T4596,2029-03-12 16:00:00,ENTC,Login,Desktop,Medium,Tech_A,99.0,234,Resolved,Yes,5.0,7
T4597,2029-03-13 00:00:00,Accounts,Network,Laptop,Low,Tech_E,88.0,215,Pending,No,4.0,9
T4598,2029-03-13 08:00:00,Admin,Login,Server,Low,Tech_B,60.0,163,Pending,No,1.0,9
T4599,2029-03-13 16:00:00,Mechanical,Printer,Printer,Medium,Tech_A,75.0,121,Resolved,No,5.0,3
T4600,2029-03-14 00:00:00,Admin,Network,Router,Medium,Tech_A,61.0,153,Pending,No,4.0,2
T4601,2029-03-14 08:00:00,IT,Hardware,Desktop,Low,Tech_E,108.0,196,Escalated,No,1.0,5
T4602,2029-03-14 16:00:00,IT,Network,Server,Medium,Tech_C,37.0,181,Resolved,No,3.0,10
T4603,2029-03-15 00:00:00,CSE,Security,Server,High,Tech_E,32.0,201,Resolved,No,4.0,7
T4604,2029-03-15 08:00:00,CSE,Software,Desktop,High,Tech_E,118.0,246,Resolved,Yes,1.0,3
T4605,2029-03-15 16:00:00,IT,Security,Server,High,Tech_A,48.0,210,Escalated,No,5.0,4
T4606,2029-03-16 00:00:00,Accounts,Network,Laptop,High,Tech_C,118.0,291,Resolved,No,1.0,10
T4607,2029-03-16 08:00:00,Admin,Hardware,Desktop,Medium,Tech_C,60.0,160,Resolved,No,2.0,2
T4608,2029-03-16 16:00:00,IT,Login,Server,Medium,Tech_D,48.0,182,Resolved,No,1.0,10
T4609,2029-03-17 00:00:00,CSE,Network,Router,High,Tech_E,88.0,232,Resolved,Yes,3.0,2
T4610,2029-03-17 08:00:00,IT,Security,Laptop,Medium,Tech_E,100.0,251,Resolved,No,5.0,7
T4611,2029-03-17 16:00:00,Accounts,Network,Server,Medium,Tech_C,77.0,149,Resolved,Yes,4.0,2
T4612,2029-03-18 00:00:00,IT,Network,Laptop,Medium,Tech_C,38.0,142,Pending,Yes,,1
T4613,2029-03-18 08:00:00,Admin,Network,Router,Medium,Tech_C,18.0,157,Resolved,Yes,5.0,4
T4614,2029-03-18 16:00:00,Mechanical,Hardware,Desktop,Medium,Tech_A,72.0,207,Pending,No,3.0,6
T4615,2029-03-19 00:00:00,Accounts,Printer,Printer,Medium,Tech_A,33.0,181,Resolved,No,4.0,10
T4616,2029-03-19 08:00:00,CSE,Printer,Printer,Low,Tech_A,83.0,166,Resolved,No,1.0,10
T4617,2029-03-19 16:00:00,Admin,Network,Router,Medium,Tech_E,21.0,133,Pending,No,3.0,4
T4618,2029-03-20 00:00:00,IT,Hardware,Desktop,Medium,Tech_C,87.0,161,Resolved,No,2.0,1
T4619,2029-03-20 08:00:00,IT,Hardware,Desktop,Low,Tech_A,106.0,166,Resolved,No,5.0,1
T4620,2029-03-20 16:00:00,Mechanical,Network,Router,Medium,Tech_D,13.0,156,Resolved,No,5.0,9
T4621,2029-03-21 00:00:00,CSE,Security,Laptop,High,Tech_C,31.0,172,Resolved,No,1.0,1
T4622,2029-03-21 08:00:00,CSE,Security,Server,Medium,Tech_C,53.0,218,Resolved,No,3.0,7
T4623,2029-03-21 16:00:00,ENTC,Software,Desktop,High,Tech_C,83.0,239,Resolved,No,4.0,7
T4624,2029-03-22 00:00:00,CSE,Network,Laptop,Medium,Tech_A,41.0,118,Resolved,No,4.0,1
T4625,2029-03-22 08:00:00,Mechanical,Software,Desktop,High,Tech_B,32.0,152,Resolved,No,4.0,1
T4626,2029-03-22 16:00:00,ENTC,Security,Laptop,Medium,Tech_D,54.0,191,Escalated,No,4.0,6
T4627,2029-03-23 00:00:00,ENTC,Security,Desktop,High,Tech_D,59.0,265,Resolved,No,1.0,8
T4628,2029-03-23 08:00:00,IT,Network,Router,Medium,Tech_B,8.0,160,Resolved,No,1.0,7
T4629,2029-03-23 16:00:00,IT,Software,Desktop,High,Tech_D,89.0,209,Resolved,No,5.0,6
T4630,2029-03-24 00:00:00,CSE,Software,Desktop,Medium,Tech_A,102.0,277,Pending,Yes,3.0,10
T4631,2029-03-24 08:00:00,ENTC,Network,Router,High,Tech_C,23.0,139,Escalated,No,2.0,3
T4632,2029-03-24 16:00:00,IT,Software,Server,Medium,Tech_B,41.0,168,Resolved,No,1.0,7
T4633,2029-03-25 00:00:00,Mechanical,Login,Desktop,Medium,Tech_C,8.0,119,Resolved,No,4.0,6
T4634,2029-03-25 08:00:00,IT,Security,Desktop,High,Tech_D,41.0,255,Resolved,No,2.0,8
T4635,2029-03-25 16:00:00,Accounts,Printer,Printer,Medium,Tech_E,55.0,166,Pending,Yes,5.0,4
T4636,2029-03-26 00:00:00,Accounts,Hardware,Laptop,Medium,Tech_D,36.0,219,Resolved,No,4.0,9
T4637,2029-03-26 08:00:00,IT,Software,Desktop,Medium,Tech_D,49.0,129,Pending,No,3.0,1
T4638,2029-03-26 16:00:00,ENTC,Software,Desktop,High,Tech_B,116.0,257,Resolved,No,2.0,7
T4639,2029-03-27 00:00:00,ENTC,Hardware,Laptop,Medium,Tech_C,16.0,197,Resolved,No,5.0,9
T4640,2029-03-27 08:00:00,Admin,Software,Desktop,Medium,Tech_B,45.0,193,Resolved,No,1.0,10
T4641,2029-03-27 16:00:00,Accounts,Hardware,Desktop,Low,Tech_A,60.0,106,Pending,No,3.0,1
T4642,2029-03-28 00:00:00,Mechanical,Network,Laptop,Medium,Tech_C,84.0,228,Resolved,No,4.0,10
T4643,2029-03-28 08:00:00,ENTC,Login,Server,Medium,Tech_A,18.0,104,Resolved,No,2.0,3
T4644,2029-03-28 16:00:00,CSE,Login,Laptop,Medium,Tech_A,58.0,134,Escalated,No,5.0,7
T4645,2029-03-29 00:00:00,Accounts,Security,Server,High,Tech_B,67.0,313,Resolved,Yes,2.0,9
T4646,2029-03-29 08:00:00,Mechanical,Printer,Printer,Low,Tech_D,69.0,95,Resolved,No,3.0,1
T4647,2029-03-29 16:00:00,Mechanical,Software,Desktop,Medium,Tech_E,120.0,226,Resolved,No,1.0,6
T4648,2029-03-30 00:00:00,ENTC,Printer,Printer,Medium,Tech_D,62.0,126,Resolved,No,1.0,2
T4649,2029-03-30 08:00:00,Mechanical,Network,Laptop,Medium,Tech_D,100.0,182,Resolved,No,3.0,5
T4650,2029-03-30 16:00:00,ENTC,Login,Laptop,Medium,Tech_C,25.0,148,Resolved,No,4.0,7
T4651,2029-03-31 00:00:00,IT,Network,Laptop,Medium,Tech_B,8.0,173,Resolved,Yes,2.0,7
T4652,2029-03-31 08:00:00,Accounts,Network,Router,High,Tech_C,77.0,280,Resolved,Yes,4.0,10
T4653,2029-03-31 16:00:00,Admin,Software,Laptop,Low,Tech_E,119.0,193,Pending,No,5.0,7
T4654,2029-04-01 00:00:00,IT,Network,Laptop,Medium,Tech_B,50.0,154,Escalated,No,4.0,4
T4655,2029-04-01 08:00:00,Accounts,Login,Server,Medium,Tech_D,90.0,157,Pending,No,3.0,6
T4656,2029-04-01 16:00:00,ENTC,Printer,Printer,Low,Tech_A,16.0,141,Pending,No,1.0,10
T4657,2029-04-02 00:00:00,Accounts,Login,Server,Low,Tech_D,34.0,127,Escalated,No,3.0,6
T4658,2029-04-02 08:00:00,ENTC,Software,Server,High,Tech_D,98.0,248,Pending,No,3.0,7
T4659,2029-04-02 16:00:00,IT,Login,Server,Medium,Tech_B,100.0,218,Escalated,No,2.0,9
T4660,2029-04-03 00:00:00,CSE,Hardware,Laptop,Medium,Tech_D,64.0,216,Resolved,No,3.0,6
T4661,2029-04-03 08:00:00,CSE,Printer,Printer,Low,Tech_E,104.0,234,Resolved,Yes,5.0,10
T4662,2029-04-03 16:00:00,Accounts,Hardware,Desktop,High,Tech_D,75.0,185,Resolved,No,2.0,1
T4663,2029-04-04 00:00:00,CSE,Hardware,Desktop,Low,Tech_A,85.0,186,Escalated,No,2.0,8
T4664,2029-04-04 08:00:00,ENTC,Security,Laptop,Medium,Tech_B,69.0,158,Resolved,No,4.0,2
T4665,2029-04-04 16:00:00,Mechanical,Software,Server,Medium,Tech_E,18.0,115,Pending,No,3.0,3
T4666,2029-04-05 00:00:00,ENTC,Network,Router,Medium,Tech_B,115.0,220,Resolved,No,4.0,5
T4667,2029-04-05 08:00:00,Mechanical,Hardware,Laptop,High,Tech_A,48.0,216,Escalated,No,4.0,6
T4668,2029-04-05 16:00:00,IT,Login,Server,Medium,Tech_C,112.0,211,Resolved,No,2.0,7
T4669,2029-04-06 00:00:00,Admin,Network,Router,Medium,Tech_E,106.0,191,Resolved,No,4.0,4
T4670,2029-04-06 08:00:00,Mechanical,Login,Server,Medium,Tech_A,30.0,120,Pending,No,4.0,3
T4671,2029-04-06 16:00:00,CSE,Login,Server,Medium,Tech_C,95.0,208,Resolved,No,2.0,9
T4672,2029-04-07 00:00:00,ENTC,Network,Server,Medium,Tech_A,113.0,201,Resolved,No,2.0,4
T4673,2029-04-07 08:00:00,IT,Network,Router,High,Tech_C,20.0,212,Resolved,No,1.0,9
T4674,2029-04-07 16:00:00,CSE,Login,Laptop,Low,Tech_C,114.0,213,Resolved,No,3.0,9
T4675,2029-04-08 00:00:00,IT,Software,Laptop,Low,Tech_B,11.0,70,Resolved,No,1.0,3
T4676,2029-04-08 08:00:00,Admin,Printer,Printer,Low,Tech_D,36.0,77,Resolved,No,2.0,3
T4677,2029-04-08 16:00:00,ENTC,Security,Server,High,Tech_D,93.0,282,Pending,No,5.0,8
T4678,2029-04-09 00:00:00,Accounts,Printer,Printer,Low,Tech_A,99.0,121,Resolved,No,4.0,1
T4679,2029-04-09 08:00:00,ENTC,Software,Desktop,High,Tech_C,20.0,174,Resolved,No,4.0,6
T4680,2029-04-09 16:00:00,Admin,Security,Laptop,High,Tech_D,109.0,243,Pending,No,2.0,6
T4681,2029-04-10 00:00:00,ENTC,Network,Router,Medium,Tech_A,82.0,226,Resolved,No,4.0,9
T4682,2029-04-10 08:00:00,Accounts,Security,Server,High,Tech_A,93.0,259,Resolved,No,1.0,2
T4683,2029-04-10 16:00:00,Mechanical,Login,Laptop,Medium,Tech_E,66.0,198,Resolved,No,4.0,8
T4684,2029-04-11 00:00:00,IT,Printer,Printer,Low,Tech_B,34.0,100,Resolved,No,5.0,7
T4685,2029-04-11 08:00:00,Accounts,Security,Server,High,Tech_B,75.0,209,Resolved,No,3.0,2
T4686,2029-04-11 16:00:00,CSE,Login,Server,Low,Tech_C,16.0,59,Escalated,No,1.0,1
T4687,2029-04-12 00:00:00,Admin,Software,Laptop,Low,Tech_D,71.0,130,Resolved,No,3.0,4
T4688,2029-04-12 08:00:00,Mechanical,Security,Laptop,High,Tech_C,95.0,214,Resolved,No,3.0,2
T4689,2029-04-12 16:00:00,CSE,Login,Desktop,Medium,Tech_D,50.0,119,Resolved,No,5.0,3
T4690,2029-04-13 00:00:00,CSE,Software,Desktop,High,Tech_D,87.0,199,Resolved,No,5.0,2
T4691,2029-04-13 08:00:00,Admin,Network,Router,Medium,Tech_D,47.0,205,Resolved,No,5.0,9
T4692,2029-04-13 16:00:00,Mechanical,Software,Laptop,High,Tech_D,105.0,218,Resolved,No,5.0,4
T4693,2029-04-14 00:00:00,CSE,Software,Desktop,Medium,Tech_D,59.0,135,Resolved,No,1.0,1
T4694,2029-04-14 08:00:00,CSE,Printer,Printer,Low,Tech_E,49.0,136,Resolved,No,5.0,8
T4695,2029-04-14 16:00:00,Mechanical,Login,Desktop,High,Tech_E,64.0,205,Pending,Yes,1.0,4
T4696,2029-04-15 00:00:00,ENTC,Security,Server,High,Tech_D,110.0,308,Resolved,No,4.0,10
T4697,2029-04-15 08:00:00,CSE,Printer,Printer,Low,Tech_A,75.0,145,Pending,No,3.0,8
T4698,2029-04-15 16:00:00,IT,Hardware,Desktop,Medium,Tech_A,117.0,247,Resolved,No,4.0,8
T4699,2029-04-16 00:00:00,Mechanical,Software,Laptop,Medium,Tech_B,84.0,259,Resolved,Yes,4.0,9
T4700,2029-04-16 08:00:00,CSE,Hardware,Laptop,Medium,Tech_D,36.0,225,Resolved,No,2.0,10
T4701,2029-04-16 16:00:00,Admin,Printer,Printer,Medium,Tech_A,12.0,133,Pending,No,4.0,7
T4702,2029-04-17 00:00:00,Accounts,Login,Laptop,Medium,Tech_B,117.0,186,Resolved,No,4.0,4
T4703,2029-04-17 08:00:00,IT,Printer,Printer,Low,Tech_A,81.0,135,Resolved,No,2.0,2
T4704,2029-04-17 16:00:00,Accounts,Login,Desktop,Medium,Tech_B,66.0,166,Resolved,No,4.0,6
T4705,2029-04-18 00:00:00,Accounts,Login,Server,Low,Tech_C,79.0,129,Pending,No,2.0,4
T4706,2029-04-18 08:00:00,CSE,Network,Laptop,Medium,Tech_A,24.0,188,Resolved,Yes,1.0,6
T4707,2029-04-18 16:00:00,IT,Software,Desktop,Low,Tech_D,22.0,113,Resolved,No,3.0,8
T4708,2029-04-19 00:00:00,IT,Printer,Printer,Low,Tech_D,105.0,139,Resolved,No,5.0,3
T4709,2029-04-19 08:00:00,ENTC,Login,Server,High,Tech_E,10.0,116,Resolved,No,4.0,1
T4710,2029-04-19 16:00:00,Accounts,Printer,Printer,Low,Tech_C,88.0,152,Resolved,No,1.0,5
T4711,2029-04-20 00:00:00,IT,Printer,Printer,Low,Tech_C,100.0,130,Pending,No,3.0,3
T4712,2029-04-20 08:00:00,ENTC,Login,Laptop,Medium,Tech_A,114.0,202,Resolved,No,1.0,6
T4713,2029-04-20 16:00:00,Mechanical,Security,Server,High,Tech_B,112.0,252,Resolved,No,2.0,3
T4714,2029-04-21 00:00:00,ENTC,Hardware,Desktop,Medium,Tech_E,33.0,121,Resolved,No,1.0,1
T4715,2029-04-21 08:00:00,Admin,Software,Laptop,High,Tech_C,8.0,215,Resolved,Yes,4.0,9
T4716,2029-04-21 16:00:00,CSE,Software,Desktop,Medium,Tech_C,75.0,181,Resolved,No,4.0,5
T4717,2029-04-22 00:00:00,Mechanical,Security,Laptop,Low,Tech_D,47.0,140,Resolved,No,5.0,2
T4718,2029-04-22 08:00:00,Mechanical,Network,Router,Medium,Tech_D,88.0,170,Resolved,No,5.0,2
T4719,2029-04-22 16:00:00,Admin,Security,Laptop,High,Tech_B,38.0,230,Pending,No,4.0,9
T4720,2029-04-23 00:00:00,ENTC,Network,Server,Medium,Tech_A,104.0,197,Resolved,Yes,1.0,1
T4721,2029-04-23 08:00:00,CSE,Network,Router,High,Tech_B,75.0,251,Resolved,No,4.0,10
T4722,2029-04-23 16:00:00,ENTC,Security,Laptop,High,Tech_A,37.0,219,Resolved,No,1.0,3
T4723,2029-04-24 00:00:00,IT,Software,Laptop,Medium,Tech_E,19.0,174,Pending,No,4.0,10
T4724,2029-04-24 08:00:00,ENTC,Hardware,Desktop,Low,Tech_C,120.0,216,Pending,No,3.0,7
T4725,2029-04-24 16:00:00,Mechanical,Software,Desktop,Medium,Tech_B,100.0,172,Resolved,No,1.0,1
T4726,2029-04-25 00:00:00,CSE,Software,Laptop,Medium,Tech_A,90.0,170,Resolved,No,2.0,2
T4727,2029-04-25 08:00:00,ENTC,Software,Desktop,Medium,Tech_E,44.0,154,Resolved,No,2.0,6
T4728,2029-04-25 16:00:00,CSE,Security,Server,Medium,Tech_B,97.0,245,Resolved,No,5.0,9
T4729,2029-04-26 00:00:00,CSE,Security,Desktop,Medium,Tech_C,93.0,260,Escalated,Yes,3.0,9
T4730,2029-04-26 08:00:00,IT,Security,Laptop,High,Tech_E,9.0,206,Resolved,No,2.0,8
T4731,2029-04-26 16:00:00,IT,Software,Server,Medium,Tech_D,82.0,187,Resolved,Yes,4.0,3
T4732,2029-04-27 00:00:00,Mechanical,Hardware,Laptop,Medium,Tech_C,54.0,147,Resolved,No,2.0,2
T4733,2029-04-27 08:00:00,Admin,Network,Server,Medium,Tech_D,103.0,155,Resolved,No,,1
T4734,2029-04-27 16:00:00,CSE,Printer,Printer,Medium,Tech_E,70.0,189,Escalated,No,3.0,9
T4735,2029-04-28 00:00:00,Admin,Network,Router,Medium,Tech_E,93.0,215,Resolved,No,5.0,5
T4736,2029-04-28 08:00:00,Mechanical,Network,Router,Medium,Tech_D,58.0,189,Resolved,Yes,2.0,3
T4737,2029-04-28 16:00:00,CSE,Printer,Printer,Low,Tech_A,84.0,209,Resolved,No,5.0,10
T4738,2029-04-29 00:00:00,CSE,Software,Desktop,Medium,Tech_E,50.0,189,Resolved,No,3.0,10
T4739,2029-04-29 08:00:00,Accounts,Hardware,Laptop,Low,Tech_B,84.0,183,Resolved,No,1.0,5
T4740,2029-04-29 16:00:00,Admin,Hardware,Laptop,High,Tech_B,15.0,197,Resolved,Yes,3.0,3
T4741,2029-04-30 00:00:00,ENTC,Network,Router,Medium,Tech_E,53.0,218,Resolved,No,3.0,9
T4742,2029-04-30 08:00:00,IT,Printer,Printer,Low,Tech_D,103.0,121,Pending,No,3.0,1
T4743,2029-04-30 16:00:00,ENTC,Login,Server,Medium,Tech_D,27.0,110,Resolved,Yes,1.0,1
T4744,2029-05-01 00:00:00,Admin,Software,Server,Medium,Tech_C,59.0,130,Resolved,No,1.0,3
T4745,2029-05-01 08:00:00,IT,Network,Server,Low,Tech_D,9.0,116,Escalated,No,3.0,6
T4746,2029-05-01 16:00:00,ENTC,Hardware,Laptop,High,Tech_A,68.0,195,Resolved,No,1.0,2
T4747,2029-05-02 00:00:00,Accounts,Security,Server,Low,Tech_A,39.0,122,Pending,No,4.0,1
T4748,2029-05-02 08:00:00,IT,Security,Server,High,Tech_B,97.0,268,Resolved,No,3.0,8
T4749,2029-05-02 16:00:00,CSE,Printer,Printer,Medium,Tech_E,115.0,277,Resolved,Yes,2.0,10
T4750,2029-05-03 00:00:00,ENTC,Printer,Printer,Low,Tech_B,73.0,155,Resolved,No,4.0,9
T4751,2029-05-03 08:00:00,IT,Network,Server,Medium,Tech_E,58.0,254,Resolved,Yes,3.0,10
T4752,2029-05-03 16:00:00,Accounts,Login,Laptop,Low,Tech_B,7.0,75,Pending,Yes,2.0,1
T4753,2029-05-04 00:00:00,IT,Hardware,Desktop,Low,Tech_E,10.0,122,Resolved,No,2.0,3
T4754,2029-05-04 08:00:00,IT,Network,Server,Low,Tech_E,91.0,147,Escalated,No,5.0,5
T4755,2029-05-04 16:00:00,Accounts,Login,Desktop,High,Tech_B,114.0,263,Resolved,No,5.0,7
T4756,2029-05-05 00:00:00,ENTC,Printer,Printer,Medium,Tech_C,60.0,183,Resolved,No,2.0,10
T4757,2029-05-05 08:00:00,Mechanical,Security,Server,High,Tech_A,6.0,167,Resolved,No,3.0,4
T4758,2029-05-05 16:00:00,ENTC,Software,Laptop,Medium,Tech_D,86.0,208,Resolved,No,3.0,6
T4759,2029-05-06 00:00:00,Admin,Security,Laptop,High,Tech_A,98.0,232,Resolved,No,3.0,1
T4760,2029-05-06 08:00:00,Accounts,Hardware,Desktop,Medium,Tech_D,42.0,140,Resolved,No,3.0,4
T4761,2029-05-06 16:00:00,ENTC,Hardware,Laptop,Medium,Tech_E,60.0,209,Resolved,No,2.0,8
T4762,2029-05-07 00:00:00,IT,Security,Server,High,Tech_B,9.0,209,Escalated,No,1.0,5
T4763,2029-05-07 08:00:00,Accounts,Security,Server,Medium,Tech_B,50.0,246,Escalated,Yes,1.0,8
T4764,2029-05-07 16:00:00,CSE,Login,Laptop,High,Tech_D,117.0,222,Escalated,Yes,3.0,1
T4765,2029-05-08 00:00:00,ENTC,Network,Laptop,Medium,Tech_B,15.0,220,Resolved,Yes,5.0,10
T4766,2029-05-08 08:00:00,Accounts,Printer,Printer,Medium,Tech_B,69.0,197,Resolved,No,2.0,9
T4767,2029-05-08 16:00:00,ENTC,Login,Desktop,Medium,Tech_B,14.0,92,Escalated,No,1.0,4
T4768,2029-05-09 00:00:00,Accounts,Software,Laptop,Medium,Tech_A,45.0,211,Resolved,Yes,2.0,9
T4769,2029-05-09 08:00:00,IT,Security,Desktop,Low,Tech_B,120.0,248,Resolved,No,5.0,8
T4770,2029-05-09 16:00:00,CSE,Software,Desktop,Medium,Tech_C,48.0,181,Pending,No,2.0,8
T4771,2029-05-10 00:00:00,CSE,Software,Server,High,Tech_D,94.0,189,Pending,No,5.0,2
T4772,2029-05-10 08:00:00,Admin,Login,Server,Low,Tech_A,37.0,100,Resolved,No,5.0,3
T4773,2029-05-10 16:00:00,Accounts,Printer,Printer,Medium,Tech_A,95.0,223,Resolved,No,4.0,10
T4774,2029-05-11 00:00:00,ENTC,Hardware,Desktop,Medium,Tech_E,60.0,192,Resolved,No,5.0,9
T4775,2029-05-11 08:00:00,CSE,Network,Laptop,Medium,Tech_E,118.0,180,Resolved,No,4.0,3
T4776,2029-05-11 16:00:00,CSE,Hardware,Desktop,Medium,Tech_B,16.0,178,Resolved,No,5.0,8
T4777,2029-05-12 00:00:00,Mechanical,Printer,Printer,Medium,Tech_A,6.0,118,Resolved,No,5.0,5
T4778,2029-05-12 08:00:00,Mechanical,Hardware,Laptop,Medium,Tech_A,5.0,147,Resolved,No,2.0,7
T4779,2029-05-12 16:00:00,CSE,Security,Laptop,High,Tech_B,69.0,237,Resolved,No,4.0,4
T4780,2029-05-13 00:00:00,Accounts,Security,Server,High,Tech_D,37.0,246,Resolved,No,1.0,8
T4781,2029-05-13 08:00:00,Admin,Login,Server,Medium,Tech_A,90.0,166,Resolved,No,1.0,4
T4782,2029-05-13 16:00:00,CSE,Software,Laptop,Low,Tech_E,80.0,155,Resolved,No,2.0,5
T4783,2029-05-14 00:00:00,IT,Printer,Printer,Low,Tech_B,107.0,129,Resolved,No,1.0,1
T4784,2029-05-14 08:00:00,ENTC,Printer,Printer,Low,Tech_A,40.0,191,Resolved,Yes,1.0,10
T4785,2029-05-14 16:00:00,Admin,Hardware,Laptop,Medium,Tech_E,25.0,192,Pending,No,5.0,8
T4786,2029-05-15 00:00:00,IT,Login,Server,Medium,Tech_C,88.0,181,Resolved,No,3.0,7
T4787,2029-05-15 08:00:00,Admin,Hardware,Desktop,Medium,Tech_A,40.0,156,Escalated,No,3.0,5
T4788,2029-05-15 16:00:00,IT,Hardware,Laptop,Medium,Tech_B,30.0,184,Pending,No,1.0,6
T4789,2029-05-16 00:00:00,ENTC,Printer,Printer,Low,Tech_E,51.0,93,Resolved,No,2.0,1
T4790,2029-05-16 08:00:00,ENTC,Hardware,Laptop,Low,Tech_A,99.0,219,Escalated,No,2.0,8
T4791,2029-05-16 16:00:00,Mechanical,Software,Laptop,Low,Tech_E,5.0,164,Resolved,Yes,4.0,9
T4792,2029-05-17 00:00:00,Accounts,Hardware,Desktop,Medium,Tech_B,42.0,180,Resolved,No,2.0,5
T4793,2029-05-17 08:00:00,IT,Software,Desktop,Low,Tech_A,18.0,150,Resolved,No,2.0,10
T4794,2029-05-17 16:00:00,Mechanical,Printer,Printer,Low,Tech_B,94.0,164,Resolved,No,5.0,7
T4795,2029-05-18 00:00:00,IT,Login,Server,Medium,Tech_D,50.0,199,Resolved,No,5.0,10
T4796,2029-05-18 08:00:00,Mechanical,Security,Server,High,Tech_A,46.0,210,Resolved,No,1.0,4
T4797,2029-05-18 16:00:00,ENTC,Software,Laptop,Medium,Tech_A,11.0,176,Resolved,Yes,2.0,6
T4798,2029-05-19 00:00:00,Admin,Login,Desktop,Medium,Tech_E,59.0,146,Resolved,No,3.0,2
T4799,2029-05-19 08:00:00,Mechanical,Login,Desktop,Low,Tech_A,60.0,132,Resolved,No,2.0,4
T4800,2029-05-19 16:00:00,IT,Software,Desktop,Medium,Tech_D,80.0,160,Resolved,No,2.0,5
T4801,2029-05-20 00:00:00,IT,Printer,Printer,Low,Tech_E,67.0,153,Pending,No,1.0,9
T4802,2029-05-20 08:00:00,Accounts,Network,Server,Medium,Tech_E,28.0,166,Resolved,No,3.0,9
T4803,2029-05-20 16:00:00,ENTC,Login,Laptop,Medium,Tech_C,87.0,204,Resolved,No,1.0,8
T4804,2029-05-21 00:00:00,IT,Login,Server,Medium,Tech_A,77.0,170,Resolved,No,2.0,4
T4805,2029-05-21 08:00:00,CSE,Printer,Printer,High,Tech_C,103.0,223,Resolved,No,3.0,6
T4806,2029-05-21 16:00:00,Admin,Printer,Printer,Low,Tech_D,8.0,96,Resolved,No,2.0,7
T4807,2029-05-22 00:00:00,Mechanical,Hardware,Laptop,Medium,Tech_A,113.0,210,Escalated,Yes,1.0,1
T4808,2029-05-22 08:00:00,Accounts,Printer,Printer,Medium,Tech_C,46.0,94,Resolved,No,1.0,1
T4809,2029-05-22 16:00:00,Admin,Login,Laptop,Medium,Tech_C,100.0,179,Pending,No,5.0,4
T4810,2029-05-23 00:00:00,ENTC,Software,Laptop,Medium,Tech_E,114.0,180,Pending,No,3.0,3
T4811,2029-05-23 08:00:00,Accounts,Network,Router,Medium,Tech_C,74.0,218,Resolved,No,5.0,10
T4812,2029-05-23 16:00:00,Mechanical,Hardware,Desktop,High,Tech_C,32.0,186,Escalated,No,3.0,4
T4813,2029-05-24 00:00:00,Mechanical,Software,Laptop,Medium,Tech_A,96.0,234,Resolved,No,4.0,9
T4814,2029-05-24 08:00:00,CSE,Network,Router,Low,Tech_A,44.0,88,Escalated,No,3.0,2
T4815,2029-05-24 16:00:00,ENTC,Network,Server,Medium,Tech_E,55.0,184,Resolved,Yes,2.0,4
T4816,2029-05-25 00:00:00,Accounts,Network,Router,Medium,Tech_A,33.0,143,Resolved,No,3.0,7
T4817,2029-05-25 08:00:00,Accounts,Security,Desktop,High,Tech_D,46.0,189,Escalated,No,5.0,2
T4818,2029-05-25 16:00:00,IT,Software,Desktop,Medium,Tech_E,73.0,205,Resolved,No,1.0,8
T4819,2029-05-26 00:00:00,CSE,Hardware,Desktop,Low,Tech_D,9.0,174,Pending,No,1.0,10
T4820,2029-05-26 08:00:00,CSE,Hardware,Laptop,Medium,Tech_A,105.0,198,Resolved,No,3.0,4
T4821,2029-05-26 16:00:00,Accounts,Network,Laptop,Low,Tech_A,45.0,188,Resolved,Yes,4.0,9
T4822,2029-05-27 00:00:00,Accounts,Software,Laptop,High,Tech_E,65.0,160,Resolved,No,1.0,1
T4823,2029-05-27 08:00:00,Admin,Security,Server,High,Tech_C,59.0,234,Escalated,No,1.0,7
T4824,2029-05-27 16:00:00,Admin,Network,Router,Medium,Tech_B,32.0,115,Resolved,No,1.0,1
T4825,2029-05-28 00:00:00,Admin,Printer,Printer,Low,Tech_B,45.0,147,Resolved,No,4.0,10
T4826,2029-05-28 08:00:00,CSE,Hardware,Desktop,High,Tech_A,115.0,324,Resolved,Yes,5.0,9
T4827,2029-05-28 16:00:00,IT,Login,Desktop,Low,Tech_D,13.0,131,Escalated,No,3.0,10
T4828,2029-05-29 00:00:00,Mechanical,Network,Server,Medium,Tech_E,33.0,191,Resolved,No,4.0,10
T4829,2029-05-29 08:00:00,Admin,Printer,Printer,Low,Tech_C,82.0,111,Resolved,No,3.0,1
T4830,2029-05-29 16:00:00,IT,Hardware,Laptop,Low,Tech_A,42.0,131,Resolved,No,2.0,3
T4831,2029-05-30 00:00:00,ENTC,Security,Server,Low,Tech_D,66.0,200,Resolved,No,3.0,7
T4832,2029-05-30 08:00:00,Admin,Software,Server,High,Tech_A,58.0,161,Pending,No,1.0,1
T4833,2029-05-30 16:00:00,Mechanical,Hardware,Laptop,Medium,Tech_B,56.0,164,Resolved,No,4.0,5
T4834,2029-05-31 00:00:00,ENTC,Software,Server,Medium,Tech_A,108.0,205,Resolved,No,4.0,6
T4835,2029-05-31 08:00:00,ENTC,Software,Server,Medium,Tech_D,38.0,148,Resolved,Yes,5.0,3
T4836,2029-05-31 16:00:00,Mechanical,Security,Desktop,High,Tech_B,41.0,220,Resolved,No,2.0,6
T4837,2029-06-01 00:00:00,Admin,Security,Laptop,High,Tech_A,53.0,217,Resolved,No,5.0,4
T4838,2029-06-01 08:00:00,CSE,Network,Router,Medium,Tech_B,46.0,158,Pending,No,5.0,6
T4839,2029-06-01 16:00:00,Mechanical,Network,Server,Medium,Tech_E,18.0,172,Resolved,Yes,2.0,6
T4840,2029-06-02 00:00:00,Mechanical,Hardware,Desktop,Medium,Tech_D,86.0,187,Resolved,No,1.0,4
T4841,2029-06-02 08:00:00,Mechanical,Security,Laptop,Medium,Tech_D,37.0,136,Resolved,No,4.0,1
T4842,2029-06-02 16:00:00,ENTC,Printer,Printer,Low,Tech_E,102.0,125,Pending,No,3.0,3
T4843,2029-06-03 00:00:00,IT,Hardware,Desktop,Medium,Tech_D,96.0,238,Resolved,No,2.0,10
T4844,2029-06-03 08:00:00,CSE,Login,Laptop,Low,Tech_D,104.0,197,Escalated,No,5.0,7
T4845,2029-06-03 16:00:00,Admin,Software,Desktop,High,Tech_A,113.0,209,Resolved,No,3.0,2
T4846,2029-06-04 00:00:00,Admin,Software,Laptop,Medium,Tech_C,116.0,215,Resolved,No,2.0,4
T4847,2029-06-04 08:00:00,IT,Network,Server,Medium,Tech_A,105.0,235,Resolved,No,2.0,6
T4848,2029-06-04 16:00:00,Mechanical,Printer,Printer,Low,Tech_E,91.0,188,Resolved,Yes,1.0,5
T4849,2029-06-05 00:00:00,CSE,Security,Laptop,High,Tech_E,110.0,261,Escalated,No,,6
T4850,2029-06-05 08:00:00,Admin,Security,Laptop,High,Tech_C,21.0,218,Resolved,No,4.0,5
T4851,2029-06-05 16:00:00,Accounts,Network,Router,Medium,Tech_A,79.0,219,Resolved,No,4.0,9
T4852,2029-06-06 00:00:00,Admin,Login,Laptop,Medium,Tech_A,36.0,107,Resolved,No,3.0,2
T4853,2029-06-06 08:00:00,Mechanical,Hardware,Laptop,Medium,Tech_A,105.0,200,Resolved,No,4.0,4
T4854,2029-06-06 16:00:00,Accounts,Hardware,Laptop,High,Tech_B,83.0,192,Pending,No,2.0,1
T4855,2029-06-07 00:00:00,IT,Printer,Printer,Low,Tech_B,72.0,157,Escalated,No,2.0,7
T4856,2029-06-07 08:00:00,CSE,Network,Server,Medium,Tech_A,43.0,149,Resolved,No,2.0,1
T4857,2029-06-07 16:00:00,IT,Network,Laptop,Medium,Tech_B,98.0,188,Resolved,No,2.0,6
T4858,2029-06-08 00:00:00,IT,Login,Server,High,Tech_A,14.0,224,Resolved,No,1.0,10
T4859,2029-06-08 08:00:00,CSE,Hardware,Laptop,Medium,Tech_E,91.0,266,Escalated,No,2.0,10
T4860,2029-06-08 16:00:00,CSE,Network,Server,Medium,Tech_A,28.0,180,Escalated,No,2.0,9
T4861,2029-06-09 00:00:00,Admin,Security,Desktop,High,Tech_B,104.0,230,Escalated,No,2.0,2
T4862,2029-06-09 08:00:00,Admin,Printer,Printer,Low,Tech_C,120.0,118,Resolved,No,5.0,1
T4863,2029-06-09 16:00:00,CSE,Hardware,Desktop,Low,Tech_E,62.0,191,Resolved,No,3.0,10
T4864,2029-06-10 00:00:00,Accounts,Login,Laptop,Medium,Tech_D,73.0,139,Resolved,No,3.0,3
T4865,2029-06-10 08:00:00,ENTC,Printer,Printer,Low,Tech_C,105.0,167,Resolved,No,2.0,6
T4866,2029-06-10 16:00:00,Admin,Software,Desktop,Low,Tech_C,111.0,191,Resolved,No,2.0,7
T4867,2029-06-11 00:00:00,ENTC,Security,Server,High,Tech_D,68.0,272,Resolved,No,3.0,8
T4868,2029-06-11 08:00:00,Accounts,Login,Server,Medium,Tech_E,23.0,126,Resolved,No,4.0,4
T4869,2029-06-11 16:00:00,CSE,Printer,Printer,Low,Tech_D,105.0,189,Resolved,No,5.0,8
T4870,2029-06-12 00:00:00,Accounts,Network,Server,Medium,Tech_E,12.0,151,Resolved,No,5.0,7
T4871,2029-06-12 08:00:00,Admin,Software,Server,Medium,Tech_E,75.0,212,Resolved,No,4.0,8
T4872,2029-06-12 16:00:00,IT,Login,Desktop,Medium,Tech_E,44.0,153,Resolved,No,2.0,5
T4873,2029-06-13 00:00:00,CSE,Network,Laptop,Low,Tech_C,17.0,163,Resolved,No,3.0,10
T4874,2029-06-13 08:00:00,Mechanical,Security,Server,Medium,Tech_E,105.0,242,Resolved,No,5.0,7
T4875,2029-06-13 16:00:00,ENTC,Software,Laptop,Medium,Tech_D,31.0,143,Resolved,No,4.0,4
T4876,2029-06-14 00:00:00,Accounts,Hardware,Desktop,Medium,Tech_C,86.0,174,Pending,No,,1
T4877,2029-06-14 08:00:00,CSE,Network,Server,Medium,Tech_E,92.0,173,Resolved,No,1.0,3
T4878,2029-06-14 16:00:00,Accounts,Printer,Printer,Low,Tech_B,109.0,209,Resolved,Yes,4.0,10
T4879,2029-06-15 00:00:00,CSE,Login,Server,Medium,Tech_B,6.0,177,Resolved,Yes,1.0,9
T4880,2029-06-15 08:00:00,Admin,Software,Server,Low,Tech_E,20.0,88,Escalated,No,1.0,4
T4881,2029-06-15 16:00:00,Admin,Network,Router,High,Tech_B,18.0,182,Resolved,No,5.0,5
T4882,2029-06-16 00:00:00,Admin,Hardware,Desktop,High,Tech_A,21.0,170,Resolved,No,2.0,3
T4883,2029-06-16 08:00:00,Accounts,Login,Laptop,Medium,Tech_C,64.0,147,Escalated,No,2.0,6
T4884,2029-06-16 16:00:00,Mechanical,Login,Desktop,Low,Tech_A,74.0,160,Resolved,Yes,4.0,4
T4885,2029-06-17 00:00:00,Admin,Network,Server,Medium,Tech_C,103.0,223,Resolved,No,3.0,5
T4886,2029-06-17 08:00:00,CSE,Hardware,Laptop,Medium,Tech_D,21.0,167,Escalated,No,3.0,7
T4887,2029-06-17 16:00:00,Admin,Security,Server,High,Tech_B,49.0,240,Pending,No,1.0,7
T4888,2029-06-18 00:00:00,IT,Security,Server,High,Tech_B,42.0,248,Resolved,No,4.0,9
T4889,2029-06-18 08:00:00,Admin,Software,Laptop,Medium,Tech_B,108.0,170,Escalated,No,4.0,2
T4890,2029-06-18 16:00:00,Accounts,Network,Router,High,Tech_E,68.0,220,Resolved,No,2.0,4
T4891,2029-06-19 00:00:00,Mechanical,Software,Desktop,Medium,Tech_C,10.0,162,Resolved,No,3.0,8
T4892,2029-06-19 08:00:00,IT,Security,Server,Medium,Tech_E,64.0,207,Resolved,Yes,5.0,4
T4893,2029-06-19 16:00:00,Accounts,Login,Server,Medium,Tech_B,116.0,178,Resolved,No,4.0,3
T4894,2029-06-20 00:00:00,Accounts,Software,Laptop,Low,Tech_D,106.0,214,Resolved,No,4.0,10
T4895,2029-06-20 08:00:00,Accounts,Hardware,Laptop,Low,Tech_B,53.0,164,Escalated,No,2.0,6
T4896,2029-06-20 16:00:00,CSE,Printer,Printer,Medium,Tech_E,25.0,111,Resolved,No,5.0,3
T4897,2029-06-21 00:00:00,Accounts,Security,Server,Medium,Tech_B,103.0,199,Resolved,No,5.0,2
T4898,2029-06-21 08:00:00,CSE,Security,Server,Low,Tech_A,27.0,166,Resolved,No,5.0,9
T4899,2029-06-21 16:00:00,Accounts,Hardware,Desktop,High,Tech_A,80.0,211,Resolved,No,5.0,3
T4900,2029-06-22 00:00:00,ENTC,Software,Laptop,Medium,Tech_E,61.0,120,Resolved,No,3.0,1
T4901,2029-06-22 08:00:00,IT,Network,Router,Medium,Tech_A,68.0,201,Resolved,No,1.0,9
T4902,2029-06-22 16:00:00,ENTC,Login,Desktop,Medium,Tech_C,33.0,144,Pending,No,5.0,5
T4903,2029-06-23 00:00:00,Accounts,Printer,Printer,Low,Tech_C,31.0,121,Pending,No,1.0,7
T4904,2029-06-23 08:00:00,IT,Network,Router,Medium,Tech_E,10.0,93,Resolved,No,1.0,2
T4905,2029-06-23 16:00:00,IT,Network,Server,High,Tech_A,25.0,167,Resolved,No,2.0,1
T4906,2029-06-24 00:00:00,Mechanical,Hardware,Laptop,Low,Tech_C,75.0,180,Resolved,No,5.0,6
T4907,2029-06-24 08:00:00,ENTC,Software,Server,Medium,Tech_A,111.0,208,Resolved,No,3.0,5
T4908,2029-06-24 16:00:00,Mechanical,Security,Desktop,Medium,Tech_B,45.0,241,Resolved,No,2.0,10
T4909,2029-06-25 00:00:00,IT,Security,Server,High,Tech_A,84.0,252,Resolved,No,2.0,6
T4910,2029-06-25 08:00:00,CSE,Hardware,Desktop,Medium,Tech_A,9.0,121,Resolved,No,1.0,2
T4911,2029-06-25 16:00:00,IT,Software,Server,High,Tech_E,19.0,184,Resolved,Yes,4.0,7
T4912,2029-06-26 00:00:00,Mechanical,Hardware,Laptop,Medium,Tech_B,25.0,129,Escalated,No,3.0,1
T4913,2029-06-26 08:00:00,ENTC,Security,Server,High,Tech_C,62.0,258,Resolved,No,5.0,8
T4914,2029-06-26 16:00:00,Accounts,Network,Server,High,Tech_C,8.0,190,Resolved,No,5.0,7
T4915,2029-06-27 00:00:00,Accounts,Login,Laptop,Medium,Tech_A,73.0,182,Resolved,No,3.0,7
T4916,2029-06-27 08:00:00,ENTC,Software,Server,Low,Tech_D,11.0,129,Resolved,No,5.0,6
T4917,2029-06-27 16:00:00,Accounts,Printer,Printer,Low,Tech_D,39.0,169,Resolved,No,,10
T4918,2029-06-28 00:00:00,Accounts,Printer,Printer,Low,Tech_C,40.0,79,Resolved,No,4.0,5
T4919,2029-06-28 08:00:00,Mechanical,Network,Router,Medium,Tech_A,19.0,182,Resolved,No,5.0,9
T4920,2029-06-28 16:00:00,ENTC,Hardware,Desktop,Medium,Tech_A,96.0,186,Pending,No,2.0,3
T4921,2029-06-29 00:00:00,Admin,Hardware,Laptop,Medium,Tech_B,6.0,183,Pending,No,5.0,9
T4922,2029-06-29 08:00:00,CSE,Security,Laptop,High,Tech_E,61.0,238,Resolved,No,5.0,5
T4923,2029-06-29 16:00:00,CSE,Network,Laptop,Medium,Tech_D,9.0,150,Resolved,No,3.0,8
T4924,2029-06-30 00:00:00,Accounts,Security,Server,Medium,Tech_A,75.0,187,Resolved,No,4.0,3
T4925,2029-06-30 08:00:00,CSE,Security,Laptop,Medium,Tech_C,90.0,223,Resolved,No,2.0,7
T4926,2029-06-30 16:00:00,ENTC,Printer,Printer,Low,Tech_D,117.0,231,Resolved,No,3.0,10
T4927,2029-07-01 00:00:00,ENTC,Security,Laptop,High,Tech_E,99.0,254,Resolved,No,3.0,4
T4928,2029-07-01 08:00:00,IT,Security,Server,High,Tech_A,36.0,217,Resolved,No,2.0,5
T4929,2029-07-01 16:00:00,IT,Printer,Printer,Low,Tech_D,76.0,132,Resolved,No,2.0,4
T4930,2029-07-02 00:00:00,CSE,Hardware,Laptop,Medium,Tech_A,45.0,192,Resolved,No,3.0,9
T4931,2029-07-02 08:00:00,Admin,Software,Server,High,Tech_E,46.0,235,Resolved,Yes,5.0,7
T4932,2029-07-02 16:00:00,IT,Login,Laptop,Medium,Tech_B,79.0,225,Pending,Yes,2.0,6
T4933,2029-07-03 00:00:00,IT,Security,Server,High,Tech_D,69.0,227,Escalated,No,1.0,6
T4934,2029-07-03 08:00:00,ENTC,Software,Server,Low,Tech_E,115.0,222,Resolved,No,2.0,10
T4935,2029-07-03 16:00:00,Admin,Printer,Printer,Low,Tech_B,44.0,165,Resolved,Yes,3.0,7
T4936,2029-07-04 00:00:00,Accounts,Software,Laptop,Medium,Tech_B,87.0,171,Resolved,No,1.0,5
T4937,2029-07-04 08:00:00,CSE,Login,Desktop,Medium,Tech_E,112.0,248,Resolved,No,3.0,10
T4938,2029-07-04 16:00:00,IT,Software,Server,Low,Tech_C,42.0,104,Resolved,No,4.0,3
T4939,2029-07-05 00:00:00,Admin,Software,Desktop,Medium,Tech_E,46.0,123,Resolved,No,4.0,3
T4940,2029-07-05 08:00:00,Admin,Software,Desktop,Medium,Tech_A,41.0,134,Resolved,No,5.0,7
T4941,2029-07-05 16:00:00,CSE,Software,Server,Medium,Tech_C,60.0,204,Resolved,No,2.0,10
T4942,2029-07-06 00:00:00,Admin,Network,Router,Medium,Tech_B,75.0,144,Pending,No,3.0,1
T4943,2029-07-06 08:00:00,Admin,Security,Server,High,Tech_D,107.0,272,Resolved,No,1.0,4
T4944,2029-07-06 16:00:00,Admin,Printer,Printer,Low,Tech_B,59.0,173,Resolved,No,2.0,10
T4945,2029-07-07 00:00:00,IT,Login,Server,Medium,Tech_D,93.0,200,Resolved,No,5.0,8
T4946,2029-07-07 08:00:00,CSE,Printer,Printer,Low,Tech_D,58.0,96,Resolved,No,3.0,4
T4947,2029-07-07 16:00:00,Admin,Network,Router,High,Tech_E,26.0,154,Resolved,No,3.0,1
T4948,2029-07-08 00:00:00,Admin,Network,Server,Medium,Tech_E,31.0,150,Escalated,No,4.0,5
T4949,2029-07-08 08:00:00,IT,Network,Router,Low,Tech_B,109.0,141,Pending,No,5.0,1
T4950,2029-07-08 16:00:00,CSE,Security,Server,High,Tech_E,51.0,253,Resolved,No,3.0,9
T4951,2029-07-09 00:00:00,ENTC,Network,Router,High,Tech_B,42.0,233,Resolved,No,4.0,8
T4952,2029-07-09 08:00:00,IT,Software,Server,Low,Tech_E,116.0,212,Resolved,No,4.0,7
T4953,2029-07-09 16:00:00,CSE,Printer,Printer,Low,Tech_E,43.0,105,Escalated,No,1.0,5
T4954,2029-07-10 00:00:00,Admin,Hardware,Laptop,High,Tech_D,19.0,148,Escalated,No,5.0,4
T4955,2029-07-10 08:00:00,CSE,Login,Desktop,Medium,Tech_C,70.0,178,Resolved,No,5.0,7
T4956,2029-07-10 16:00:00,CSE,Network,Router,Medium,Tech_E,65.0,158,Escalated,No,3.0,3
T4957,2029-07-11 00:00:00,Accounts,Printer,Printer,Low,Tech_E,64.0,156,Resolved,No,1.0,8
T4958,2029-07-11 08:00:00,CSE,Network,Server,Medium,Tech_B,12.0,140,Resolved,Yes,2.0,5
T4959,2029-07-11 16:00:00,ENTC,Security,Desktop,Medium,Tech_D,48.0,204,Resolved,No,3.0,5
T4960,2029-07-12 00:00:00,CSE,Network,Server,High,Tech_D,47.0,137,Resolved,No,4.0,1
T4961,2029-07-12 08:00:00,ENTC,Network,Laptop,Medium,Tech_C,10.0,169,Pending,No,2.0,10
T4962,2029-07-12 16:00:00,Admin,Network,Router,Medium,Tech_C,88.0,206,Resolved,No,2.0,8
T4963,2029-07-13 00:00:00,ENTC,Network,Router,Medium,Tech_C,31.0,153,Pending,No,3.0,7
T4964,2029-07-13 08:00:00,Admin,Login,Server,Low,Tech_E,49.0,60,Escalated,No,1.0,1
T4965,2029-07-13 16:00:00,Admin,Printer,Printer,Low,Tech_B,27.0,92,Pending,No,5.0,4
T4966,2029-07-14 00:00:00,ENTC,Security,Server,High,Tech_A,116.0,280,Resolved,No,1.0,4
T4967,2029-07-14 08:00:00,IT,Network,Server,Medium,Tech_B,108.0,240,Resolved,No,3.0,9
T4968,2029-07-14 16:00:00,Mechanical,Network,Server,Medium,Tech_D,85.0,247,Resolved,Yes,5.0,10
T4969,2029-07-15 00:00:00,CSE,Network,Router,Medium,Tech_C,17.0,128,Pending,No,2.0,2
T4970,2029-07-15 08:00:00,Accounts,Network,Router,Medium,Tech_A,72.0,205,Resolved,Yes,4.0,4
T4971,2029-07-15 16:00:00,Mechanical,Software,Laptop,High,Tech_D,88.0,276,Resolved,Yes,1.0,10
T4972,2029-07-16 00:00:00,CSE,Software,Server,Medium,Tech_C,110.0,183,Pending,No,5.0,3
T4973,2029-07-16 08:00:00,CSE,Hardware,Desktop,Medium,Tech_A,68.0,244,Pending,No,1.0,10
T4974,2029-07-16 16:00:00,Admin,Network,Router,Medium,Tech_B,29.0,136,Escalated,No,5.0,5
T4975,2029-07-17 00:00:00,CSE,Hardware,Desktop,Medium,Tech_D,90.0,222,Resolved,No,4.0,7
T4976,2029-07-17 08:00:00,Accounts,Login,Server,Medium,Tech_E,56.0,147,Resolved,No,3.0,5
T4977,2029-07-17 16:00:00,CSE,Hardware,Laptop,Medium,Tech_A,52.0,160,Resolved,No,3.0,5
T4978,2029-07-18 00:00:00,ENTC,Printer,Printer,Low,Tech_A,65.0,122,Resolved,No,5.0,4
T4979,2029-07-18 08:00:00,Mechanical,Software,Server,Low,Tech_B,21.0,147,Resolved,No,5.0,9
T4980,2029-07-18 16:00:00,ENTC,Software,Desktop,High,Tech_B,44.0,193,Resolved,No,3.0,6
T4981,2029-07-19 00:00:00,Accounts,Network,Router,Medium,Tech_D,79.0,219,Pending,No,2.0,10
T4982,2029-07-19 08:00:00,CSE,Network,Server,Medium,Tech_E,93.0,254,Escalated,Yes,2.0,6
T4983,2029-07-19 16:00:00,Accounts,Login,Desktop,Medium,Tech_C,73.0,168,Resolved,No,2.0,6
T4984,2029-07-20 00:00:00,Admin,Security,Laptop,High,Tech_A,89.0,267,Resolved,No,4.0,6
T4985,2029-07-20 08:00:00,ENTC,Login,Server,Medium,Tech_A,30.0,106,Resolved,No,5.0,1
T4986,2029-07-20 16:00:00,ENTC,Printer,Printer,Low,Tech_D,84.0,122,Resolved,No,1.0,6
T4987,2029-07-21 00:00:00,IT,Network,Laptop,Medium,Tech_C,60.0,171,Pending,No,1.0,4
T4988,2029-07-21 08:00:00,CSE,Network,Laptop,Low,Tech_C,44.0,106,Resolved,No,5.0,2
T4989,2029-07-21 16:00:00,Admin,Login,Desktop,Medium,Tech_C,89.0,208,Resolved,Yes,3.0,6
T4990,2029-07-22 00:00:00,ENTC,Login,Server,Medium,Tech_D,116.0,160,Resolved,No,5.0,1
T4991,2029-07-22 08:00:00,ENTC,Login,Laptop,High,Tech_A,100.0,191,Escalated,No,2.0,1
T4992,2029-07-22 16:00:00,Admin,Software,Server,Medium,Tech_B,72.0,167,Pending,Yes,2.0,5
T4993,2029-07-23 00:00:00,Accounts,Hardware,Desktop,Medium,Tech_A,106.0,224,Escalated,No,1.0,6
T4994,2029-07-23 08:00:00,Accounts,Hardware,Desktop,High,Tech_B,12.0,157,Resolved,No,5.0,2
T4995,2029-07-23 16:00:00,CSE,Network,Router,Medium,Tech_B,77.0,254,Resolved,No,1.0,10
T4996,2029-07-24 00:00:00,IT,Software,Desktop,Medium,Tech_D,49.0,163,Resolved,No,3.0,8
T4997,2029-07-24 08:00:00,ENTC,Login,Laptop,Medium,Tech_C,21.0,122,Resolved,No,4.0,4
T4998,2029-07-24 16:00:00,IT,Network,Laptop,Medium,Tech_D,45.0,144,Resolved,No,4.0,4
T4999,2029-07-25 00:00:00,Accounts,Software,Desktop,Medium,Tech_B,81.0,227,Pending,No,3.0,10
T5000,2029-07-25 08:00:00,Accounts,Printer,Printer,Low,Tech_A,13.0,125,Resolved,Yes,2.0,5
T5001,2029-07-25 16:00:00,Mechanical,Security,Server,High,Tech_B,74.0,277,Resolved,No,2.0,10
T5002,2029-07-26 00:00:00,CSE,Software,Laptop,Low,Tech_D,95.0,176,Pending,No,2.0,4
T5003,2029-07-26 08:00:00,Mechanical,Network,Router,Low,Tech_A,110.0,198,Resolved,No,1.0,5
T5004,2029-07-26 16:00:00,Mechanical,Hardware,Laptop,Medium,Tech_C,105.0,268,Resolved,No,1.0,10
T5005,2029-07-27 00:00:00,Mechanical,Login,Server,Low,Tech_D,107.0,143,Resolved,No,4.0,3
T5006,2029-07-27 08:00:00,CSE,Security,Server,High,Tech_E,111.0,289,Escalated,No,2.0,8
T5007,2029-07-27 16:00:00,CSE,Printer,Printer,Medium,Tech_B,28.0,140,Resolved,No,2.0,6
T5008,2029-07-28 00:00:00,Admin,Security,Server,High,Tech_C,77.0,265,Resolved,No,3.0,8
T5009,2029-07-28 08:00:00,IT,Security,Desktop,High,Tech_C,110.0,261,Escalated,No,4.0,5
T5010,2029-07-28 16:00:00,IT,Software,Server,Medium,Tech_A,15.0,167,Resolved,No,1.0,7
T5011,2029-07-29 00:00:00,Admin,Network,Router,Medium,Tech_D,39.0,231,Escalated,Yes,4.0,10
T5012,2029-07-29 08:00:00,Admin,Network,Laptop,Medium,Tech_B,33.0,178,Resolved,No,2.0,7
T5013,2029-07-29 16:00:00,Accounts,Security,Server,Medium,Tech_E,12.0,216,Resolved,Yes,2.0,6
T5014,2029-07-30 00:00:00,Mechanical,Login,Server,Medium,Tech_B,21.0,172,Resolved,No,1.0,10
T5015,2029-07-30 08:00:00,Admin,Network,Server,Medium,Tech_D,75.0,165,Resolved,No,1.0,4
T5016,2029-07-30 16:00:00,ENTC,Security,Laptop,Medium,Tech_C,16.0,158,Resolved,No,4.0,6
T5017,2029-07-31 00:00:00,IT,Network,Router,Medium,Tech_E,116.0,264,Resolved,No,5.0,9
T5018,2029-07-31 08:00:00,Admin,Login,Desktop,Medium,Tech_A,83.0,159,Resolved,No,2.0,4
T5019,2029-07-31 16:00:00,ENTC,Printer,Printer,Low,Tech_D,97.0,126,Resolved,No,,6
T5020,2029-08-01 00:00:00,ENTC,Security,Server,Medium,Tech_B,113.0,212,Resolved,No,5.0,6
T5021,2029-08-01 08:00:00,ENTC,Hardware,Laptop,Low,Tech_D,54.0,115,Pending,No,4.0,3
T5022,2029-08-01 16:00:00,Accounts,Hardware,Laptop,Medium,Tech_A,118.0,210,Resolved,No,3.0,4
T5023,2029-08-02 00:00:00,Accounts,Security,Desktop,High,Tech_B,28.0,185,Resolved,No,3.0,3
T5024,2029-08-02 08:00:00,ENTC,Software,Desktop,Medium,Tech_E,41.0,134,Resolved,No,2.0,3
T5025,2029-08-02 16:00:00,Accounts,Printer,Printer,Low,Tech_B,82.0,173,Resolved,No,3.0,10
T5026,2029-08-03 00:00:00,Mechanical,Software,Server,Medium,Tech_B,15.0,120,Pending,No,4.0,4
T5027,2029-08-03 08:00:00,ENTC,Hardware,Laptop,Medium,Tech_A,103.0,239,Pending,Yes,3.0,4
T5028,2029-08-03 16:00:00,Mechanical,Login,Desktop,Medium,Tech_B,85.0,206,Pending,Yes,1.0,6
T5029,2029-08-04 00:00:00,Mechanical,Security,Server,High,Tech_D,63.0,218,Resolved,No,4.0,4
T5030,2029-08-04 08:00:00,ENTC,Network,Router,Medium,Tech_C,59.0,168,Resolved,No,5.0,6
T5031,2029-08-04 16:00:00,IT,Hardware,Desktop,Medium,Tech_A,31.0,145,Resolved,No,2.0,2
T5032,2029-08-05 00:00:00,ENTC,Printer,Printer,Low,Tech_A,112.0,139,Resolved,No,4.0,4
T5033,2029-08-05 08:00:00,ENTC,Hardware,Desktop,Low,Tech_A,71.0,155,Pending,No,3.0,2
T5034,2029-08-05 16:00:00,Accounts,Printer,Printer,Low,Tech_D,64.0,180,Escalated,Yes,4.0,8
T5035,2029-08-06 00:00:00,ENTC,Printer,Printer,Low,Tech_D,6.0,108,Resolved,No,5.0,9
T5036,2029-08-06 08:00:00,IT,Security,Server,High,Tech_D,72.0,267,Resolved,No,4.0,7
T5037,2029-08-06 16:00:00,Accounts,Printer,Printer,Low,Tech_D,22.0,137,Resolved,Yes,5.0,6
T5038,2029-08-07 00:00:00,CSE,Software,Laptop,High,Tech_B,24.0,200,Pending,No,5.0,8
T5039,2029-08-07 08:00:00,CSE,Login,Laptop,High,Tech_A,89.0,211,Resolved,No,4.0,4
T5040,2029-08-07 16:00:00,Mechanical,Hardware,Desktop,Medium,Tech_A,67.0,232,Resolved,No,2.0,10
T5041,2029-08-08 00:00:00,Mechanical,Login,Desktop,Medium,Tech_E,82.0,175,Escalated,Yes,2.0,2
T5042,2029-08-08 08:00:00,IT,Network,Server,Low,Tech_C,76.0,164,Pending,No,3.0,4
T5043,2029-08-08 16:00:00,Admin,Hardware,Desktop,Medium,Tech_B,6.0,142,Resolved,No,4.0,5
T5044,2029-08-09 00:00:00,CSE,Login,Desktop,Medium,Tech_C,94.0,226,Resolved,No,4.0,9
T5045,2029-08-09 08:00:00,Mechanical,Login,Desktop,Medium,Tech_B,87.0,149,Pending,No,1.0,5
T5046,2029-08-09 16:00:00,CSE,Security,Server,Medium,Tech_B,46.0,224,Resolved,No,,9
T5047,2029-08-10 00:00:00,IT,Security,Server,Medium,Tech_B,32.0,240,Resolved,No,5.0,9
T5048,2029-08-10 08:00:00,IT,Network,Router,Low,Tech_A,33.0,155,Resolved,Yes,1.0,8
T5049,2029-08-10 16:00:00,Admin,Printer,Printer,Low,Tech_C,73.0,159,Pending,No,4.0,5
T5050,2029-08-11 00:00:00,Admin,Hardware,Laptop,Low,Tech_C,111.0,175,Pending,No,1.0,2
T5051,2029-08-11 08:00:00,Accounts,Security,Desktop,High,Tech_D,32.0,189,Pending,No,2.0,5
T5052,2029-08-11 16:00:00,IT,Hardware,Laptop,Medium,Tech_C,64.0,147,Resolved,No,4.0,1
T5053,2029-08-12 00:00:00,Mechanical,Network,Server,Medium,Tech_D,109.0,239,Resolved,No,2.0,8
T5054,2029-08-12 08:00:00,CSE,Security,Server,High,Tech_E,,281,Resolved,Yes,1.0,2
T5055,2029-08-12 16:00:00,ENTC,Security,Server,Medium,Tech_D,94.0,233,Escalated,No,3.0,7
T5056,2029-08-13 00:00:00,Admin,Printer,Printer,Medium,Tech_B,9.0,93,Resolved,No,5.0,2
T5057,2029-08-13 08:00:00,ENTC,Hardware,Desktop,Medium,Tech_A,19.0,166,Resolved,No,5.0,5
T5058,2029-08-13 16:00:00,Mechanical,Hardware,Desktop,Medium,Tech_B,114.0,276,Resolved,No,3.0,10
T5059,2029-08-14 00:00:00,Admin,Hardware,Desktop,Low,Tech_E,77.0,200,Pending,No,3.0,7
T5060,2029-08-14 08:00:00,ENTC,Printer,Printer,Low,Tech_A,36.0,111,Pending,No,3.0,6
T5061,2029-08-14 16:00:00,Mechanical,Security,Desktop,High,Tech_E,56.0,235,Pending,No,2.0,5
T5062,2029-08-15 00:00:00,CSE,Network,Router,Medium,Tech_B,94.0,257,Resolved,Yes,4.0,6
T5063,2029-08-15 08:00:00,Mechanical,Hardware,Laptop,Medium,Tech_A,41.0,126,Escalated,No,3.0,2
T5064,2029-08-15 16:00:00,Accounts,Login,Server,Low,Tech_E,19.0,149,Resolved,No,2.0,10
T5065,2029-08-16 00:00:00,Admin,Printer,Printer,Low,Tech_D,45.0,64,Pending,No,1.0,1
T5066,2029-08-16 08:00:00,IT,Software,Laptop,Low,Tech_C,8.0,75,Resolved,No,1.0,1
T5067,2029-08-16 16:00:00,CSE,Network,Laptop,Medium,Tech_B,57.0,171,Resolved,No,3.0,8
T5068,2029-08-17 00:00:00,ENTC,Login,Desktop,Medium,Tech_D,104.0,163,Resolved,No,1.0,3
T5069,2029-08-17 08:00:00,Admin,Hardware,Desktop,Medium,Tech_E,88.0,211,Resolved,No,3.0,3
T5070,2029-08-17 16:00:00,IT,Software,Laptop,Low,Tech_E,31.0,143,Resolved,No,1.0,9
T5071,2029-08-18 00:00:00,Mechanical,Network,Router,Medium,Tech_A,25.0,152,Resolved,No,1.0,6
T5072,2029-08-18 08:00:00,IT,Printer,Printer,Low,Tech_D,64.0,134,Resolved,No,4.0,4
T5073,2029-08-18 16:00:00,Admin,Software,Desktop,Medium,Tech_E,90.0,172,Resolved,No,4.0,4
T5074,2029-08-19 00:00:00,Admin,Security,Laptop,Low,Tech_A,68.0,170,Resolved,No,1.0,7
T5075,2029-08-19 08:00:00,Accounts,Software,Laptop,Medium,Tech_C,75.0,167,Pending,No,4.0,6
T5076,2029-08-19 16:00:00,Accounts,Login,Server,Low,Tech_C,51.0,112,Escalated,No,3.0,2
T5077,2029-08-20 00:00:00,IT,Network,Router,Medium,Tech_A,58.0,222,Escalated,No,5.0,9
T5078,2029-08-20 08:00:00,Mechanical,Login,Desktop,Low,Tech_D,35.0,60,Resolved,No,3.0,2
T5079,2029-08-20 16:00:00,IT,Login,Laptop,Medium,Tech_A,21.0,141,Pending,No,4.0,8
T5080,2029-08-21 00:00:00,Admin,Hardware,Desktop,Low,Tech_A,54.0,133,Pending,No,2.0,4
T5081,2029-08-21 08:00:00,Admin,Printer,Printer,Low,Tech_D,11.0,129,Resolved,No,1.0,10
T5082,2029-08-21 16:00:00,ENTC,Software,Server,Medium,Tech_C,87.0,133,Resolved,No,4.0,1
T5083,2029-08-22 00:00:00,Accounts,Network,Router,High,Tech_E,32.0,149,Resolved,No,4.0,1
T5084,2029-08-22 08:00:00,ENTC,Security,Desktop,High,Tech_C,14.0,225,Resolved,No,4.0,9
T5085,2029-08-22 16:00:00,CSE,Printer,Printer,Low,Tech_D,31.0,89,Pending,No,3.0,4
T5086,2029-08-23 00:00:00,Admin,Printer,Printer,Low,Tech_B,17.0,43,Resolved,No,1.0,1
T5087,2029-08-23 08:00:00,ENTC,Network,Router,Medium,Tech_D,70.0,169,Resolved,No,5.0,3
T5088,2029-08-23 16:00:00,IT,Printer,Printer,Low,Tech_C,90.0,113,Resolved,No,4.0,3
T5089,2029-08-24 00:00:00,Accounts,Hardware,Laptop,Low,Tech_C,88.0,199,Resolved,No,2.0,7
T5090,2029-08-24 08:00:00,Accounts,Printer,Printer,Medium,Tech_D,64.0,174,Resolved,No,1.0,6
T5091,2029-08-24 16:00:00,Mechanical,Hardware,Laptop,Medium,Tech_D,47.0,246,Resolved,Yes,5.0,8
T5092,2029-08-25 00:00:00,IT,Software,Laptop,Medium,Tech_D,73.0,194,Resolved,No,2.0,7
T5093,2029-08-25 08:00:00,Mechanical,Software,Server,Medium,Tech_C,67.0,157,Resolved,Yes,5.0,1
T5094,2029-08-25 16:00:00,ENTC,Login,Desktop,Medium,Tech_A,74.0,127,Resolved,No,5.0,3
T5095,2029-08-26 00:00:00,CSE,Hardware,Laptop,Medium,Tech_B,103.0,291,Escalated,Yes,1.0,9
T5096,2029-08-26 08:00:00,IT,Security,Server,High,Tech_A,69.0,229,Escalated,No,3.0,4
T5097,2029-08-26 16:00:00,IT,Software,Desktop,Low,Tech_C,103.0,153,Resolved,No,2.0,3
T5098,2029-08-27 00:00:00,IT,Printer,Printer,Low,Tech_A,71.0,138,Resolved,No,4.0,5
T5099,2029-08-27 08:00:00,Mechanical,Network,Router,Medium,Tech_D,58.0,222,Resolved,Yes,5.0,8
T5100,2029-08-27 16:00:00,ENTC,Network,Server,High,Tech_E,40.0,154,Resolved,No,2.0,1
T5101,2029-08-28 00:00:00,IT,Hardware,Laptop,Medium,Tech_D,75.0,160,Resolved,No,1.0,2
T5102,2029-08-28 08:00:00,IT,Security,Desktop,High,Tech_B,97.0,284,Resolved,No,2.0,7
T5103,2029-08-28 16:00:00,Accounts,Login,Laptop,Low,Tech_D,19.0,45,Pending,No,4.0,1
T5104,2029-08-29 00:00:00,CSE,Printer,Printer,Low,Tech_E,79.0,121,Resolved,No,4.0,5
T5105,2029-08-29 08:00:00,Accounts,Hardware,Laptop,High,Tech_C,22.0,221,Escalated,No,1.0,10
T5106,2029-08-29 16:00:00,Accounts,Network,Server,Medium,Tech_A,112.0,251,Resolved,No,2.0,8
T5107,2029-08-30 00:00:00,CSE,Hardware,Laptop,Medium,Tech_D,8.0,155,Resolved,No,3.0,6
T5108,2029-08-30 08:00:00,ENTC,Printer,Printer,Low,Tech_A,92.0,123,Resolved,No,3.0,3
T5109,2029-08-30 16:00:00,Accounts,Security,Server,Medium,Tech_B,15.0,170,Resolved,No,5.0,7
T5110,2029-08-31 00:00:00,ENTC,Security,Laptop,High,Tech_A,10.0,174,Resolved,No,5.0,3
T5111,2029-08-31 08:00:00,Accounts,Software,Laptop,Low,Tech_B,55.0,136,Escalated,No,2.0,5
T5112,2029-08-31 16:00:00,Admin,Printer,Printer,Medium,Tech_B,62.0,186,Resolved,No,5.0,7
T5113,2029-09-01 00:00:00,CSE,Software,Laptop,Medium,Tech_D,64.0,161,Resolved,No,4.0,2
T5114,2029-09-01 08:00:00,Accounts,Software,Desktop,Medium,Tech_E,22.0,175,Escalated,No,1.0,10
T5115,2029-09-01 16:00:00,Admin,Software,Laptop,High,Tech_A,83.0,230,Resolved,No,5.0,4
T5116,2029-09-02 00:00:00,Mechanical,Hardware,Laptop,High,Tech_B,71.0,222,Resolved,Yes,3.0,2
T5117,2029-09-02 08:00:00,Admin,Network,Router,Medium,Tech_B,21.0,162,Resolved,No,4.0,7
T5118,2029-09-02 16:00:00,IT,Security,Server,High,Tech_B,101.0,254,Resolved,No,3.0,3
T5119,2029-09-03 00:00:00,Accounts,Hardware,Laptop,Medium,Tech_C,38.0,213,Resolved,No,5.0,9
T5120,2029-09-03 08:00:00,Admin,Network,Laptop,Medium,Tech_A,34.0,178,Resolved,No,5.0,6
T5121,2029-09-03 16:00:00,ENTC,Security,Laptop,High,Tech_A,23.0,176,Resolved,Yes,4.0,1
T5122,2029-09-04 00:00:00,Mechanical,Printer,Printer,Low,Tech_B,13.0,136,Resolved,No,3.0,10
T5123,2029-09-04 08:00:00,Accounts,Security,Server,High,Tech_A,44.0,260,Escalated,No,1.0,8
T5124,2029-09-04 16:00:00,IT,Security,Desktop,High,Tech_A,48.0,226,Resolved,No,1.0,7
T5125,2029-09-05 00:00:00,Admin,Security,Laptop,High,Tech_C,99.0,201,Resolved,No,4.0,1
T5126,2029-09-05 08:00:00,Mechanical,Login,Server,Medium,Tech_B,63.0,121,Resolved,No,5.0,3
T5127,2029-09-05 16:00:00,Accounts,Printer,Printer,Low,Tech_A,95.0,132,Resolved,No,4.0,3
T5128,2029-09-06 00:00:00,Mechanical,Hardware,Laptop,Medium,Tech_E,115.0,253,Resolved,Yes,3.0,3
T5129,2029-09-06 08:00:00,IT,Hardware,Desktop,Medium,Tech_B,29.0,157,Resolved,No,1.0,7
T5130,2029-09-06 16:00:00,Admin,Network,Laptop,Medium,Tech_A,75.0,176,Pending,No,5.0,6
T5131,2029-09-07 00:00:00,Mechanical,Hardware,Desktop,Medium,Tech_C,57.0,145,Resolved,No,3.0,2
T5132,2029-09-07 08:00:00,Mechanical,Software,Server,Low,Tech_E,52.0,117,Resolved,No,1.0,5
T5133,2029-09-07 16:00:00,CSE,Security,Server,Low,Tech_D,75.0,201,Pending,Yes,1.0,6
T5134,2029-09-08 00:00:00,Mechanical,Hardware,Laptop,Medium,Tech_D,88.0,150,Resolved,No,2.0,2
T5135,2029-09-08 08:00:00,CSE,Network,Router,Medium,Tech_E,57.0,125,Pending,No,5.0,1
T5136,2029-09-08 16:00:00,Admin,Network,Server,Medium,Tech_D,112.0,224,Resolved,No,4.0,4
T5137,2029-09-09 00:00:00,Accounts,Software,Desktop,Medium,Tech_E,53.0,177,Escalated,Yes,2.0,4
T5138,2029-09-09 08:00:00,Accounts,Network,Router,High,Tech_A,47.0,200,Resolved,No,1.0,4
T5139,2029-09-09 16:00:00,Admin,Login,Laptop,Low,Tech_D,104.0,120,Escalated,No,5.0,1
T5140,2029-09-10 00:00:00,Admin,Security,Server,High,Tech_D,23.0,174,Resolved,No,5.0,3
T5141,2029-09-10 08:00:00,ENTC,Security,Laptop,High,Tech_E,70.0,262,Resolved,No,2.0,7
T5142,2029-09-10 16:00:00,Admin,Security,Server,High,Tech_A,38.0,206,Resolved,No,3.0,4
T5143,2029-09-11 00:00:00,Mechanical,Printer,Printer,Low,Tech_A,85.0,116,Escalated,No,3.0,2
T5144,2029-09-11 08:00:00,Accounts,Hardware,Laptop,Medium,Tech_B,92.0,251,Resolved,No,4.0,8
T5145,2029-09-11 16:00:00,IT,Login,Laptop,Low,Tech_B,77.0,97,Resolved,No,5.0,1
T5146,2029-09-12 00:00:00,Accounts,Hardware,Laptop,Low,Tech_A,58.0,203,Pending,Yes,2.0,9
T5147,2029-09-12 08:00:00,CSE,Login,Desktop,Medium,Tech_E,5.0,124,Resolved,No,1.0,5
T5148,2029-09-12 16:00:00,Accounts,Hardware,Desktop,Medium,Tech_C,110.0,224,Resolved,Yes,3.0,2
T5149,2029-09-13 00:00:00,ENTC,Software,Server,High,Tech_C,96.0,200,Pending,No,2.0,4
T5150,2029-09-13 08:00:00,Admin,Network,Router,Medium,Tech_B,59.0,152,Resolved,No,4.0,3
T5151,2029-09-13 16:00:00,Admin,Network,Router,High,Tech_D,19.0,171,Pending,No,4.0,7
T5152,2029-09-14 00:00:00,Accounts,Software,Laptop,Medium,Tech_C,89.0,219,Resolved,Yes,5.0,6
T5153,2029-09-14 08:00:00,IT,Login,Server,Low,Tech_D,19.0,130,Resolved,No,4.0,9
T5154,2029-09-14 16:00:00,IT,Printer,Printer,Low,Tech_D,27.0,88,Resolved,No,4.0,4
T5155,2029-09-15 00:00:00,ENTC,Login,Laptop,High,Tech_A,70.0,166,Pending,No,3.0,3
T5156,2029-09-15 08:00:00,CSE,Network,Router,Medium,Tech_C,50.0,195,Pending,No,3.0,7
T5157,2029-09-15 16:00:00,Accounts,Printer,Printer,Low,Tech_C,104.0,170,Resolved,No,4.0,6
T5158,2029-09-16 00:00:00,Admin,Hardware,Desktop,Medium,Tech_D,118.0,235,Resolved,No,5.0,5
T5159,2029-09-16 08:00:00,Accounts,Printer,Printer,Low,Tech_D,13.0,133,Resolved,No,3.0,10
T5160,2029-09-16 16:00:00,ENTC,Login,Desktop,Medium,Tech_A,70.0,195,Pending,No,3.0,7
T5161,2029-09-17 00:00:00,Mechanical,Software,Laptop,Medium,Tech_E,70.0,145,Resolved,No,4.0,5
T5162,2029-09-17 08:00:00,Mechanical,Hardware,Laptop,Medium,Tech_C,22.0,188,Resolved,No,5.0,9
T5163,2029-09-17 16:00:00,ENTC,Login,Desktop,Medium,Tech_C,21.0,131,Pending,No,4.0,4
T5164,2029-09-18 00:00:00,Admin,Hardware,Laptop,High,Tech_A,,217,Pending,Yes,1.0,1
T5165,2029-09-18 08:00:00,ENTC,Printer,Printer,Low,Tech_A,76.0,184,Resolved,No,1.0,10
T5166,2029-09-18 16:00:00,Admin,Network,Router,Medium,Tech_E,102.0,208,Pending,No,5.0,5
T5167,2029-09-19 00:00:00,IT,Login,Laptop,High,Tech_D,38.0,133,Pending,No,1.0,1
T5168,2029-09-19 08:00:00,ENTC,Software,Laptop,Medium,Tech_C,73.0,146,Escalated,No,5.0,1
T5169,2029-09-19 16:00:00,Admin,Printer,Printer,Low,Tech_D,68.0,107,Resolved,No,1.0,1
T5170,2029-09-20 00:00:00,ENTC,Login,Desktop,High,Tech_C,48.0,138,Resolved,No,2.0,1
T5171,2029-09-20 08:00:00,ENTC,Software,Laptop,Low,Tech_A,33.0,137,Escalated,No,3.0,8
T5172,2029-09-20 16:00:00,Admin,Login,Server,Medium,Tech_A,66.0,119,Resolved,No,4.0,2
T5173,2029-09-21 00:00:00,Admin,Printer,Printer,Low,Tech_A,96.0,192,Resolved,No,5.0,9
T5174,2029-09-21 08:00:00,CSE,Login,Laptop,Low,Tech_E,20.0,120,Resolved,No,1.0,7
T5175,2029-09-21 16:00:00,ENTC,Hardware,Desktop,Low,Tech_C,82.0,154,Resolved,No,2.0,3
T5176,2029-09-22 00:00:00,Mechanical,Printer,Printer,Low,Tech_A,56.0,159,Resolved,No,1.0,9
T5177,2029-09-22 08:00:00,ENTC,Login,Laptop,Medium,Tech_E,6.0,95,Escalated,No,2.0,4
T5178,2029-09-22 16:00:00,ENTC,Network,Laptop,High,Tech_D,108.0,242,Resolved,No,4.0,7
T5179,2029-09-23 00:00:00,Admin,Login,Laptop,Medium,Tech_E,65.0,146,Resolved,No,3.0,3
T5180,2029-09-23 08:00:00,ENTC,Hardware,Laptop,Medium,Tech_E,8.0,139,Resolved,No,3.0,5
T5181,2029-09-23 16:00:00,Accounts,Software,Server,Medium,Tech_B,56.0,161,Resolved,Yes,2.0,4
T5182,2029-09-24 00:00:00,ENTC,Software,Server,High,Tech_D,45.0,184,Resolved,No,1.0,6
T5183,2029-09-24 08:00:00,Accounts,Software,Laptop,High,Tech_B,56.0,239,Escalated,No,3.0,9
T5184,2029-09-24 16:00:00,Mechanical,Network,Router,High,Tech_C,35.0,197,Resolved,No,1.0,5
T5185,2029-09-25 00:00:00,Admin,Hardware,Desktop,High,Tech_E,30.0,189,Resolved,Yes,5.0,1
T5186,2029-09-25 08:00:00,ENTC,Printer,Printer,Low,Tech_E,31.0,103,Pending,No,1.0,5
T5187,2029-09-25 16:00:00,Accounts,Software,Laptop,Medium,Tech_E,55.0,148,Resolved,No,5.0,5
T5188,2029-09-26 00:00:00,Accounts,Hardware,Laptop,Medium,Tech_E,102.0,288,Resolved,Yes,5.0,9
T5189,2029-09-26 08:00:00,Accounts,Login,Laptop,Medium,Tech_B,99.0,207,Resolved,No,3.0,8
T5190,2029-09-26 16:00:00,IT,Network,Router,Medium,Tech_C,52.0,167,Resolved,No,5.0,5
T5191,2029-09-27 00:00:00,CSE,Hardware,Laptop,Low,Tech_B,15.0,111,Resolved,No,1.0,5
T5192,2029-09-27 08:00:00,Mechanical,Hardware,Laptop,Low,Tech_E,12.0,89,Pending,No,4.0,2
T5193,2029-09-27 16:00:00,ENTC,Printer,Printer,Medium,Tech_C,16.0,121,Resolved,No,1.0,9
T5194,2029-09-28 00:00:00,IT,Hardware,Laptop,Medium,Tech_D,103.0,196,Resolved,No,2.0,4
T5195,2029-09-28 08:00:00,ENTC,Printer,Printer,Low,Tech_B,49.0,116,Resolved,No,2.0,7
T5196,2029-09-28 16:00:00,ENTC,Network,Server,Medium,Tech_A,38.0,201,Resolved,No,1.0,10
T5197,2029-09-29 00:00:00,Admin,Network,Laptop,Medium,Tech_D,81.0,188,Escalated,No,2.0,6
T5198,2029-09-29 08:00:00,Admin,Login,Laptop,Medium,Tech_D,95.0,178,Resolved,No,4.0,5
T5199,2029-09-29 16:00:00,Admin,Printer,Printer,Low,Tech_E,76.0,163,Resolved,No,2.0,5
T5200,2029-09-30 00:00:00,IT,Printer,Printer,Low,Tech_E,51.0,149,Resolved,Yes,3.0,7
T5201,2029-09-30 08:00:00,ENTC,Software,Laptop,Low,Tech_D,25.0,83,Escalated,No,4.0,2
T5202,2029-09-30 16:00:00,CSE,Software,Laptop,Medium,Tech_B,45.0,187,Resolved,No,3.0,9
T5203,2029-10-01 00:00:00,Mechanical,Login,Server,Medium,Tech_C,79.0,131,Resolved,No,3.0,2
T5204,2029-10-01 08:00:00,Admin,Network,Laptop,Low,Tech_B,26.0,169,Resolved,No,4.0,9
T5205,2029-10-01 16:00:00,Admin,Security,Desktop,High,Tech_B,25.0,215,Escalated,No,3.0,4
T5206,2029-10-02 00:00:00,ENTC,Software,Desktop,Medium,Tech_D,32.0,198,Resolved,No,2.0,10
T5207,2029-10-02 08:00:00,ENTC,Hardware,Desktop,Medium,Tech_B,71.0,247,Resolved,Yes,1.0,10
T5208,2029-10-02 16:00:00,IT,Network,Laptop,Medium,Tech_C,75.0,207,Resolved,Yes,4.0,6
T5209,2029-10-03 00:00:00,IT,Security,Laptop,High,Tech_D,18.0,163,Resolved,Yes,1.0,1
T5210,2029-10-03 08:00:00,Admin,Hardware,Desktop,High,Tech_B,83.0,255,Resolved,Yes,4.0,5
T5211,2029-10-03 16:00:00,ENTC,Printer,Printer,Medium,Tech_E,77.0,170,Resolved,No,4.0,6
T5212,2029-10-04 00:00:00,CSE,Network,Router,Medium,Tech_B,56.0,212,Pending,No,3.0,9
T5213,2029-10-04 08:00:00,Mechanical,Login,Laptop,Medium,Tech_D,47.0,202,Pending,No,1.0,9
T5214,2029-10-04 16:00:00,ENTC,Printer,Printer,Low,Tech_D,75.0,157,Pending,No,2.0,9
T5215,2029-10-05 00:00:00,ENTC,Printer,Printer,Low,Tech_E,80.0,124,Resolved,No,1.0,3
T5216,2029-10-05 08:00:00,Accounts,Hardware,Desktop,Medium,Tech_D,23.0,141,Pending,No,4.0,4
T5217,2029-10-05 16:00:00,IT,Printer,Printer,Low,Tech_A,31.0,128,Resolved,No,2.0,8
T5218,2029-10-06 00:00:00,Mechanical,Software,Server,Medium,Tech_D,22.0,177,Resolved,No,3.0,8
T5219,2029-10-06 08:00:00,Admin,Network,Router,Medium,Tech_B,17.0,137,Resolved,Yes,2.0,2
T5220,2029-10-06 16:00:00,ENTC,Software,Server,High,Tech_C,111.0,267,Resolved,No,2.0,8
T5221,2029-10-07 00:00:00,Admin,Hardware,Laptop,Medium,Tech_B,5.0,162,Resolved,No,1.0,7
T5222,2029-10-07 08:00:00,ENTC,Security,Server,Medium,Tech_D,106.0,268,Resolved,No,4.0,9
T5223,2029-10-07 16:00:00,Admin,Hardware,Laptop,Medium,Tech_A,89.0,193,Resolved,No,,5
T5224,2029-10-08 00:00:00,Mechanical,Network,Router,Medium,Tech_B,38.0,149,Resolved,No,4.0,2
T5225,2029-10-08 08:00:00,IT,Printer,Printer,Low,Tech_C,17.0,117,Resolved,Yes,5.0,5
T5226,2029-10-08 16:00:00,Mechanical,Login,Laptop,Low,Tech_B,113.0,149,Escalated,No,3.0,2
T5227,2029-10-09 00:00:00,Accounts,Hardware,Desktop,Medium,Tech_E,119.0,227,Escalated,No,1.0,5
T5228,2029-10-09 08:00:00,CSE,Network,Laptop,Medium,Tech_A,109.0,217,Escalated,No,4.0,9
T5229,2029-10-09 16:00:00,IT,Login,Desktop,Low,Tech_D,55.0,132,Pending,No,2.0,7
T5230,2029-10-10 00:00:00,Mechanical,Printer,Printer,Low,Tech_B,91.0,193,Escalated,Yes,5.0,7
T5231,2029-10-10 08:00:00,Accounts,Security,Server,High,Tech_B,5.0,143,Resolved,No,3.0,1
T5232,2029-10-10 16:00:00,CSE,Hardware,Desktop,Medium,Tech_B,91.0,244,Escalated,No,4.0,9
T5233,2029-10-11 00:00:00,Accounts,Security,Server,High,Tech_B,32.0,207,Resolved,No,5.0,6
T5234,2029-10-11 08:00:00,ENTC,Network,Router,Medium,Tech_C,36.0,195,Pending,Yes,3.0,7
T5235,2029-10-11 16:00:00,ENTC,Security,Laptop,High,Tech_E,76.0,195,Resolved,No,2.0,2
T5236,2029-10-12 00:00:00,Admin,Security,Desktop,High,Tech_E,59.0,228,Resolved,Yes,5.0,1
T5237,2029-10-12 08:00:00,IT,Network,Server,Low,Tech_A,30.0,119,Escalated,No,1.0,4
T5238,2029-10-12 16:00:00,ENTC,Network,Router,Medium,Tech_A,18.0,180,Resolved,No,3.0,9
T5239,2029-10-13 00:00:00,Accounts,Hardware,Laptop,Low,Tech_C,92.0,214,Resolved,No,5.0,9
T5240,2029-10-13 08:00:00,IT,Security,Laptop,High,Tech_E,116.0,246,Resolved,No,5.0,3
T5241,2029-10-13 16:00:00,ENTC,Login,Laptop,Medium,Tech_A,97.0,166,Resolved,No,3.0,1
T5242,2029-10-14 00:00:00,Admin,Network,Router,Medium,Tech_D,72.0,172,Pending,No,5.0,2
T5243,2029-10-14 08:00:00,Mechanical,Printer,Printer,Medium,Tech_E,67.0,215,Resolved,Yes,5.0,9
T5244,2029-10-14 16:00:00,Admin,Security,Laptop,High,Tech_B,86.0,279,Resolved,No,3.0,9
T5245,2029-10-15 00:00:00,CSE,Network,Server,High,Tech_E,18.0,117,Escalated,No,2.0,1
T5246,2029-10-15 08:00:00,ENTC,Login,Desktop,Medium,Tech_D,31.0,172,Pending,No,1.0,9
T5247,2029-10-15 16:00:00,CSE,Hardware,Desktop,Low,Tech_B,45.0,100,Resolved,No,3.0,1
T5248,2029-10-16 00:00:00,CSE,Security,Desktop,High,Tech_E,115.0,310,Pending,No,4.0,10
T5249,2029-10-16 08:00:00,Accounts,Network,Router,Low,Tech_B,7.0,108,Resolved,No,5.0,4
T5250,2029-10-16 16:00:00,IT,Network,Laptop,High,Tech_B,98.0,222,Resolved,No,1.0,5
T5251,2029-10-17 00:00:00,Accounts,Printer,Printer,Low,Tech_C,63.0,177,Pending,No,1.0,8
T5252,2029-10-17 08:00:00,ENTC,Printer,Printer,Medium,Tech_D,104.0,171,Pending,No,3.0,5
T5253,2029-10-17 16:00:00,CSE,Security,Server,High,Tech_C,27.0,181,Resolved,No,4.0,5
T5254,2029-10-18 00:00:00,Mechanical,Network,Router,Low,Tech_E,22.0,100,Resolved,No,4.0,4
T5255,2029-10-18 08:00:00,CSE,Security,Desktop,High,Tech_B,114.0,311,Resolved,No,2.0,9
T5256,2029-10-18 16:00:00,Mechanical,Network,Router,Medium,Tech_E,115.0,240,Escalated,No,4.0,8
T5257,2029-10-19 00:00:00,Accounts,Printer,Printer,Low,Tech_E,108.0,199,Pending,No,3.0,9
T5258,2029-10-19 08:00:00,Accounts,Login,Desktop,Medium,Tech_C,78.0,208,Resolved,Yes,1.0,7
T5259,2029-10-19 16:00:00,IT,Software,Desktop,Low,Tech_E,80.0,162,Resolved,No,1.0,7
T5260,2029-10-20 00:00:00,CSE,Software,Desktop,Medium,Tech_D,45.0,134,Resolved,No,4.0,5
T5261,2029-10-20 08:00:00,Admin,Network,Laptop,High,Tech_B,12.0,216,Pending,No,5.0,10
T5262,2029-10-20 16:00:00,Accounts,Printer,Printer,Low,Tech_A,36.0,84,Resolved,No,2.0,1
T5263,2029-10-21 00:00:00,Accounts,Hardware,Desktop,Medium,Tech_D,85.0,208,Resolved,No,4.0,6
T5264,2029-10-21 08:00:00,IT,Hardware,Laptop,High,Tech_A,45.0,240,Resolved,No,3.0,10
T5265,2029-10-21 16:00:00,Mechanical,Software,Server,High,Tech_A,49.0,198,Resolved,No,2.0,6
T5266,2029-10-22 00:00:00,IT,Login,Desktop,Medium,Tech_C,82.0,234,Resolved,No,4.0,10
T5267,2029-10-22 08:00:00,CSE,Software,Laptop,Medium,Tech_A,105.0,182,Resolved,No,2.0,4
T5268,2029-10-22 16:00:00,ENTC,Network,Laptop,High,Tech_B,13.0,128,Resolved,No,5.0,2
T5269,2029-10-23 00:00:00,ENTC,Login,Server,Low,Tech_C,94.0,147,Pending,Yes,3.0,1
T5270,2029-10-23 08:00:00,Mechanical,Hardware,Laptop,High,Tech_D,52.0,198,Resolved,No,4.0,3
T5271,2029-10-23 16:00:00,Accounts,Printer,Printer,Medium,Tech_D,119.0,241,Resolved,No,1.0,9
T5272,2029-10-24 00:00:00,Mechanical,Printer,Printer,Medium,Tech_D,28.0,98,Resolved,No,3.0,1
T5273,2029-10-24 08:00:00,Accounts,Network,Router,Medium,Tech_E,91.0,195,Resolved,No,,5
T5274,2029-10-24 16:00:00,Accounts,Software,Server,High,Tech_C,99.0,259,Resolved,No,5.0,10
T5275,2029-10-25 00:00:00,ENTC,Network,Router,Medium,Tech_C,107.0,202,Resolved,No,1.0,6
T5276,2029-10-25 08:00:00,Mechanical,Printer,Printer,Low,Tech_C,48.0,148,Escalated,No,3.0,9
T5277,2029-10-25 16:00:00,IT,Hardware,Desktop,High,Tech_B,62.0,188,Pending,No,4.0,1
T5278,2029-10-26 00:00:00,Accounts,Printer,Printer,Low,Tech_C,70.0,125,Pending,No,1.0,5
T5279,2029-10-26 08:00:00,Admin,Login,Server,Medium,Tech_B,118.0,157,Resolved,No,4.0,1
T5280,2029-10-26 16:00:00,Admin,Security,Laptop,High,Tech_D,22.0,164,Pending,No,2.0,2
T5281,2029-10-27 00:00:00,IT,Printer,Printer,Medium,Tech_E,84.0,160,Pending,No,4.0,2
T5282,2029-10-27 08:00:00,Admin,Printer,Printer,Medium,Tech_A,33.0,127,Resolved,No,2.0,5
T5283,2029-10-27 16:00:00,CSE,Security,Server,Medium,Tech_E,79.0,262,Resolved,No,4.0,10
T5284,2029-10-28 00:00:00,Accounts,Login,Server,Medium,Tech_E,6.0,124,Resolved,No,2.0,4
T5285,2029-10-28 08:00:00,IT,Software,Desktop,Low,Tech_E,82.0,149,Resolved,No,3.0,6
T5286,2029-10-28 16:00:00,Mechanical,Printer,Printer,Medium,Tech_A,72.0,193,Escalated,Yes,5.0,5
T5287,2029-10-29 00:00:00,Accounts,Network,Router,Medium,Tech_B,107.0,177,Resolved,No,3.0,2
T5288,2029-10-29 08:00:00,IT,Printer,Printer,Medium,Tech_D,102.0,234,Resolved,No,1.0,9
T5289,2029-10-29 16:00:00,ENTC,Network,Router,Medium,Tech_A,114.0,246,Resolved,No,3.0,10
T5290,2029-10-30 00:00:00,Mechanical,Login,Server,High,Tech_D,43.0,207,Resolved,No,3.0,8
T5291,2029-10-30 08:00:00,ENTC,Printer,Printer,Low,Tech_B,77.0,181,Escalated,No,5.0,9
T5292,2029-10-30 16:00:00,Accounts,Login,Laptop,Medium,Tech_D,108.0,192,Resolved,No,3.0,6
T5293,2029-10-31 00:00:00,Mechanical,Login,Desktop,Medium,Tech_B,45.0,141,Resolved,No,1.0,5
T5294,2029-10-31 08:00:00,Admin,Software,Server,Medium,Tech_A,75.0,170,Resolved,No,3.0,5
T5295,2029-10-31 16:00:00,IT,Printer,Printer,Low,Tech_A,119.0,155,Escalated,No,3.0,2
T5296,2029-11-01 00:00:00,Accounts,Network,Router,Low,Tech_D,85.0,181,Resolved,No,3.0,4
T5297,2029-11-01 08:00:00,CSE,Network,Server,Medium,Tech_D,91.0,185,Pending,No,3.0,2
T5298,2029-11-01 16:00:00,Mechanical,Printer,Printer,Medium,Tech_E,113.0,180,Resolved,No,5.0,2
T5299,2029-11-02 00:00:00,Mechanical,Security,Desktop,Medium,Tech_E,79.0,186,Resolved,No,5.0,8
T5300,2029-11-02 08:00:00,Accounts,Software,Laptop,Medium,Tech_D,26.0,127,Resolved,No,1.0,4
T5301,2029-11-02 16:00:00,Accounts,Software,Server,Medium,Tech_E,86.0,171,Resolved,No,1.0,4
T5302,2029-11-03 00:00:00,ENTC,Software,Desktop,High,Tech_D,53.0,217,Resolved,No,1.0,7
T5303,2029-11-03 08:00:00,Admin,Network,Router,Medium,Tech_C,32.0,123,Resolved,No,3.0,4
T5304,2029-11-03 16:00:00,ENTC,Login,Desktop,High,Tech_E,20.0,230,Resolved,Yes,4.0,9
T5305,2029-11-04 00:00:00,ENTC,Security,Server,High,Tech_D,110.0,278,Resolved,No,3.0,9
T5306,2029-11-04 08:00:00,Admin,Software,Server,Medium,Tech_C,72.0,163,Resolved,No,4.0,3
T5307,2029-11-04 16:00:00,CSE,Network,Router,Medium,Tech_E,66.0,164,Resolved,No,1.0,6
T5308,2029-11-05 00:00:00,ENTC,Network,Server,Medium,Tech_A,40.0,188,Escalated,No,3.0,7
T5309,2029-11-05 08:00:00,ENTC,Login,Desktop,High,Tech_D,26.0,161,Resolved,No,1.0,3
T5310,2029-11-05 16:00:00,Mechanical,Printer,Printer,Medium,Tech_A,15.0,103,Resolved,No,5.0,4
T5311,2029-11-06 00:00:00,Admin,Printer,Printer,Low,Tech_E,89.0,116,Resolved,No,1.0,1
T5312,2029-11-06 08:00:00,IT,Software,Desktop,Low,Tech_C,108.0,207,Resolved,No,3.0,9
T5313,2029-11-06 16:00:00,CSE,Software,Desktop,Medium,Tech_D,109.0,197,Resolved,No,5.0,7
T5314,2029-11-07 00:00:00,CSE,Security,Desktop,High,Tech_C,84.0,300,Resolved,No,5.0,10
T5315,2029-11-07 08:00:00,Admin,Login,Server,Medium,Tech_A,46.0,177,Pending,No,4.0,7
T5316,2029-11-07 16:00:00,Accounts,Software,Desktop,Medium,Tech_D,59.0,191,Escalated,No,2.0,9
T5317,2029-11-08 00:00:00,Accounts,Login,Desktop,Low,Tech_A,77.0,159,Resolved,No,5.0,6
T5318,2029-11-08 08:00:00,Mechanical,Network,Laptop,Medium,Tech_A,39.0,196,Resolved,Yes,2.0,8
T5319,2029-11-08 16:00:00,Mechanical,Software,Laptop,Low,Tech_C,61.0,172,Resolved,Yes,1.0,5
T5320,2029-11-09 00:00:00,Admin,Network,Server,Low,Tech_E,38.0,156,Resolved,No,1.0,8
T5321,2029-11-09 08:00:00,Mechanical,Hardware,Laptop,High,Tech_A,77.0,273,Resolved,No,5.0,10
T5322,2029-11-09 16:00:00,CSE,Login,Laptop,Medium,Tech_A,81.0,140,Pending,No,4.0,1
T5323,2029-11-10 00:00:00,CSE,Hardware,Laptop,Medium,Tech_B,74.0,191,Resolved,No,1.0,3
T5324,2029-11-10 08:00:00,IT,Software,Desktop,Low,Tech_C,8.0,93,Resolved,No,2.0,4
T5325,2029-11-10 16:00:00,Accounts,Network,Server,Medium,Tech_A,50.0,186,Resolved,No,5.0,9
T5326,2029-11-11 00:00:00,Admin,Software,Desktop,Medium,Tech_B,96.0,205,Escalated,No,5.0,8
T5327,2029-11-11 08:00:00,ENTC,Hardware,Laptop,Low,Tech_C,15.0,147,Resolved,No,4.0,8
T5328,2029-11-11 16:00:00,Accounts,Software,Laptop,Low,Tech_D,102.0,145,Resolved,No,5.0,2
T5329,2029-11-12 00:00:00,ENTC,Security,Desktop,High,Tech_E,65.0,238,Resolved,No,3.0,7
T5330,2029-11-12 08:00:00,IT,Printer,Printer,Low,Tech_C,39.0,95,Resolved,No,2.0,3
T5331,2029-11-12 16:00:00,IT,Hardware,Laptop,Low,Tech_A,73.0,184,Resolved,No,3.0,6
T5332,2029-11-13 00:00:00,Mechanical,Software,Server,High,Tech_B,61.0,206,Resolved,Yes,3.0,4
T5333,2029-11-13 08:00:00,IT,Network,Laptop,Medium,Tech_B,107.0,238,Resolved,No,2.0,6
T5334,2029-11-13 16:00:00,IT,Software,Desktop,Medium,Tech_D,15.0,108,Pending,No,5.0,4
T5335,2029-11-14 00:00:00,ENTC,Network,Laptop,Medium,Tech_B,16.0,121,Resolved,No,5.0,3
T5336,2029-11-14 08:00:00,Mechanical,Printer,Printer,Low,Tech_A,47.0,63,Resolved,No,3.0,2
T5337,2029-11-14 16:00:00,IT,Software,Server,Medium,Tech_C,23.0,119,Resolved,No,2.0,4
T5338,2029-11-15 00:00:00,Accounts,Printer,Printer,High,Tech_D,81.0,244,Resolved,No,1.0,10
T5339,2029-11-15 08:00:00,IT,Hardware,Laptop,Low,Tech_E,72.0,132,Pending,No,2.0,2
T5340,2029-11-15 16:00:00,Mechanical,Network,Server,Medium,Tech_E,82.0,196,Resolved,No,3.0,7
T5341,2029-11-16 00:00:00,Admin,Security,Desktop,Low,Tech_A,112.0,167,Resolved,No,2.0,1
T5342,2029-11-16 08:00:00,Mechanical,Hardware,Desktop,Low,Tech_D,63.0,129,Resolved,No,2.0,1
T5343,2029-11-16 16:00:00,ENTC,Network,Server,High,Tech_D,6.0,141,Pending,No,1.0,5
T5344,2029-11-17 00:00:00,Admin,Printer,Printer,Low,Tech_A,12.0,85,Resolved,No,4.0,7
T5345,2029-11-17 08:00:00,Accounts,Login,Desktop,High,Tech_D,26.0,123,Resolved,No,4.0,1
T5346,2029-11-17 16:00:00,CSE,Software,Server,Low,Tech_B,119.0,169,Resolved,No,1.0,4
T5347,2029-11-18 00:00:00,Mechanical,Printer,Printer,Medium,Tech_B,81.0,156,Resolved,No,2.0,5
T5348,2029-11-18 08:00:00,ENTC,Network,Server,Medium,Tech_A,25.0,118,Pending,No,3.0,2
T5349,2029-11-18 16:00:00,Accounts,Network,Server,High,Tech_A,89.0,277,Resolved,Yes,1.0,7
T5350,2029-11-19 00:00:00,Admin,Network,Laptop,Medium,Tech_B,96.0,225,Resolved,Yes,4.0,4
T5351,2029-11-19 08:00:00,Accounts,Network,Router,Medium,Tech_C,101.0,244,Resolved,No,4.0,8
T5352,2029-11-19 16:00:00,Mechanical,Software,Desktop,Medium,Tech_A,33.0,88,Resolved,No,1.0,1
T5353,2029-11-20 00:00:00,IT,Hardware,Laptop,Medium,Tech_B,105.0,249,Resolved,No,2.0,10
T5354,2029-11-20 08:00:00,Mechanical,Security,Laptop,High,Tech_C,90.0,206,Pending,No,5.0,1
T5355,2029-11-20 16:00:00,CSE,Login,Server,Medium,Tech_C,94.0,157,Resolved,No,3.0,1
T5356,2029-11-21 00:00:00,Mechanical,Software,Server,High,Tech_B,79.0,193,Resolved,No,5.0,4
T5357,2029-11-21 08:00:00,Admin,Network,Server,Medium,Tech_B,79.0,152,Resolved,No,3.0,1
T5358,2029-11-21 16:00:00,Admin,Software,Laptop,Medium,Tech_D,113.0,183,Escalated,No,5.0,5
T5359,2029-11-22 00:00:00,Mechanical,Printer,Printer,Medium,Tech_C,102.0,183,Resolved,No,5.0,6
T5360,2029-11-22 08:00:00,Admin,Security,Laptop,Medium,Tech_E,87.0,222,Resolved,No,3.0,7
T5361,2029-11-22 16:00:00,IT,Network,Laptop,Medium,Tech_D,116.0,247,Escalated,No,3.0,8
T5362,2029-11-23 00:00:00,Accounts,Login,Server,High,Tech_D,41.0,188,Resolved,No,4.0,8
T5363,2029-11-23 08:00:00,Mechanical,Network,Router,Medium,Tech_C,82.0,181,Resolved,No,2.0,2
T5364,2029-11-23 16:00:00,IT,Security,Server,High,Tech_C,33.0,203,Resolved,No,2.0,4
T5365,2029-11-24 00:00:00,Accounts,Login,Laptop,Medium,Tech_C,87.0,185,Resolved,No,4.0,7
T5366,2029-11-24 08:00:00,Accounts,Security,Server,High,Tech_A,41.0,256,Resolved,No,5.0,9
T5367,2029-11-24 16:00:00,IT,Login,Server,High,Tech_B,25.0,215,Pending,Yes,3.0,9
T5368,2029-11-25 00:00:00,ENTC,Hardware,Desktop,High,Tech_B,92.0,208,Resolved,No,1.0,3
T5369,2029-11-25 08:00:00,Mechanical,Hardware,Laptop,Medium,Tech_B,94.0,232,Resolved,No,5.0,7
T5370,2029-11-25 16:00:00,Accounts,Software,Laptop,Medium,Tech_C,109.0,204,Resolved,No,2.0,4
T5371,2029-11-26 00:00:00,Accounts,Software,Desktop,Low,Tech_D,16.0,168,Resolved,Yes,3.0,9
T5372,2029-11-26 08:00:00,Admin,Login,Laptop,Low,Tech_C,52.0,127,Pending,No,4.0,7
T5373,2029-11-26 16:00:00,Accounts,Network,Router,Low,Tech_C,87.0,164,Resolved,No,5.0,6
T5374,2029-11-27 00:00:00,IT,Printer,Printer,Low,Tech_D,51.0,173,Escalated,No,1.0,9
T5375,2029-11-27 08:00:00,Accounts,Printer,Printer,Medium,Tech_E,117.0,220,Pending,No,5.0,7
T5376,2029-11-27 16:00:00,ENTC,Network,Server,High,Tech_A,98.0,247,Pending,No,4.0,8
T5377,2029-11-28 00:00:00,Mechanical,Network,Router,Medium,Tech_E,19.0,131,Resolved,No,1.0,5
T5378,2029-11-28 08:00:00,Mechanical,Hardware,Laptop,High,Tech_C,71.0,216,Resolved,No,5.0,4
T5379,2029-11-28 16:00:00,Accounts,Printer,Printer,Medium,Tech_B,117.0,155,Resolved,No,4.0,1
T5380,2029-11-29 00:00:00,CSE,Login,Desktop,Medium,Tech_B,17.0,175,Resolved,No,5.0,8
T5381,2029-11-29 08:00:00,CSE,Security,Laptop,High,Tech_D,63.0,232,Resolved,No,3.0,6
T5382,2029-11-29 16:00:00,IT,Software,Server,Low,Tech_C,77.0,146,Resolved,No,5.0,4
T5383,2029-11-30 00:00:00,CSE,Security,Desktop,High,Tech_D,17.0,183,Escalated,No,4.0,3
T5384,2029-11-30 08:00:00,IT,Hardware,Desktop,Low,Tech_D,84.0,153,Resolved,No,2.0,5
T5385,2029-11-30 16:00:00,Admin,Printer,Printer,Low,Tech_A,119.0,132,Resolved,No,4.0,4
T5386,2029-12-01 00:00:00,IT,Network,Router,High,Tech_D,82.0,235,Resolved,No,5.0,7
T5387,2029-12-01 08:00:00,CSE,Printer,Printer,Low,Tech_C,76.0,151,Resolved,No,3.0,6
T5388,2029-12-01 16:00:00,Accounts,Login,Desktop,Low,Tech_A,23.0,103,Resolved,No,2.0,3
T5389,2029-12-02 00:00:00,Admin,Hardware,Laptop,Medium,Tech_B,61.0,216,Resolved,No,4.0,10
T5390,2029-12-02 08:00:00,CSE,Network,Server,Medium,Tech_A,,122,Resolved,No,2.0,1
T5391,2029-12-02 16:00:00,IT,Security,Server,Medium,Tech_C,103.0,267,Resolved,Yes,3.0,7
T5392,2029-12-03 00:00:00,ENTC,Login,Laptop,Low,Tech_E,91.0,174,Resolved,No,1.0,5
T5393,2029-12-03 08:00:00,Mechanical,Security,Server,High,Tech_A,25.0,167,Resolved,No,2.0,1
T5394,2029-12-03 16:00:00,CSE,Software,Laptop,Medium,Tech_E,86.0,138,Resolved,No,4.0,1
T5395,2029-12-04 00:00:00,IT,Hardware,Laptop,High,Tech_A,116.0,268,Resolved,No,3.0,6
T5396,2029-12-04 08:00:00,Admin,Login,Laptop,Medium,Tech_A,18.0,117,Resolved,No,4.0,4
T5397,2029-12-04 16:00:00,CSE,Login,Server,Medium,Tech_D,84.0,217,Resolved,No,3.0,8
T5398,2029-12-05 00:00:00,CSE,Security,Server,High,Tech_E,28.0,204,Resolved,Yes,4.0,2
T5399,2029-12-05 08:00:00,Mechanical,Network,Server,Medium,Tech_E,53.0,161,Pending,No,3.0,4
T5400,2029-12-05 16:00:00,IT,Software,Server,High,Tech_A,120.0,247,Resolved,No,5.0,8
T5401,2029-12-06 00:00:00,ENTC,Security,Server,High,Tech_C,36.0,225,Resolved,No,4.0,8
T5402,2029-12-06 08:00:00,Admin,Login,Server,Low,Tech_C,79.0,140,Escalated,No,3.0,5
T5403,2029-12-06 16:00:00,IT,Hardware,Desktop,Low,Tech_E,113.0,178,Resolved,No,1.0,3
T5404,2029-12-07 00:00:00,Admin,Login,Laptop,Medium,Tech_D,15.0,103,Resolved,No,3.0,4
T5405,2029-12-07 08:00:00,CSE,Printer,Printer,Low,Tech_D,64.0,113,Escalated,No,1.0,3
T5406,2029-12-07 16:00:00,Mechanical,Hardware,Laptop,Low,Tech_C,72.0,131,Resolved,No,2.0,2
T5407,2029-12-08 00:00:00,Mechanical,Hardware,Laptop,Medium,Tech_D,65.0,195,Escalated,No,3.0,4
T5408,2029-12-08 08:00:00,Accounts,Login,Server,Medium,Tech_A,94.0,214,Resolved,No,2.0,9
T5409,2029-12-08 16:00:00,ENTC,Network,Server,High,Tech_A,114.0,285,Resolved,Yes,2.0,6
T5410,2029-12-09 00:00:00,Mechanical,Hardware,Desktop,Medium,Tech_E,9.0,130,Resolved,No,5.0,4
T5411,2029-12-09 08:00:00,CSE,Printer,Printer,Low,Tech_B,40.0,73,Resolved,No,3.0,1
T5412,2029-12-09 16:00:00,ENTC,Security,Server,Medium,Tech_C,101.0,275,Resolved,Yes,5.0,7
T5413,2029-12-10 00:00:00,IT,Network,Router,Medium,Tech_C,68.0,151,Pending,No,5.0,2
T5414,2029-12-10 08:00:00,Mechanical,Network,Router,Low,Tech_B,82.0,164,Resolved,No,2.0,6
T5415,2029-12-10 16:00:00,ENTC,Network,Laptop,Medium,Tech_D,36.0,201,Escalated,No,4.0,10
T5416,2029-12-11 00:00:00,CSE,Hardware,Desktop,Medium,Tech_A,75.0,153,Resolved,No,2.0,1
T5417,2029-12-11 08:00:00,Accounts,Network,Router,Medium,Tech_A,78.0,208,Pending,No,2.0,7
T5418,2029-12-11 16:00:00,Admin,Login,Desktop,Medium,Tech_C,70.0,167,Resolved,No,1.0,4
T5419,2029-12-12 00:00:00,Admin,Network,Laptop,Medium,Tech_C,14.0,129,Resolved,No,4.0,3
T5420,2029-12-12 08:00:00,CSE,Printer,Printer,Low,Tech_D,103.0,190,Resolved,No,2.0,10
T5421,2029-12-12 16:00:00,CSE,Software,Server,High,Tech_D,25.0,175,Resolved,Yes,4.0,7
T5422,2029-12-13 00:00:00,Admin,Printer,Printer,Low,Tech_C,44.0,122,Resolved,No,1.0,3
T5423,2029-12-13 08:00:00,Accounts,Hardware,Desktop,Medium,Tech_D,46.0,203,Resolved,No,4.0,8
T5424,2029-12-13 16:00:00,ENTC,Network,Laptop,Medium,Tech_B,76.0,203,Resolved,Yes,3.0,4
T5425,2029-12-14 00:00:00,Admin,Network,Router,Medium,Tech_A,50.0,136,Resolved,No,1.0,3
T5426,2029-12-14 08:00:00,CSE,Login,Desktop,Low,Tech_C,86.0,143,Resolved,No,4.0,7
T5427,2029-12-14 16:00:00,Mechanical,Security,Laptop,High,Tech_B,77.0,237,Resolved,No,5.0,7
T5428,2029-12-15 00:00:00,IT,Network,Server,High,Tech_B,45.0,226,Resolved,No,4.0,9
T5429,2029-12-15 08:00:00,Accounts,Printer,Printer,Medium,Tech_E,98.0,225,Resolved,No,1.0,10
T5430,2029-12-15 16:00:00,Accounts,Hardware,Laptop,Medium,Tech_C,8.0,179,Escalated,No,5.0,7
T5431,2029-12-16 00:00:00,Mechanical,Software,Desktop,Medium,Tech_E,103.0,229,Resolved,Yes,4.0,6
T5432,2029-12-16 08:00:00,Mechanical,Network,Laptop,Medium,Tech_B,18.0,129,Escalated,No,4.0,3
T5433,2029-12-16 16:00:00,CSE,Software,Desktop,High,Tech_C,18.0,148,Escalated,No,1.0,4
T5434,2029-12-17 00:00:00,Admin,Network,Server,High,Tech_E,57.0,224,Resolved,No,5.0,8
T5435,2029-12-17 08:00:00,ENTC,Hardware,Laptop,Medium,Tech_A,116.0,213,Escalated,No,5.0,6
T5436,2029-12-17 16:00:00,Accounts,Security,Server,High,Tech_C,105.0,285,Resolved,No,4.0,9
T5437,2029-12-18 00:00:00,Accounts,Printer,Printer,Low,Tech_E,88.0,183,Escalated,Yes,3.0,8
T5438,2029-12-18 08:00:00,Mechanical,Hardware,Desktop,Medium,Tech_D,33.0,182,Resolved,No,1.0,8
T5439,2029-12-18 16:00:00,Admin,Software,Server,Medium,Tech_C,27.0,185,Resolved,Yes,1.0,10
T5440,2029-12-19 00:00:00,Accounts,Network,Router,Medium,Tech_D,115.0,247,Resolved,No,2.0,10
T5441,2029-12-19 08:00:00,ENTC,Software,Server,Low,Tech_C,89.0,199,Pending,Yes,5.0,7
T5442,2029-12-19 16:00:00,Mechanical,Printer,Printer,Medium,Tech_E,35.0,147,Resolved,No,5.0,10
T5443,2029-12-20 00:00:00,ENTC,Hardware,Desktop,Medium,Tech_E,100.0,217,Resolved,Yes,2.0,1
T5444,2029-12-20 08:00:00,Admin,Software,Server,High,Tech_C,109.0,253,Resolved,No,4.0,5
T5445,2029-12-20 16:00:00,Accounts,Software,Laptop,High,Tech_B,75.0,237,Pending,No,4.0,7
T5446,2029-12-21 00:00:00,IT,Printer,Printer,Low,Tech_E,81.0,190,Resolved,No,1.0,10
T5447,2029-12-21 08:00:00,Accounts,Network,Router,Medium,Tech_C,65.0,239,Resolved,Yes,4.0,9
T5448,2029-12-21 16:00:00,Admin,Software,Laptop,Medium,Tech_C,27.0,133,Resolved,No,3.0,4
T5449,2029-12-22 00:00:00,Accounts,Printer,Printer,Medium,Tech_A,12.0,142,Resolved,No,3.0,8
T5450,2029-12-22 08:00:00,Accounts,Network,Server,Medium,Tech_D,80.0,151,Resolved,No,3.0,1
T5451,2029-12-22 16:00:00,CSE,Security,Server,High,Tech_A,104.0,234,Pending,No,2.0,4
T5452,2029-12-23 00:00:00,Accounts,Network,Router,Medium,Tech_D,20.0,132,Escalated,No,3.0,4
T5453,2029-12-23 08:00:00,Accounts,Security,Server,Medium,Tech_D,30.0,176,Resolved,Yes,2.0,2
T5454,2029-12-23 16:00:00,ENTC,Hardware,Laptop,Medium,Tech_A,33.0,171,Escalated,Yes,1.0,3
T5455,2029-12-24 00:00:00,IT,Printer,Printer,Low,Tech_B,97.0,149,Escalated,No,1.0,3
T5456,2029-12-24 08:00:00,ENTC,Network,Router,Medium,Tech_C,10.0,186,Pending,No,3.0,9
T5457,2029-12-24 16:00:00,ENTC,Security,Server,High,Tech_E,41.0,227,Pending,No,2.0,7
T5458,2029-12-25 00:00:00,Mechanical,Security,Desktop,High,Tech_C,37.0,172,Resolved,No,3.0,2
T5459,2029-12-25 08:00:00,CSE,Hardware,Desktop,Medium,Tech_A,99.0,260,Resolved,No,4.0,9
T5460,2029-12-25 16:00:00,ENTC,Login,Server,Medium,Tech_B,50.0,182,Resolved,No,2.0,8
T5461,2029-12-26 00:00:00,Admin,Printer,Printer,Low,Tech_E,65.0,156,Resolved,Yes,2.0,6
T5462,2029-12-26 08:00:00,Admin,Login,Laptop,Medium,Tech_E,45.0,150,Escalated,No,2.0,6
T5463,2029-12-26 16:00:00,Accounts,Network,Router,Medium,Tech_B,22.0,111,Resolved,No,2.0,2
T5464,2029-12-27 00:00:00,Mechanical,Printer,Printer,Low,Tech_E,106.0,145,Pending,No,4.0,3
T5465,2029-12-27 08:00:00,CSE,Hardware,Laptop,High,Tech_E,115.0,282,Resolved,No,3.0,6
T5466,2029-12-27 16:00:00,CSE,Network,Server,Medium,Tech_B,99.0,171,Resolved,No,1.0,3
T5467,2029-12-28 00:00:00,Accounts,Printer,Printer,Medium,Tech_A,20.0,167,Resolved,Yes,5.0,7
T5468,2029-12-28 08:00:00,Admin,Printer,Printer,Medium,Tech_A,108.0,189,Pending,No,5.0,5
T5469,2029-12-28 16:00:00,IT,Login,Laptop,High,Tech_E,55.0,153,Resolved,No,2.0,4
T5470,2029-12-29 00:00:00,Mechanical,Network,Router,Medium,Tech_A,41.0,213,Resolved,No,2.0,8
T5471,2029-12-29 08:00:00,Accounts,Hardware,Desktop,Medium,Tech_A,18.0,124,Resolved,No,1.0,2
T5472,2029-12-29 16:00:00,Mechanical,Hardware,Laptop,Medium,Tech_E,107.0,236,Pending,Yes,5.0,3
T5473,2029-12-30 00:00:00,Admin,Network,Router,High,Tech_E,72.0,240,Resolved,No,2.0,10
T5474,2029-12-30 08:00:00,Admin,Network,Laptop,Medium,Tech_A,34.0,165,Pending,No,4.0,4
T5475,2029-12-30 16:00:00,IT,Security,Desktop,High,Tech_D,64.0,299,Resolved,Yes,5.0,10
T5476,2029-12-31 00:00:00,IT,Software,Desktop,Low,Tech_B,57.0,114,Resolved,No,4.0,6
T5477,2029-12-31 08:00:00,CSE,Login,Laptop,Low,Tech_A,101.0,144,Resolved,No,1.0,5
T5478,2029-12-31 16:00:00,Mechanical,Network,Router,Medium,Tech_A,40.0,140,Pending,No,1.0,5
T5479,2030-01-01 00:00:00,Mechanical,Network,Server,Medium,Tech_D,34.0,159,Resolved,No,5.0,7
T5480,2030-01-01 08:00:00,Admin,Software,Server,High,Tech_C,68.0,213,Resolved,No,3.0,8
T5481,2030-01-01 16:00:00,CSE,Software,Desktop,Medium,Tech_C,18.0,147,Resolved,No,5.0,6
T5482,2030-01-02 00:00:00,Accounts,Printer,Printer,Low,Tech_B,27.0,84,Pending,No,4.0,3
T5483,2030-01-02 08:00:00,Mechanical,Hardware,Laptop,Low,Tech_E,52.0,146,Resolved,No,3.0,4
T5484,2030-01-02 16:00:00,CSE,Login,Laptop,Medium,Tech_A,32.0,103,Resolved,No,4.0,1
T5485,2030-01-03 00:00:00,CSE,Printer,Printer,Low,Tech_D,11.0,85,Resolved,No,4.0,5
T5486,2030-01-03 08:00:00,Admin,Network,Laptop,Medium,Tech_E,46.0,186,Resolved,No,4.0,10
T5487,2030-01-03 16:00:00,CSE,Software,Server,Medium,Tech_E,14.0,134,Resolved,No,2.0,8
T5488,2030-01-04 00:00:00,IT,Security,Laptop,High,Tech_C,72.0,203,Resolved,No,3.0,3
T5489,2030-01-04 08:00:00,IT,Hardware,Desktop,Low,Tech_A,48.0,203,Resolved,Yes,2.0,10
T5490,2030-01-04 16:00:00,ENTC,Printer,Printer,Low,Tech_B,106.0,171,Resolved,No,2.0,4
T5491,2030-01-05 00:00:00,Admin,Security,Laptop,High,Tech_D,17.0,171,Resolved,No,4.0,4
T5492,2030-01-05 08:00:00,Accounts,Hardware,Laptop,High,Tech_A,89.0,263,Resolved,No,1.0,6
T5493,2030-01-05 16:00:00,ENTC,Security,Server,High,Tech_E,37.0,236,Pending,No,5.0,9
T5494,2030-01-06 00:00:00,IT,Software,Laptop,High,Tech_E,108.0,285,Resolved,Yes,1.0,10
T5495,2030-01-06 08:00:00,ENTC,Printer,Printer,Medium,Tech_B,96.0,164,Resolved,No,4.0,3
T5496,2030-01-06 16:00:00,Admin,Printer,Printer,Low,Tech_C,91.0,154,Pending,No,,4
T5497,2030-01-07 00:00:00,Admin,Hardware,Laptop,Medium,Tech_B,36.0,152,Resolved,No,5.0,6
T5498,2030-01-07 08:00:00,CSE,Security,Server,Low,Tech_B,52.0,172,Resolved,No,4.0,6
T5499,2030-01-07 16:00:00,Mechanical,Software,Desktop,Medium,Tech_A,9.0,154,Resolved,No,2.0,7
T5500,2030-01-08 00:00:00,CSE,Network,Router,Medium,Tech_C,65.0,149,Resolved,No,5.0,1
T5501,2030-01-08 08:00:00,Admin,Printer,Printer,Medium,Tech_E,94.0,193,Resolved,No,5.0,9
T5502,2030-01-08 16:00:00,IT,Network,Router,Medium,Tech_C,107.0,176,Pending,No,5.0,2
T5503,2030-01-09 00:00:00,Accounts,Software,Server,Medium,Tech_A,94.0,157,Resolved,No,5.0,4
T5504,2030-01-09 08:00:00,IT,Printer,Printer,Low,Tech_A,7.0,72,Resolved,No,3.0,3
T5505,2030-01-09 16:00:00,CSE,Printer,Printer,Low,Tech_B,28.0,85,Escalated,No,2.0,3
T5506,2030-01-10 00:00:00,Accounts,Security,Server,High,Tech_A,102.0,268,Resolved,No,3.0,5
T5507,2030-01-10 08:00:00,Admin,Network,Laptop,Medium,Tech_C,38.0,185,Resolved,Yes,3.0,7
T5508,2030-01-10 16:00:00,IT,Security,Server,Medium,Tech_B,88.0,226,Resolved,No,4.0,7
T5509,2030-01-11 00:00:00,Admin,Login,Laptop,High,Tech_B,98.0,273,Escalated,Yes,2.0,7
T5510,2030-01-11 08:00:00,Accounts,Network,Server,High,Tech_B,46.0,189,Resolved,No,1.0,3
T5511,2030-01-11 16:00:00,Accounts,Network,Laptop,Medium,Tech_C,24.0,224,Resolved,Yes,2.0,9
T5512,2030-01-12 00:00:00,IT,Login,Laptop,Medium,Tech_B,45.0,170,Resolved,No,1.0,6
T5513,2030-01-12 08:00:00,Admin,Software,Server,Medium,Tech_D,86.0,230,Resolved,Yes,5.0,10
T5514,2030-01-12 16:00:00,ENTC,Software,Server,Medium,Tech_D,106.0,236,Resolved,No,1.0,8
T5515,2030-01-13 00:00:00,Admin,Printer,Printer,Low,Tech_C,24.0,62,Resolved,No,1.0,1
T5516,2030-01-13 08:00:00,Accounts,Hardware,Laptop,High,Tech_E,10.0,202,Resolved,Yes,1.0,4
T5517,2030-01-13 16:00:00,Admin,Security,Server,High,Tech_E,61.0,245,Escalated,No,5.0,7
T5518,2030-01-14 00:00:00,CSE,Hardware,Laptop,Medium,Tech_B,46.0,195,Pending,No,5.0,9
T5519,2030-01-14 08:00:00,ENTC,Printer,Printer,Low,Tech_C,29.0,80,Pending,No,3.0,3
T5520,2030-01-14 16:00:00,Mechanical,Hardware,Laptop,Medium,Tech_B,45.0,204,Resolved,Yes,1.0,6
T5521,2030-01-15 00:00:00,CSE,Network,Router,Medium,Tech_B,45.0,189,Resolved,No,2.0,8
T5522,2030-01-15 08:00:00,Mechanical,Network,Router,Medium,Tech_D,7.0,124,Resolved,No,4.0,3
T5523,2030-01-15 16:00:00,IT,Login,Server,Medium,Tech_A,112.0,191,Resolved,No,3.0,6
T5524,2030-01-16 00:00:00,Mechanical,Login,Server,Medium,Tech_C,47.0,168,Resolved,No,1.0,9
T5525,2030-01-16 08:00:00,Admin,Printer,Printer,High,Tech_A,50.0,194,Resolved,No,3.0,9
T5526,2030-01-16 16:00:00,Mechanical,Printer,Printer,Medium,Tech_D,61.0,157,Resolved,No,1.0,6
T5527,2030-01-17 00:00:00,Accounts,Printer,Printer,Low,Tech_A,87.0,160,Resolved,Yes,1.0,5
T5528,2030-01-17 08:00:00,CSE,Network,Router,Low,Tech_D,78.0,119,Resolved,No,3.0,1
T5529,2030-01-17 16:00:00,CSE,Hardware,Laptop,Medium,Tech_E,55.0,159,Resolved,No,1.0,3
T5530,2030-01-18 00:00:00,Mechanical,Security,Desktop,High,Tech_D,9.0,152,Pending,No,1.0,3
T5531,2030-01-18 08:00:00,CSE,Printer,Printer,Medium,Tech_C,90.0,157,Resolved,No,4.0,4
T5532,2030-01-18 16:00:00,Accounts,Printer,Printer,Low,Tech_E,77.0,142,Escalated,No,2.0,5
T5533,2030-01-19 00:00:00,CSE,Network,Router,Medium,Tech_B,101.0,229,Pending,No,5.0,8
T5534,2030-01-19 08:00:00,Mechanical,Security,Desktop,High,Tech_C,19.0,256,Pending,Yes,4.0,9
T5535,2030-01-19 16:00:00,ENTC,Network,Router,High,Tech_C,92.0,247,Escalated,No,5.0,7
T5536,2030-01-20 00:00:00,ENTC,Security,Desktop,High,Tech_C,98.0,300,Resolved,No,5.0,10
T5537,2030-01-20 08:00:00,IT,Network,Router,Medium,Tech_A,104.0,200,Resolved,No,2.0,6
T5538,2030-01-20 16:00:00,CSE,Hardware,Desktop,Medium,Tech_A,43.0,160,Pending,Yes,4.0,3
T5539,2030-01-21 00:00:00,Mechanical,Printer,Printer,Low,Tech_B,74.0,204,Resolved,No,1.0,9
T5540,2030-01-21 08:00:00,CSE,Software,Laptop,Medium,Tech_A,83.0,255,Resolved,Yes,2.0,10
T5541,2030-01-21 16:00:00,Admin,Software,Desktop,Low,Tech_C,42.0,98,Resolved,No,1.0,1
T5542,2030-01-22 00:00:00,Accounts,Printer,Printer,Medium,Tech_D,43.0,180,Resolved,No,1.0,9
T5543,2030-01-22 08:00:00,CSE,Printer,Printer,Low,Tech_B,56.0,121,Escalated,No,1.0,3
T5544,2030-01-22 16:00:00,CSE,Printer,Printer,Medium,Tech_B,90.0,240,Resolved,Yes,1.0,9
T5545,2030-01-23 00:00:00,ENTC,Printer,Printer,High,Tech_C,7.0,165,Resolved,No,4.0,10
T5546,2030-01-23 08:00:00,Accounts,Security,Desktop,Medium,Tech_E,33.0,129,Escalated,No,5.0,1
T5547,2030-01-23 16:00:00,Mechanical,Hardware,Desktop,Medium,Tech_A,97.0,263,Resolved,Yes,5.0,8
T5548,2030-01-24 00:00:00,CSE,Software,Laptop,High,Tech_E,35.0,188,Pending,No,4.0,6
T5549,2030-01-24 08:00:00,ENTC,Login,Server,Medium,Tech_C,113.0,257,Escalated,Yes,5.0,9
T5550,2030-01-24 16:00:00,IT,Software,Desktop,Medium,Tech_E,70.0,145,Pending,No,2.0,4
T5551,2030-01-25 00:00:00,Accounts,Software,Server,Medium,Tech_C,103.0,186,Resolved,No,1.0,5
T5552,2030-01-25 08:00:00,ENTC,Network,Router,Medium,Tech_A,49.0,174,Resolved,No,1.0,6
T5553,2030-01-25 16:00:00,ENTC,Printer,Printer,Low,Tech_A,77.0,174,Resolved,No,1.0,9
T5554,2030-01-26 00:00:00,ENTC,Printer,Printer,Low,Tech_B,26.0,118,Resolved,No,3.0,6
T5555,2030-01-26 08:00:00,CSE,Printer,Printer,Low,Tech_E,87.0,168,Resolved,No,2.0,9
T5556,2030-01-26 16:00:00,CSE,Network,Router,Low,Tech_E,118.0,167,Resolved,No,3.0,2
T5557,2030-01-27 00:00:00,IT,Hardware,Desktop,Low,Tech_E,105.0,173,Resolved,No,4.0,4
T5558,2030-01-27 08:00:00,Admin,Hardware,Laptop,Low,Tech_E,14.0,98,Resolved,No,3.0,3
T5559,2030-01-27 16:00:00,Admin,Login,Server,Medium,Tech_D,114.0,186,Resolved,No,5.0,4
T5560,2030-01-28 00:00:00,Admin,Hardware,Desktop,Low,Tech_B,25.0,72,Resolved,No,5.0,1
T5561,2030-01-28 08:00:00,Accounts,Hardware,Desktop,Low,Tech_B,21.0,100,Pending,No,2.0,2
T5562,2030-01-28 16:00:00,Accounts,Printer,Printer,Medium,Tech_D,71.0,189,Resolved,Yes,3.0,4
T5563,2030-01-29 00:00:00,IT,Security,Server,High,Tech_E,11.0,224,Resolved,No,3.0,10
T5564,2030-01-29 08:00:00,Accounts,Software,Server,Medium,Tech_D,109.0,210,Resolved,No,1.0,4
T5565,2030-01-29 16:00:00,Admin,Hardware,Laptop,High,Tech_E,105.0,241,Resolved,No,2.0,5
T5566,2030-01-30 00:00:00,Admin,Hardware,Desktop,Low,Tech_D,40.0,183,Resolved,No,1.0,9
T5567,2030-01-30 08:00:00,ENTC,Network,Router,Medium,Tech_B,71.0,126,Resolved,No,2.0,1
T5568,2030-01-30 16:00:00,Accounts,Login,Laptop,Medium,Tech_D,81.0,224,Pending,No,2.0,8
T5569,2030-01-31 00:00:00,CSE,Security,Server,High,Tech_C,109.0,236,Resolved,No,3.0,3
T5570,2030-01-31 08:00:00,CSE,Network,Laptop,Medium,Tech_E,34.0,189,Resolved,No,1.0,9
T5571,2030-01-31 16:00:00,ENTC,Printer,Printer,Low,Tech_D,91.0,169,Pending,No,4.0,8
T5572,2030-02-01 00:00:00,ENTC,Software,Desktop,Low,Tech_E,75.0,173,Resolved,No,1.0,8
T5573,2030-02-01 08:00:00,ENTC,Login,Desktop,Medium,Tech_A,98.0,221,Resolved,No,4.0,9
T5574,2030-02-01 16:00:00,CSE,Network,Router,Medium,Tech_E,33.0,137,Escalated,No,5.0,4
T5575,2030-02-02 00:00:00,Admin,Hardware,Laptop,Medium,Tech_D,76.0,209,Resolved,Yes,2.0,5
T5576,2030-02-02 08:00:00,ENTC,Hardware,Laptop,High,Tech_E,78.0,246,Resolved,No,1.0,7
T5577,2030-02-02 16:00:00,IT,Login,Server,Medium,Tech_C,37.0,110,Pending,No,2.0,2
T5578,2030-02-03 00:00:00,ENTC,Hardware,Desktop,High,Tech_C,63.0,239,Resolved,No,1.0,7
T5579,2030-02-03 08:00:00,Mechanical,Network,Router,Medium,Tech_D,24.0,131,Resolved,No,5.0,3
T5580,2030-02-03 16:00:00,ENTC,Network,Server,Medium,Tech_D,97.0,216,Resolved,No,1.0,6
T5581,2030-02-04 00:00:00,CSE,Hardware,Desktop,High,Tech_E,33.0,210,Resolved,No,5.0,6
T5582,2030-02-04 08:00:00,Accounts,Hardware,Laptop,Medium,Tech_B,57.0,213,Resolved,Yes,2.0,6
T5583,2030-02-04 16:00:00,ENTC,Printer,Printer,Low,Tech_C,89.0,189,Resolved,No,3.0,10
T5584,2030-02-05 00:00:00,Accounts,Software,Server,Medium,Tech_C,5.0,73,Pending,No,4.0,2
T5585,2030-02-05 08:00:00,Mechanical,Login,Server,High,Tech_A,119.0,272,Pending,No,2.0,9
T5586,2030-02-05 16:00:00,IT,Network,Server,Low,Tech_A,38.0,169,Resolved,No,3.0,8
T5587,2030-02-06 00:00:00,Accounts,Login,Desktop,Medium,Tech_B,48.0,155,Resolved,No,2.0,7
T5588,2030-02-06 08:00:00,Admin,Printer,Printer,Low,Tech_C,100.0,183,Resolved,No,2.0,9
T5589,2030-02-06 16:00:00,ENTC,Network,Server,High,Tech_D,113.0,251,Pending,No,1.0,4
T5590,2030-02-07 00:00:00,Mechanical,Printer,Printer,Medium,Tech_C,18.0,136,Resolved,Yes,5.0,2
T5591,2030-02-07 08:00:00,Mechanical,Printer,Printer,Low,Tech_D,41.0,92,Resolved,No,5.0,4
T5592,2030-02-07 16:00:00,Accounts,Security,Server,Medium,Tech_D,39.0,255,Resolved,No,1.0,10
T5593,2030-02-08 00:00:00,IT,Hardware,Desktop,High,Tech_B,63.0,229,Resolved,Yes,1.0,3
T5594,2030-02-08 08:00:00,CSE,Security,Laptop,High,Tech_C,28.0,190,Resolved,No,,2
T5595,2030-02-08 16:00:00,ENTC,Login,Server,Medium,Tech_E,117.0,167,Resolved,No,5.0,2
T5596,2030-02-09 00:00:00,Mechanical,Login,Desktop,Low,Tech_C,69.0,167,Resolved,No,2.0,8
T5597,2030-02-09 08:00:00,IT,Hardware,Laptop,Medium,Tech_C,114.0,226,Resolved,No,3.0,5
T5598,2030-02-09 16:00:00,Admin,Security,Server,High,Tech_A,10.0,216,Escalated,Yes,3.0,6
T5599,2030-02-10 00:00:00,Mechanical,Login,Server,Medium,Tech_B,117.0,245,Resolved,No,1.0,8
T5600,2030-02-10 08:00:00,IT,Security,Laptop,High,Tech_E,72.0,257,Resolved,No,5.0,7
T5601,2030-02-10 16:00:00,CSE,Hardware,Laptop,High,Tech_E,42.0,213,Resolved,No,3.0,7
T5602,2030-02-11 00:00:00,CSE,Network,Router,Medium,Tech_E,5.0,133,Resolved,No,5.0,7
T5603,2030-02-11 08:00:00,Mechanical,Printer,Printer,Low,Tech_D,45.0,163,Resolved,Yes,5.0,7
T5604,2030-02-11 16:00:00,Mechanical,Printer,Printer,Medium,Tech_B,35.0,161,Resolved,No,4.0,8
T5605,2030-02-12 00:00:00,Accounts,Security,Laptop,High,Tech_A,40.0,167,Escalated,No,3.0,1
T5606,2030-02-12 08:00:00,ENTC,Login,Server,Medium,Tech_D,77.0,151,Resolved,No,3.0,3
T5607,2030-02-12 16:00:00,IT,Security,Desktop,High,Tech_E,109.0,237,Resolved,No,2.0,1
T5608,2030-02-13 00:00:00,Mechanical,Security,Server,High,Tech_D,58.0,251,Resolved,No,2.0,8
T5609,2030-02-13 08:00:00,ENTC,Software,Server,Medium,Tech_D,113.0,177,Resolved,No,5.0,2
T5610,2030-02-13 16:00:00,Accounts,Printer,Printer,Low,Tech_E,91.0,166,Resolved,No,1.0,7
T5611,2030-02-14 00:00:00,ENTC,Hardware,Desktop,Medium,Tech_E,35.0,168,Pending,No,2.0,6
T5612,2030-02-14 08:00:00,Mechanical,Security,Laptop,Medium,Tech_A,33.0,127,Resolved,No,2.0,1
T5613,2030-02-14 16:00:00,CSE,Software,Laptop,High,Tech_B,117.0,249,Pending,No,5.0,6
T5614,2030-02-15 00:00:00,IT,Software,Server,Medium,Tech_C,89.0,218,Resolved,Yes,3.0,9
T5615,2030-02-15 08:00:00,IT,Printer,Printer,Low,Tech_C,7.0,85,Pending,No,2.0,3
T5616,2030-02-15 16:00:00,CSE,Printer,Printer,Low,Tech_C,62.0,159,Pending,No,1.0,7
T5617,2030-02-16 00:00:00,Mechanical,Printer,Printer,Low,Tech_A,94.0,129,Resolved,No,5.0,4
T5618,2030-02-16 08:00:00,IT,Hardware,Desktop,Medium,Tech_D,65.0,130,Resolved,No,3.0,1
T5619,2030-02-16 16:00:00,Mechanical,Software,Laptop,Medium,Tech_E,10.0,155,Resolved,No,4.0,7
T5620,2030-02-17 00:00:00,Accounts,Login,Server,Medium,Tech_B,24.0,90,Resolved,No,1.0,1
T5621,2030-02-17 08:00:00,Mechanical,Hardware,Laptop,Medium,Tech_C,115.0,213,Resolved,No,3.0,4
T5622,2030-02-17 16:00:00,ENTC,Network,Router,Medium,Tech_B,65.0,235,Resolved,Yes,5.0,9
T5623,2030-02-18 00:00:00,CSE,Security,Laptop,High,Tech_B,50.0,207,Pending,No,4.0,5
T5624,2030-02-18 08:00:00,Mechanical,Printer,Printer,Low,Tech_E,17.0,145,Resolved,Yes,1.0,7
T5625,2030-02-18 16:00:00,Accounts,Software,Desktop,Low,Tech_A,109.0,195,Resolved,No,2.0,7
T5626,2030-02-19 00:00:00,Admin,Security,Laptop,High,Tech_E,27.0,212,Resolved,Yes,2.0,3
T5627,2030-02-19 08:00:00,CSE,Hardware,Laptop,High,Tech_A,83.0,257,Resolved,Yes,1.0,8
T5628,2030-02-19 16:00:00,IT,Network,Router,Medium,Tech_D,114.0,181,Escalated,No,2.0,1
T5629,2030-02-20 00:00:00,ENTC,Hardware,Laptop,High,Tech_B,35.0,192,Pending,No,5.0,4
T5630,2030-02-20 08:00:00,IT,Hardware,Laptop,High,Tech_C,8.0,220,Resolved,No,1.0,10
T5631,2030-02-20 16:00:00,Accounts,Login,Server,Low,Tech_B,79.0,147,Resolved,No,1.0,4
T5632,2030-02-21 00:00:00,Accounts,Security,Laptop,High,Tech_E,70.0,224,Resolved,No,2.0,2
T5633,2030-02-21 08:00:00,IT,Login,Desktop,Medium,Tech_A,20.0,138,Resolved,No,1.0,6
T5634,2030-02-21 16:00:00,CSE,Hardware,Laptop,High,Tech_D,119.0,205,Resolved,No,4.0,1
T5635,2030-02-22 00:00:00,IT,Network,Router,Medium,Tech_D,35.0,118,Resolved,No,1.0,3
T5636,2030-02-22 08:00:00,Mechanical,Software,Server,Medium,Tech_A,52.0,182,Escalated,No,2.0,9
T5637,2030-02-22 16:00:00,IT,Software,Laptop,Medium,Tech_A,107.0,237,Resolved,No,2.0,10
T5638,2030-02-23 00:00:00,ENTC,Security,Server,High,Tech_A,47.0,239,Resolved,No,2.0,6
T5639,2030-02-23 08:00:00,ENTC,Printer,Printer,Medium,Tech_D,112.0,166,Escalated,No,2.0,2
T5640,2030-02-23 16:00:00,Admin,Printer,Printer,Low,Tech_B,8.0,120,Resolved,No,5.0,9
T5641,2030-02-24 00:00:00,ENTC,Software,Laptop,Medium,Tech_B,66.0,145,Resolved,No,2.0,2
T5642,2030-02-24 08:00:00,IT,Hardware,Laptop,Low,Tech_D,52.0,158,Resolved,No,4.0,7
T5643,2030-02-24 16:00:00,ENTC,Hardware,Laptop,Medium,Tech_C,32.0,131,Resolved,No,1.0,1
T5644,2030-02-25 00:00:00,CSE,Login,Desktop,Medium,Tech_E,20.0,128,Resolved,No,3.0,5
T5645,2030-02-25 08:00:00,ENTC,Security,Laptop,Low,Tech_D,107.0,255,Resolved,Yes,3.0,7
T5646,2030-02-25 16:00:00,Mechanical,Login,Server,Medium,Tech_C,93.0,197,Resolved,Yes,5.0,3
T5647,2030-02-26 00:00:00,CSE,Printer,Printer,Low,Tech_E,81.0,156,Pending,Yes,3.0,4
T5648,2030-02-26 08:00:00,Admin,Software,Laptop,Low,Tech_B,73.0,121,Resolved,No,2.0,5
T5649,2030-02-26 16:00:00,Mechanical,Hardware,Desktop,Medium,Tech_A,34.0,160,Resolved,Yes,3.0,3
T5650,2030-02-27 00:00:00,IT,Software,Laptop,High,Tech_E,69.0,245,Resolved,Yes,4.0,6
T5651,2030-02-27 08:00:00,IT,Network,Router,Medium,Tech_A,73.0,180,Resolved,Yes,2.0,3
T5652,2030-02-27 16:00:00,IT,Software,Server,Medium,Tech_C,18.0,148,Resolved,No,3.0,8
T5653,2030-02-28 00:00:00,Mechanical,Network,Router,Low,Tech_D,,178,Resolved,No,2.0,7
T5654,2030-02-28 08:00:00,Mechanical,Login,Laptop,Low,Tech_D,38.0,116,Resolved,Yes,5.0,1
T5655,2030-02-28 16:00:00,Mechanical,Login,Server,Medium,Tech_A,60.0,133,Escalated,No,4.0,2
T5656,2030-03-01 00:00:00,CSE,Printer,Printer,Low,Tech_E,33.0,117,Resolved,No,1.0,4
T5657,2030-03-01 08:00:00,Accounts,Software,Server,Medium,Tech_E,86.0,184,Resolved,No,2.0,5
T5658,2030-03-01 16:00:00,CSE,Software,Desktop,Low,Tech_C,83.0,202,Pending,No,4.0,10
T5659,2030-03-02 00:00:00,IT,Network,Server,Medium,Tech_D,114.0,199,Resolved,No,5.0,4
T5660,2030-03-02 08:00:00,Accounts,Login,Laptop,Medium,Tech_A,29.0,104,Resolved,No,5.0,4
T5661,2030-03-02 16:00:00,ENTC,Network,Server,Medium,Tech_B,98.0,236,Escalated,No,4.0,9
T5662,2030-03-03 00:00:00,IT,Login,Desktop,Low,Tech_D,113.0,161,Resolved,No,3.0,4
T5663,2030-03-03 08:00:00,Admin,Network,Server,Low,Tech_D,70.0,151,Resolved,No,4.0,4
T5664,2030-03-03 16:00:00,CSE,Login,Server,Medium,Tech_C,119.0,194,Resolved,No,3.0,4
T5665,2030-03-04 00:00:00,Mechanical,Network,Server,Medium,Tech_D,44.0,134,Resolved,No,3.0,2
T5666,2030-03-04 08:00:00,CSE,Login,Desktop,Medium,Tech_C,95.0,222,Resolved,No,4.0,8
T5667,2030-03-04 16:00:00,Mechanical,Security,Server,Medium,Tech_C,117.0,226,Resolved,No,5.0,4
T5668,2030-03-05 00:00:00,Accounts,Network,Router,Medium,Tech_B,19.0,149,Resolved,No,1.0,5
T5669,2030-03-05 08:00:00,Admin,Software,Laptop,Low,Tech_E,36.0,159,Resolved,No,1.0,8
T5670,2030-03-05 16:00:00,Accounts,Printer,Printer,Low,Tech_D,24.0,82,Escalated,No,4.0,4
T5671,2030-03-06 00:00:00,Admin,Security,Server,Medium,Tech_C,57.0,188,Resolved,No,2.0,5
T5672,2030-03-06 08:00:00,CSE,Security,Server,High,Tech_C,82.0,237,Resolved,No,4.0,5
T5673,2030-03-06 16:00:00,Mechanical,Network,Router,Medium,Tech_E,95.0,189,Escalated,No,1.0,6
T5674,2030-03-07 00:00:00,Accounts,Printer,Printer,Low,Tech_E,71.0,173,Resolved,No,4.0,7
T5675,2030-03-07 08:00:00,Admin,Software,Laptop,Medium,Tech_C,53.0,175,Resolved,No,5.0,3
T5676,2030-03-07 16:00:00,IT,Security,Laptop,High,Tech_D,71.0,286,Resolved,No,1.0,10
T5677,2030-03-08 00:00:00,IT,Software,Laptop,Medium,Tech_D,81.0,154,Escalated,No,1.0,3
T5678,2030-03-08 08:00:00,Accounts,Login,Desktop,High,Tech_D,93.0,272,Pending,No,1.0,9
T5679,2030-03-08 16:00:00,Mechanical,Printer,Printer,Low,Tech_E,86.0,116,Escalated,No,5.0,1
T5680,2030-03-09 00:00:00,Accounts,Hardware,Laptop,Low,Tech_D,5.0,150,Resolved,No,1.0,10
T5681,2030-03-09 08:00:00,CSE,Login,Laptop,Medium,Tech_D,43.0,159,Resolved,No,2.0,8
T5682,2030-03-09 16:00:00,Admin,Printer,Printer,Low,Tech_D,65.0,184,Resolved,No,1.0,10
T5683,2030-03-10 00:00:00,CSE,Network,Router,Medium,Tech_E,59.0,156,Escalated,No,4.0,3
T5684,2030-03-10 08:00:00,IT,Network,Server,Low,Tech_A,73.0,168,Resolved,No,2.0,5
T5685,2030-03-10 16:00:00,Admin,Software,Laptop,Medium,Tech_A,6.0,135,Resolved,Yes,3.0,3
T5686,2030-03-11 00:00:00,Accounts,Security,Server,High,Tech_D,98.0,289,Resolved,No,1.0,10
T5687,2030-03-11 08:00:00,CSE,Hardware,Laptop,Medium,Tech_A,21.0,130,Resolved,Yes,3.0,1
T5688,2030-03-11 16:00:00,ENTC,Network,Laptop,High,Tech_D,33.0,219,Resolved,No,3.0,10
T5689,2030-03-12 00:00:00,Mechanical,Printer,Printer,Low,Tech_E,110.0,165,Resolved,No,5.0,5
T5690,2030-03-12 08:00:00,Mechanical,Security,Laptop,Medium,Tech_D,8.0,182,Resolved,No,4.0,8
T5691,2030-03-12 16:00:00,ENTC,Security,Laptop,High,Tech_B,77.0,237,Resolved,No,4.0,5
T5692,2030-03-13 00:00:00,IT,Printer,Printer,Low,Tech_C,68.0,118,Resolved,No,3.0,4
T5693,2030-03-13 08:00:00,Admin,Security,Server,High,Tech_E,89.0,296,Resolved,No,5.0,9
T5694,2030-03-13 16:00:00,Mechanical,Network,Router,Medium,Tech_B,47.0,122,Resolved,No,2.0,1
T5695,2030-03-14 00:00:00,ENTC,Printer,Printer,Low,Tech_B,80.0,132,Resolved,No,1.0,5
T5696,2030-03-14 08:00:00,Accounts,Printer,Printer,Low,Tech_C,16.0,65,Escalated,Yes,2.0,1
T5697,2030-03-14 16:00:00,ENTC,Software,Laptop,Medium,Tech_B,54.0,154,Resolved,No,1.0,6
T5698,2030-03-15 00:00:00,IT,Hardware,Laptop,Medium,Tech_C,72.0,247,Resolved,No,3.0,10
T5699,2030-03-15 08:00:00,IT,Software,Desktop,High,Tech_D,65.0,227,Resolved,No,5.0,9
T5700,2030-03-15 16:00:00,CSE,Hardware,Laptop,Medium,Tech_E,96.0,202,Resolved,No,5.0,2
T5701,2030-03-16 00:00:00,Mechanical,Printer,Printer,Medium,Tech_E,77.0,161,Resolved,No,4.0,4
T5702,2030-03-16 08:00:00,CSE,Security,Desktop,High,Tech_E,108.0,283,Pending,No,4.0,8
T5703,2030-03-16 16:00:00,ENTC,Hardware,Desktop,Low,Tech_C,55.0,126,Resolved,No,2.0,3
T5704,2030-03-17 00:00:00,Admin,Printer,Printer,Low,Tech_C,100.0,148,Pending,No,4.0,7
T5705,2030-03-17 08:00:00,Admin,Printer,Printer,Low,Tech_B,81.0,153,Escalated,No,1.0,7
T5706,2030-03-17 16:00:00,IT,Software,Laptop,High,Tech_E,102.0,223,Resolved,No,5.0,2
T5707,2030-03-18 00:00:00,Admin,Software,Server,Medium,Tech_B,87.0,245,Resolved,No,5.0,10
T5708,2030-03-18 08:00:00,Admin,Security,Server,High,Tech_D,82.0,282,Resolved,Yes,3.0,4
T5709,2030-03-18 16:00:00,Admin,Login,Laptop,High,Tech_B,9.0,123,Resolved,No,3.0,1
T5710,2030-03-19 00:00:00,ENTC,Network,Laptop,Medium,Tech_E,95.0,221,Resolved,No,2.0,8
T5711,2030-03-19 08:00:00,Admin,Login,Desktop,Medium,Tech_C,32.0,180,Resolved,No,3.0,10
T5712,2030-03-19 16:00:00,Accounts,Login,Server,Medium,Tech_B,94.0,232,Resolved,No,1.0,10
T5713,2030-03-20 00:00:00,Admin,Security,Desktop,High,Tech_B,14.0,231,Resolved,No,4.0,9
T5714,2030-03-20 08:00:00,Admin,Hardware,Desktop,Medium,Tech_C,92.0,159,Resolved,No,4.0,1
T5715,2030-03-20 16:00:00,CSE,Security,Desktop,High,Tech_C,85.0,266,Resolved,No,2.0,7
T5716,2030-03-21 00:00:00,ENTC,Security,Server,High,Tech_E,56.0,175,Resolved,No,4.0,1
T5717,2030-03-21 08:00:00,IT,Printer,Printer,Low,Tech_D,84.0,114,Pending,No,5.0,1
T5718,2030-03-21 16:00:00,CSE,Printer,Printer,Low,Tech_E,,121,Resolved,No,4.0,9
T5719,2030-03-22 00:00:00,Mechanical,Printer,Printer,Medium,Tech_B,69.0,209,Resolved,No,3.0,10
T5720,2030-03-22 08:00:00,ENTC,Network,Router,Medium,Tech_E,25.0,176,Resolved,No,5.0,10
T5721,2030-03-22 16:00:00,Accounts,Hardware,Desktop,Medium,Tech_E,58.0,186,Pending,No,3.0,6
T5722,2030-03-23 00:00:00,ENTC,Hardware,Laptop,Medium,Tech_C,115.0,189,Pending,No,3.0,1
T5723,2030-03-23 08:00:00,Mechanical,Printer,Printer,Medium,Tech_D,53.0,161,Pending,No,2.0,7
T5724,2030-03-23 16:00:00,Mechanical,Login,Desktop,Medium,Tech_D,111.0,208,Resolved,Yes,2.0,3
T5725,2030-03-24 00:00:00,Mechanical,Network,Server,High,Tech_E,26.0,230,Resolved,No,5.0,10
T5726,2030-03-24 08:00:00,IT,Login,Desktop,High,Tech_C,73.0,186,Resolved,No,4.0,4
T5727,2030-03-24 16:00:00,Admin,Software,Server,High,Tech_C,68.0,185,Resolved,No,1.0,4
T5728,2030-03-25 00:00:00,ENTC,Hardware,Laptop,Low,Tech_B,40.0,159,Escalated,No,4.0,8
T5729,2030-03-25 08:00:00,Admin,Hardware,Laptop,Medium,Tech_A,25.0,108,Resolved,No,5.0,1
T5730,2030-03-25 16:00:00,Admin,Login,Server,High,Tech_B,60.0,242,Resolved,No,1.0,8
T5731,2030-03-26 00:00:00,Accounts,Network,Router,High,Tech_B,77.0,246,Pending,No,3.0,9
T5732,2030-03-26 08:00:00,Mechanical,Hardware,Laptop,High,Tech_B,95.0,272,Resolved,No,3.0,7
T5733,2030-03-26 16:00:00,IT,Login,Desktop,Medium,Tech_A,52.0,115,Resolved,No,1.0,1
T5734,2030-03-27 00:00:00,Accounts,Security,Laptop,High,Tech_C,80.0,259,Resolved,No,3.0,7
T5735,2030-03-27 08:00:00,CSE,Security,Laptop,Medium,Tech_C,22.0,178,Resolved,No,4.0,6
T5736,2030-03-27 16:00:00,IT,Network,Router,High,Tech_D,103.0,240,Resolved,No,2.0,5
T5737,2030-03-28 00:00:00,Admin,Login,Desktop,Medium,Tech_D,19.0,103,Pending,No,4.0,5
T5738,2030-03-28 08:00:00,IT,Security,Laptop,Medium,Tech_E,118.0,227,Resolved,Yes,3.0,1
T5739,2030-03-28 16:00:00,Mechanical,Network,Router,Medium,Tech_E,48.0,170,Resolved,No,2.0,6
T5740,2030-03-29 00:00:00,CSE,Printer,Printer,Low,Tech_E,98.0,166,Resolved,Yes,4.0,4
T5741,2030-03-29 08:00:00,Mechanical,Network,Router,Medium,Tech_D,49.0,125,Resolved,Yes,3.0,1
T5742,2030-03-29 16:00:00,CSE,Software,Laptop,Low,Tech_D,101.0,189,Resolved,No,4.0,8
T5743,2030-03-30 00:00:00,Accounts,Printer,Printer,Low,Tech_B,40.0,156,Pending,No,3.0,8
T5744,2030-03-30 08:00:00,Admin,Login,Server,Low,Tech_C,44.0,116,Resolved,No,5.0,4
T5745,2030-03-30 16:00:00,CSE,Printer,Printer,Low,Tech_D,55.0,127,Resolved,No,1.0,7
T5746,2030-03-31 00:00:00,CSE,Printer,Printer,Medium,Tech_A,34.0,123,Resolved,No,3.0,3
T5747,2030-03-31 08:00:00,CSE,Login,Desktop,Medium,Tech_B,30.0,171,Resolved,Yes,4.0,8
T5748,2030-03-31 16:00:00,IT,Login,Server,Medium,Tech_A,89.0,198,Resolved,No,3.0,7
T5749,2030-04-01 00:00:00,Accounts,Security,Server,High,Tech_A,105.0,292,Resolved,Yes,3.0,5
T5750,2030-04-01 08:00:00,IT,Software,Desktop,Medium,Tech_C,111.0,194,Resolved,No,4.0,5
T5751,2030-04-01 16:00:00,Admin,Login,Laptop,Medium,Tech_A,35.0,210,Resolved,Yes,4.0,9
T5752,2030-04-02 00:00:00,CSE,Hardware,Laptop,High,Tech_A,60.0,233,Resolved,No,2.0,6
T5753,2030-04-02 08:00:00,Accounts,Hardware,Desktop,Medium,Tech_A,65.0,183,Pending,No,3.0,6
T5754,2030-04-02 16:00:00,Accounts,Software,Laptop,Medium,Tech_A,21.0,100,Resolved,No,5.0,2
T5755,2030-04-03 00:00:00,ENTC,Network,Server,Medium,Tech_B,85.0,178,Resolved,No,1.0,5
T5756,2030-04-03 08:00:00,Admin,Network,Router,High,Tech_B,102.0,221,Resolved,No,3.0,4
T5757,2030-04-03 16:00:00,Accounts,Hardware,Desktop,Low,Tech_C,28.0,184,Resolved,No,4.0,10
T5758,2030-04-04 00:00:00,CSE,Login,Laptop,Medium,Tech_C,101.0,168,Resolved,No,2.0,3
T5759,2030-04-04 08:00:00,CSE,Software,Laptop,High,Tech_A,8.0,204,Pending,No,3.0,9
T5760,2030-04-04 16:00:00,Accounts,Network,Router,High,Tech_E,13.0,169,Pending,No,,7
T5761,2030-04-05 00:00:00,IT,Network,Router,Medium,Tech_A,6.0,124,Resolved,No,4.0,4
T5762,2030-04-05 08:00:00,Admin,Printer,Printer,Low,Tech_A,39.0,155,Resolved,No,5.0,9
T5763,2030-04-05 16:00:00,CSE,Hardware,Desktop,Medium,Tech_C,42.0,204,Resolved,No,5.0,9
T5764,2030-04-06 00:00:00,Accounts,Login,Laptop,Medium,Tech_D,49.0,173,Resolved,Yes,1.0,7
T5765,2030-04-06 08:00:00,CSE,Software,Laptop,High,Tech_C,19.0,177,Resolved,Yes,1.0,5
T5766,2030-04-06 16:00:00,Accounts,Network,Router,Medium,Tech_B,111.0,255,Escalated,No,3.0,9
T5767,2030-04-07 00:00:00,Admin,Printer,Printer,Low,Tech_C,46.0,126,Resolved,No,1.0,7
T5768,2030-04-07 08:00:00,Accounts,Hardware,Laptop,High,Tech_D,7.0,202,Resolved,No,3.0,9
T5769,2030-04-07 16:00:00,ENTC,Hardware,Laptop,Medium,Tech_A,35.0,139,Resolved,No,3.0,3
T5770,2030-04-08 00:00:00,Accounts,Software,Server,Medium,Tech_D,56.0,190,Resolved,No,4.0,9
T5771,2030-04-08 08:00:00,Accounts,Network,Router,Medium,Tech_C,45.0,137,Resolved,No,4.0,1
T5772,2030-04-08 16:00:00,Admin,Software,Desktop,High,Tech_E,61.0,175,Pending,No,2.0,5
T5773,2030-04-09 00:00:00,Accounts,Software,Server,High,Tech_B,46.0,164,Resolved,No,1.0,2
T5774,2030-04-09 08:00:00,Admin,Security,Server,High,Tech_D,57.0,209,Resolved,No,2.0,1
T5775,2030-04-09 16:00:00,ENTC,Printer,Printer,Medium,Tech_C,60.0,143,Escalated,No,5.0,3
T5776,2030-04-10 00:00:00,Admin,Hardware,Laptop,High,Tech_A,91.0,284,Pending,No,3.0,7
T5777,2030-04-10 08:00:00,CSE,Security,Laptop,High,Tech_C,80.0,222,Pending,No,3.0,3
T5778,2030-04-10 16:00:00,Admin,Login,Server,Medium,Tech_A,76.0,223,Resolved,No,4.0,10
T5779,2030-04-11 00:00:00,ENTC,Hardware,Laptop,Medium,Tech_E,57.0,222,Escalated,No,5.0,10
T5780,2030-04-11 08:00:00,Mechanical,Hardware,Laptop,Medium,Tech_B,89.0,232,Pending,No,3.0,9
T5781,2030-04-11 16:00:00,Accounts,Printer,Printer,Low,Tech_D,89.0,102,Pending,No,3.0,3
T5782,2030-04-12 00:00:00,Admin,Login,Desktop,Medium,Tech_C,36.0,140,Escalated,No,5.0,6
T5783,2030-04-12 08:00:00,Accounts,Network,Router,Medium,Tech_C,85.0,200,Escalated,Yes,5.0,2
T5784,2030-04-12 16:00:00,IT,Login,Server,Medium,Tech_D,58.0,160,Resolved,No,3.0,8
T5785,2030-04-13 00:00:00,CSE,Network,Server,Medium,Tech_A,41.0,226,Resolved,No,5.0,10
T5786,2030-04-13 08:00:00,CSE,Login,Desktop,High,Tech_B,92.0,219,Resolved,No,1.0,5
T5787,2030-04-13 16:00:00,IT,Software,Laptop,High,Tech_E,12.0,119,Resolved,No,5.0,2
T5788,2030-04-14 00:00:00,IT,Login,Laptop,Medium,Tech_D,86.0,195,Resolved,No,2.0,7
T5789,2030-04-14 08:00:00,Admin,Security,Server,High,Tech_B,15.0,186,Resolved,No,2.0,3
T5790,2030-04-14 16:00:00,IT,Security,Server,High,Tech_C,58.0,248,Resolved,Yes,3.0,5
T5791,2030-04-15 00:00:00,Mechanical,Printer,Printer,Low,Tech_B,64.0,157,Resolved,No,3.0,9
T5792,2030-04-15 08:00:00,Accounts,Network,Router,Low,Tech_E,14.0,98,Resolved,No,4.0,1
T5793,2030-04-15 16:00:00,Accounts,Hardware,Laptop,High,Tech_B,94.0,209,Resolved,No,5.0,2
T5794,2030-04-16 00:00:00,ENTC,Printer,Printer,Low,Tech_C,115.0,165,Resolved,No,2.0,5
T5795,2030-04-16 08:00:00,IT,Security,Server,High,Tech_E,74.0,272,Escalated,Yes,4.0,4
T5796,2030-04-16 16:00:00,IT,Security,Server,High,Tech_E,119.0,262,Resolved,Yes,3.0,1
T5797,2030-04-17 00:00:00,Mechanical,Network,Router,Medium,Tech_E,85.0,241,Resolved,Yes,1.0,7
T5798,2030-04-17 08:00:00,CSE,Security,Laptop,High,Tech_C,91.0,284,Resolved,No,5.0,9
T5799,2030-04-17 16:00:00,CSE,Security,Desktop,High,Tech_A,46.0,175,Resolved,No,4.0,1
T5800,2030-04-18 00:00:00,Accounts,Network,Router,High,Tech_C,41.0,222,Pending,No,1.0,8
T5801,2030-04-18 08:00:00,Accounts,Security,Server,High,Tech_A,96.0,281,Resolved,No,3.0,9
T5802,2030-04-18 16:00:00,Admin,Hardware,Laptop,Low,Tech_A,84.0,151,Resolved,No,2.0,2
T5803,2030-04-19 00:00:00,Mechanical,Software,Server,Medium,Tech_C,80.0,128,Pending,No,4.0,1
T5804,2030-04-19 08:00:00,ENTC,Printer,Printer,Low,Tech_B,62.0,140,Escalated,No,4.0,6
T5805,2030-04-19 16:00:00,ENTC,Hardware,Laptop,Low,Tech_C,89.0,210,Resolved,No,3.0,7
T5806,2030-04-20 00:00:00,Mechanical,Hardware,Laptop,High,Tech_E,63.0,166,Resolved,No,3.0,2
T5807,2030-04-20 08:00:00,ENTC,Software,Laptop,Medium,Tech_B,28.0,131,Resolved,No,2.0,5
T5808,2030-04-20 16:00:00,CSE,Printer,Printer,Low,Tech_D,32.0,80,Resolved,No,2.0,5
T5809,2030-04-21 00:00:00,ENTC,Hardware,Desktop,Low,Tech_D,41.0,155,Pending,No,2.0,7
T5810,2030-04-21 08:00:00,ENTC,Security,Laptop,High,Tech_D,25.0,172,Escalated,No,1.0,1
T5811,2030-04-21 16:00:00,Mechanical,Software,Desktop,High,Tech_E,37.0,219,Resolved,No,1.0,10
T5812,2030-04-22 00:00:00,Mechanical,Printer,Printer,Low,Tech_E,6.0,86,Pending,No,3.0,8
T5813,2030-04-22 08:00:00,ENTC,Login,Laptop,Medium,Tech_A,105.0,200,Resolved,No,4.0,5
T5814,2030-04-22 16:00:00,IT,Network,Router,Medium,Tech_E,87.0,180,Resolved,Yes,1.0,3
T5815,2030-04-23 00:00:00,Mechanical,Security,Laptop,Medium,Tech_A,32.0,220,Resolved,No,3.0,9
T5816,2030-04-23 08:00:00,Admin,Software,Laptop,Medium,Tech_D,19.0,102,Pending,No,1.0,3
T5817,2030-04-23 16:00:00,Admin,Network,Server,Medium,Tech_C,5.0,136,Pending,No,2.0,7
T5818,2030-04-24 00:00:00,CSE,Login,Server,Low,Tech_C,111.0,213,Resolved,No,3.0,10
T5819,2030-04-24 08:00:00,ENTC,Hardware,Laptop,Low,Tech_E,32.0,165,Resolved,No,2.0,7
T5820,2030-04-24 16:00:00,IT,Hardware,Laptop,High,Tech_D,54.0,304,Resolved,Yes,5.0,10
T5821,2030-04-25 00:00:00,CSE,Printer,Printer,High,Tech_D,39.0,191,Pending,No,4.0,8
T5822,2030-04-25 08:00:00,ENTC,Software,Server,Low,Tech_A,100.0,194,Resolved,No,2.0,10
T5823,2030-04-25 16:00:00,Mechanical,Software,Laptop,Medium,Tech_A,32.0,170,Resolved,No,4.0,8
T5824,2030-04-26 00:00:00,Admin,Printer,Printer,Low,Tech_D,13.0,65,Resolved,No,3.0,4
T5825,2030-04-26 08:00:00,Accounts,Network,Router,High,Tech_E,28.0,154,Resolved,No,5.0,1
T5826,2030-04-26 16:00:00,IT,Hardware,Desktop,Medium,Tech_E,67.0,182,Resolved,No,4.0,4
T5827,2030-04-27 00:00:00,Accounts,Hardware,Laptop,Medium,Tech_D,8.0,166,Pending,No,1.0,6
T5828,2030-04-27 08:00:00,Admin,Software,Desktop,Medium,Tech_C,60.0,218,Resolved,No,3.0,10
T5829,2030-04-27 16:00:00,Accounts,Software,Laptop,Medium,Tech_C,113.0,210,Resolved,No,5.0,6
T5830,2030-04-28 00:00:00,Mechanical,Printer,Printer,Low,Tech_A,45.0,123,Resolved,No,1.0,6
T5831,2030-04-28 08:00:00,ENTC,Login,Server,Low,Tech_D,71.0,146,Resolved,No,1.0,7
T5832,2030-04-28 16:00:00,Mechanical,Network,Router,Low,Tech_C,52.0,92,Resolved,No,5.0,1
T5833,2030-04-29 00:00:00,Accounts,Security,Desktop,High,Tech_E,90.0,297,Resolved,No,2.0,10
T5834,2030-04-29 08:00:00,Mechanical,Login,Server,High,Tech_B,108.0,177,Resolved,No,5.0,1
T5835,2030-04-29 16:00:00,Admin,Login,Laptop,Medium,Tech_B,62.0,196,Resolved,Yes,5.0,7
T5836,2030-04-30 00:00:00,IT,Software,Laptop,Low,Tech_D,43.0,108,Resolved,No,5.0,4
T5837,2030-04-30 08:00:00,Mechanical,Software,Laptop,High,Tech_A,117.0,279,Resolved,Yes,4.0,6
T5838,2030-04-30 16:00:00,Admin,Software,Laptop,Low,Tech_B,29.0,120,Resolved,No,2.0,6
T5839,2030-05-01 00:00:00,IT,Login,Laptop,Low,Tech_E,64.0,181,Resolved,No,3.0,9
T5840,2030-05-01 08:00:00,ENTC,Network,Router,High,Tech_E,116.0,216,Resolved,No,1.0,2
T5841,2030-05-01 16:00:00,Accounts,Software,Server,Medium,Tech_E,90.0,159,Resolved,No,4.0,4
T5842,2030-05-02 00:00:00,ENTC,Hardware,Desktop,Medium,Tech_B,118.0,246,Resolved,Yes,2.0,4
T5843,2030-05-02 08:00:00,CSE,Network,Laptop,Medium,Tech_C,116.0,229,Resolved,No,5.0,7
T5844,2030-05-02 16:00:00,Admin,Hardware,Desktop,Medium,Tech_E,51.0,159,Resolved,Yes,4.0,1
T5845,2030-05-03 00:00:00,IT,Network,Server,Low,Tech_A,102.0,171,Resolved,No,4.0,5
T5846,2030-05-03 08:00:00,Mechanical,Software,Laptop,Medium,Tech_D,65.0,155,Resolved,No,1.0,4
T5847,2030-05-03 16:00:00,ENTC,Security,Laptop,High,Tech_D,88.0,221,Resolved,No,3.0,2
T5848,2030-05-04 00:00:00,IT,Printer,Printer,Medium,Tech_D,104.0,189,Resolved,No,2.0,5
T5849,2030-05-04 08:00:00,Admin,Software,Desktop,High,Tech_C,105.0,274,Resolved,No,2.0,9
T5850,2030-05-04 16:00:00,CSE,Login,Desktop,Medium,Tech_D,107.0,238,Resolved,Yes,2.0,8
T5851,2030-05-05 00:00:00,ENTC,Security,Desktop,High,Tech_D,31.0,268,Pending,No,5.0,9
T5852,2030-05-05 08:00:00,Accounts,Login,Server,Low,Tech_B,115.0,182,Resolved,No,5.0,7
T5853,2030-05-05 16:00:00,IT,Network,Laptop,Low,Tech_C,117.0,233,Resolved,No,4.0,10
T5854,2030-05-06 00:00:00,Accounts,Login,Desktop,Medium,Tech_C,100.0,209,Resolved,Yes,3.0,7
T5855,2030-05-06 08:00:00,IT,Security,Server,High,Tech_B,46.0,191,Resolved,No,1.0,2
T5856,2030-05-06 16:00:00,IT,Security,Server,High,Tech_A,56.0,207,Pending,No,1.0,3
T5857,2030-05-07 00:00:00,Admin,Software,Server,Medium,Tech_D,97.0,232,Resolved,No,3.0,10
T5858,2030-05-07 08:00:00,Admin,Hardware,Desktop,High,Tech_A,109.0,290,Resolved,No,2.0,8
T5859,2030-05-07 16:00:00,Admin,Software,Desktop,Medium,Tech_B,52.0,147,Resolved,No,3.0,2
T5860,2030-05-08 00:00:00,Mechanical,Network,Router,Medium,Tech_B,36.0,208,Escalated,Yes,1.0,7
T5861,2030-05-08 08:00:00,IT,Login,Desktop,Low,Tech_B,28.0,114,Resolved,No,5.0,6
T5862,2030-05-08 16:00:00,ENTC,Hardware,Laptop,Medium,Tech_B,7.0,213,Resolved,Yes,3.0,10
T5863,2030-05-09 00:00:00,Accounts,Printer,Printer,Medium,Tech_E,31.0,138,Resolved,No,4.0,4
T5864,2030-05-09 08:00:00,Admin,Security,Server,Medium,Tech_B,77.0,187,Resolved,No,5.0,4
T5865,2030-05-09 16:00:00,Admin,Hardware,Laptop,Medium,Tech_A,44.0,159,Resolved,No,4.0,3
T5866,2030-05-10 00:00:00,Accounts,Hardware,Laptop,High,Tech_B,27.0,189,Resolved,No,4.0,6
T5867,2030-05-10 08:00:00,Accounts,Software,Laptop,Medium,Tech_A,11.0,119,Pending,No,3.0,3
T5868,2030-05-10 16:00:00,IT,Printer,Printer,Low,Tech_B,85.0,178,Resolved,No,4.0,9
T5869,2030-05-11 00:00:00,Admin,Security,Server,Medium,Tech_B,41.0,186,Resolved,Yes,2.0,4
T5870,2030-05-11 08:00:00,Accounts,Network,Router,Medium,Tech_E,11.0,116,Pending,No,3.0,4
T5871,2030-05-11 16:00:00,Mechanical,Network,Router,Medium,Tech_B,98.0,166,Pending,No,1.0,2
T5872,2030-05-12 00:00:00,Mechanical,Hardware,Laptop,Low,Tech_D,81.0,155,Resolved,No,2.0,2
T5873,2030-05-12 08:00:00,Admin,Hardware,Laptop,Medium,Tech_E,86.0,234,Resolved,No,5.0,7
T5874,2030-05-12 16:00:00,Accounts,Login,Laptop,Low,Tech_E,99.0,154,Pending,No,3.0,5
T5875,2030-05-13 00:00:00,IT,Printer,Printer,Medium,Tech_D,26.0,96,Resolved,No,1.0,3
T5876,2030-05-13 08:00:00,IT,Security,Desktop,High,Tech_E,82.0,280,Resolved,No,1.0,6
T5877,2030-05-13 16:00:00,IT,Hardware,Laptop,Medium,Tech_B,86.0,218,Resolved,No,3.0,6
T5878,2030-05-14 00:00:00,CSE,Login,Desktop,Medium,Tech_D,103.0,142,Resolved,No,2.0,1
T5879,2030-05-14 08:00:00,Admin,Printer,Printer,Low,Tech_B,21.0,82,Pending,No,1.0,3
T5880,2030-05-14 16:00:00,IT,Security,Server,Medium,Tech_E,23.0,162,Resolved,No,3.0,5
T5881,2030-05-15 00:00:00,Mechanical,Network,Router,High,Tech_C,99.0,237,Resolved,No,3.0,7
T5882,2030-05-15 08:00:00,Accounts,Login,Desktop,Low,Tech_D,43.0,105,Resolved,No,4.0,4
T5883,2030-05-15 16:00:00,ENTC,Printer,Printer,Low,Tech_A,40.0,121,Resolved,No,3.0,8
T5884,2030-05-16 00:00:00,ENTC,Login,Desktop,Medium,Tech_E,19.0,100,Pending,No,1.0,3
T5885,2030-05-16 08:00:00,IT,Hardware,Desktop,Medium,Tech_C,67.0,190,Resolved,No,4.0,6
T5886,2030-05-16 16:00:00,ENTC,Software,Laptop,Medium,Tech_E,33.0,142,Resolved,No,1.0,6
T5887,2030-05-17 00:00:00,ENTC,Network,Server,Medium,Tech_B,64.0,220,Resolved,No,2.0,9
T5888,2030-05-17 08:00:00,CSE,Hardware,Laptop,High,Tech_B,60.0,211,Resolved,No,2.0,4
T5889,2030-05-17 16:00:00,Mechanical,Hardware,Desktop,Medium,Tech_B,44.0,178,Resolved,No,1.0,7
T5890,2030-05-18 00:00:00,Mechanical,Printer,Printer,Low,Tech_C,20.0,169,Pending,Yes,5.0,10
T5891,2030-05-18 08:00:00,CSE,Login,Desktop,Medium,Tech_B,37.0,117,Resolved,No,5.0,1
T5892,2030-05-18 16:00:00,CSE,Network,Server,Medium,Tech_E,93.0,174,Resolved,Yes,5.0,1
T5893,2030-05-19 00:00:00,ENTC,Hardware,Laptop,Medium,Tech_E,20.0,107,Resolved,No,1.0,2
T5894,2030-05-19 08:00:00,Admin,Printer,Printer,Low,Tech_E,34.0,83,Resolved,No,3.0,4
T5895,2030-05-19 16:00:00,Accounts,Network,Laptop,Medium,Tech_D,102.0,240,Resolved,Yes,4.0,6
T5896,2030-05-20 00:00:00,Accounts,Login,Desktop,Medium,Tech_E,70.0,171,Resolved,No,3.0,4
T5897,2030-05-20 08:00:00,ENTC,Hardware,Laptop,Low,Tech_B,108.0,210,Resolved,No,1.0,6
T5898,2030-05-20 16:00:00,Accounts,Security,Laptop,Low,Tech_D,48.0,149,Escalated,No,3.0,2
T5899,2030-05-21 00:00:00,CSE,Hardware,Laptop,Medium,Tech_D,111.0,228,Resolved,No,2.0,9
T5900,2030-05-21 08:00:00,Mechanical,Hardware,Desktop,Low,Tech_D,42.0,113,Resolved,No,4.0,3
T5901,2030-05-21 16:00:00,Accounts,Network,Server,Medium,Tech_D,55.0,196,Resolved,Yes,1.0,7
T5902,2030-05-22 00:00:00,ENTC,Network,Router,Medium,Tech_C,64.0,144,Resolved,No,4.0,1
T5903,2030-05-22 08:00:00,Admin,Network,Router,Medium,Tech_E,22.0,166,Pending,No,5.0,8
T5904,2030-05-22 16:00:00,ENTC,Network,Router,Medium,Tech_C,9.0,87,Escalated,No,5.0,4
T5905,2030-05-23 00:00:00,IT,Printer,Printer,Low,Tech_A,115.0,175,Resolved,No,2.0,5
T5906,2030-05-23 08:00:00,ENTC,Software,Laptop,Medium,Tech_C,44.0,180,Escalated,No,1.0,7
T5907,2030-05-23 16:00:00,CSE,Printer,Printer,Low,Tech_D,10.0,94,Resolved,No,5.0,3
T5908,2030-05-24 00:00:00,Mechanical,Hardware,Laptop,Medium,Tech_E,80.0,233,Resolved,No,4.0,9
T5909,2030-05-24 08:00:00,Mechanical,Printer,Printer,Low,Tech_E,119.0,213,Resolved,No,4.0,9
T5910,2030-05-24 16:00:00,Accounts,Login,Desktop,Low,Tech_B,16.0,110,Pending,No,2.0,8
T5911,2030-05-25 00:00:00,CSE,Security,Laptop,High,Tech_C,16.0,141,Resolved,No,5.0,1
T5912,2030-05-25 08:00:00,IT,Network,Laptop,Medium,Tech_E,77.0,196,Pending,Yes,3.0,2
T5913,2030-05-25 16:00:00,CSE,Login,Server,Medium,Tech_A,110.0,172,Resolved,No,5.0,2
T5914,2030-05-26 00:00:00,ENTC,Security,Desktop,High,Tech_A,26.0,201,Resolved,No,2.0,3
T5915,2030-05-26 08:00:00,CSE,Login,Laptop,Low,Tech_C,53.0,120,Resolved,Yes,5.0,2
T5916,2030-05-26 16:00:00,CSE,Hardware,Laptop,Medium,Tech_B,54.0,168,Resolved,No,1.0,1
T5917,2030-05-27 00:00:00,IT,Network,Server,Medium,Tech_A,84.0,192,Resolved,No,2.0,5
T5918,2030-05-27 08:00:00,ENTC,Login,Server,Low,Tech_B,8.0,91,Pending,No,3.0,6
T5919,2030-05-27 16:00:00,Admin,Hardware,Desktop,Low,Tech_C,54.0,165,Resolved,No,4.0,7
T5920,2030-05-28 00:00:00,Admin,Network,Router,High,Tech_E,7.0,191,Resolved,No,5.0,10
T5921,2030-05-28 08:00:00,Mechanical,Software,Laptop,Medium,Tech_B,20.0,137,Resolved,No,4.0,7
T5922,2030-05-28 16:00:00,Accounts,Hardware,Laptop,High,Tech_A,18.0,152,Pending,No,2.0,2
T5923,2030-05-29 00:00:00,CSE,Printer,Printer,Low,Tech_B,68.0,168,Resolved,No,4.0,7
T5924,2030-05-29 08:00:00,Mechanical,Network,Router,Medium,Tech_E,45.0,156,Escalated,Yes,1.0,2
T5925,2030-05-29 16:00:00,IT,Login,Desktop,Medium,Tech_E,106.0,176,Escalated,No,2.0,2
T5926,2030-05-30 00:00:00,Admin,Security,Laptop,High,Tech_A,72.0,247,Resolved,No,2.0,6
T5927,2030-05-30 08:00:00,CSE,Login,Desktop,High,Tech_B,63.0,189,Resolved,No,5.0,6
T5928,2030-05-30 16:00:00,IT,Printer,Printer,Medium,Tech_B,,143,Resolved,No,2.0,8
T5929,2030-05-31 00:00:00,Accounts,Printer,Printer,Low,Tech_D,14.0,80,Resolved,No,1.0,5
T5930,2030-05-31 08:00:00,IT,Login,Desktop,Low,Tech_A,79.0,139,Resolved,No,5.0,5
T5931,2030-05-31 16:00:00,CSE,Security,Server,Medium,Tech_B,107.0,300,Resolved,No,1.0,10
T5932,2030-06-01 00:00:00,Accounts,Network,Laptop,Medium,Tech_C,94.0,167,Escalated,No,3.0,1
T5933,2030-06-01 08:00:00,IT,Hardware,Desktop,High,Tech_D,105.0,255,Resolved,Yes,5.0,4
T5934,2030-06-01 16:00:00,Accounts,Printer,Printer,Medium,Tech_A,30.0,100,Resolved,No,2.0,1
T5935,2030-06-02 00:00:00,CSE,Printer,Printer,Medium,Tech_E,8.0,145,Resolved,No,2.0,10
T5936,2030-06-02 08:00:00,CSE,Printer,Printer,Low,Tech_A,94.0,129,Resolved,No,2.0,5
T5937,2030-06-02 16:00:00,Accounts,Security,Server,High,Tech_C,106.0,305,Pending,No,3.0,8
T5938,2030-06-03 00:00:00,ENTC,Software,Desktop,High,Tech_C,32.0,142,Resolved,No,1.0,1
T5939,2030-06-03 08:00:00,Mechanical,Security,Server,High,Tech_E,6.0,169,Resolved,No,2.0,3
T5940,2030-06-03 16:00:00,IT,Network,Server,Medium,Tech_E,70.0,147,Resolved,Yes,4.0,1
T5941,2030-06-04 00:00:00,IT,Network,Server,Medium,Tech_E,20.0,145,Resolved,No,2.0,6
T5942,2030-06-04 08:00:00,ENTC,Network,Server,Medium,Tech_D,61.0,218,Resolved,No,5.0,10
T5943,2030-06-04 16:00:00,ENTC,Network,Router,High,Tech_C,27.0,130,Resolved,No,5.0,1
T5944,2030-06-05 00:00:00,ENTC,Network,Router,Medium,Tech_E,27.0,191,Resolved,No,4.0,10
T5945,2030-06-05 08:00:00,Admin,Login,Server,Low,Tech_C,81.0,146,Resolved,No,3.0,3
T5946,2030-06-05 16:00:00,Admin,Printer,Printer,Low,Tech_D,25.0,101,Escalated,No,5.0,5
T5947,2030-06-06 00:00:00,Accounts,Security,Laptop,Medium,Tech_D,107.0,237,Resolved,No,3.0,5
T5948,2030-06-06 08:00:00,Admin,Login,Desktop,Medium,Tech_C,29.0,99,Resolved,No,3.0,2
T5949,2030-06-06 16:00:00,CSE,Security,Desktop,Medium,Tech_E,62.0,166,Escalated,No,4.0,3
T5950,2030-06-07 00:00:00,Accounts,Software,Desktop,High,Tech_A,41.0,210,Pending,No,5.0,9
T5951,2030-06-07 08:00:00,IT,Hardware,Desktop,High,Tech_B,53.0,186,Resolved,No,2.0,1
T5952,2030-06-07 16:00:00,Mechanical,Printer,Printer,Low,Tech_C,81.0,104,Resolved,No,3.0,1
T5953,2030-06-08 00:00:00,CSE,Software,Desktop,Low,Tech_D,19.0,75,Escalated,No,3.0,2
T5954,2030-06-08 08:00:00,IT,Login,Desktop,Medium,Tech_E,32.0,155,Resolved,No,5.0,8
T5955,2030-06-08 16:00:00,IT,Hardware,Laptop,Medium,Tech_B,71.0,182,Resolved,No,5.0,6
T5956,2030-06-09 00:00:00,Accounts,Software,Laptop,Medium,Tech_C,91.0,191,Resolved,No,4.0,4
T5957,2030-06-09 08:00:00,ENTC,Security,Server,Medium,Tech_A,8.0,172,Resolved,No,1.0,7
T5958,2030-06-09 16:00:00,ENTC,Hardware,Laptop,Medium,Tech_A,51.0,176,Resolved,No,1.0,6
T5959,2030-06-10 00:00:00,CSE,Security,Desktop,High,Tech_D,54.0,262,Resolved,No,1.0,9
T5960,2030-06-10 08:00:00,ENTC,Software,Desktop,Medium,Tech_D,64.0,166,Pending,No,3.0,6
T5961,2030-06-10 16:00:00,IT,Login,Desktop,Medium,Tech_D,66.0,136,Resolved,No,4.0,2
T5962,2030-06-11 00:00:00,ENTC,Security,Server,High,Tech_C,71.0,212,Resolved,No,1.0,3
T5963,2030-06-11 08:00:00,Admin,Hardware,Desktop,Low,Tech_A,107.0,228,Resolved,No,5.0,9
T5964,2030-06-11 16:00:00,ENTC,Software,Laptop,Medium,Tech_A,76.0,189,Resolved,No,3.0,7
T5965,2030-06-12 00:00:00,IT,Security,Server,Medium,Tech_D,47.0,217,Resolved,No,3.0,6
T5966,2030-06-12 08:00:00,Accounts,Login,Server,Medium,Tech_D,93.0,203,Resolved,No,5.0,5
T5967,2030-06-12 16:00:00,CSE,Printer,Printer,Low,Tech_E,62.0,143,Resolved,Yes,4.0,3
T5968,2030-06-13 00:00:00,Mechanical,Login,Server,Medium,Tech_A,109.0,182,Resolved,No,4.0,4
T5969,2030-06-13 08:00:00,ENTC,Login,Laptop,High,Tech_D,56.0,161,Pending,No,1.0,1
T5970,2030-06-13 16:00:00,IT,Printer,Printer,Low,Tech_D,80.0,149,Resolved,No,5.0,5
T5971,2030-06-14 00:00:00,Mechanical,Login,Server,Medium,Tech_D,73.0,177,Resolved,No,2.0,7
T5972,2030-06-14 08:00:00,Mechanical,Printer,Printer,Low,Tech_E,101.0,109,Escalated,No,4.0,2
T5973,2030-06-14 16:00:00,Admin,Printer,Printer,Low,Tech_A,50.0,122,Resolved,No,1.0,8
T5974,2030-06-15 00:00:00,Mechanical,Security,Laptop,Medium,Tech_A,29.0,215,Resolved,No,3.0,10
T5975,2030-06-15 08:00:00,Accounts,Security,Server,High,Tech_A,29.0,210,Resolved,No,4.0,6
T5976,2030-06-15 16:00:00,IT,Printer,Printer,Low,Tech_E,39.0,148,Resolved,No,2.0,10
T5977,2030-06-16 00:00:00,IT,Software,Server,High,Tech_C,65.0,171,Resolved,No,3.0,3
T5978,2030-06-16 08:00:00,ENTC,Hardware,Laptop,Low,Tech_E,19.0,87,Resolved,No,3.0,2
T5979,2030-06-16 16:00:00,ENTC,Software,Desktop,Medium,Tech_B,110.0,232,Resolved,No,5.0,8
T5980,2030-06-17 00:00:00,ENTC,Printer,Printer,Low,Tech_E,94.0,105,Escalated,No,5.0,4
T5981,2030-06-17 08:00:00,Accounts,Hardware,Desktop,Medium,Tech_B,78.0,219,Resolved,No,4.0,7
T5982,2030-06-17 16:00:00,Mechanical,Security,Server,High,Tech_D,92.0,269,Resolved,No,2.0,7
T5983,2030-06-18 00:00:00,Mechanical,Hardware,Laptop,High,Tech_B,39.0,262,Resolved,No,5.0,10
T5984,2030-06-18 08:00:00,Admin,Printer,Printer,Low,Tech_E,33.0,169,Resolved,Yes,1.0,9
T5985,2030-06-18 16:00:00,Accounts,Security,Laptop,High,Tech_C,42.0,241,Resolved,No,3.0,10
T5986,2030-06-19 00:00:00,ENTC,Hardware,Laptop,Medium,Tech_A,73.0,219,Resolved,Yes,1.0,8
T5987,2030-06-19 08:00:00,CSE,Hardware,Desktop,Low,Tech_E,28.0,144,Resolved,No,3.0,8
T5988,2030-06-19 16:00:00,Admin,Software,Server,Medium,Tech_A,23.0,153,Resolved,No,1.0,7
T5989,2030-06-20 00:00:00,CSE,Hardware,Laptop,High,Tech_B,50.0,232,Resolved,No,3.0,10
T5990,2030-06-20 08:00:00,Mechanical,Printer,Printer,Low,Tech_D,53.0,121,Resolved,No,5.0,5
T5991,2030-06-20 16:00:00,Admin,Network,Router,Medium,Tech_D,48.0,230,Resolved,Yes,1.0,9
T5992,2030-06-21 00:00:00,Admin,Network,Server,Medium,Tech_E,77.0,194,Resolved,No,4.0,7
T5993,2030-06-21 08:00:00,IT,Network,Router,Medium,Tech_B,30.0,119,Escalated,No,4.0,3
T5994,2030-06-21 16:00:00,Mechanical,Printer,Printer,Low,Tech_B,29.0,85,Pending,No,2.0,6
T5995,2030-06-22 00:00:00,Mechanical,Network,Router,Medium,Tech_A,39.0,154,Escalated,No,2.0,3
T5996,2030-06-22 08:00:00,Accounts,Software,Laptop,Medium,Tech_B,118.0,234,Escalated,No,2.0,6
T5997,2030-06-22 16:00:00,Admin,Printer,Printer,Medium,Tech_C,40.0,177,Resolved,No,1.0,8
T5998,2030-06-23 00:00:00,Mechanical,Security,Server,High,Tech_D,18.0,231,Resolved,No,3.0,9
T5999,2030-06-23 08:00:00,Admin,Printer,Printer,Low,Tech_C,60.0,97,Resolved,No,2.0,2
T6000,2030-06-23 16:00:00,Accounts,Printer,Printer,Medium,Tech_C,10.0,130,Resolved,No,5.0,6
